company,title,priority,category,season,locations,sponsorship,date_posted,date_updated,first_seen,applicants,active,url,source
Flint,Engineering Intern - Summer 2027,swe,Software,Summer 2027,SF,Other,2026-09-26,2026-09-26,2026-09-26,,1,https://jobs.ashbyhq.com/flint/39f9e665-7037-4dff-b77a-ff7039df2bfc/application?embed=true,Simplify
Moment Energy,Data Scientist Co-op,data,AI/ML/Data,Winter 2027,"Surrey, BC, Canada",Other,2026-09-26,2026-09-26,2026-09-26,,1,https://job-boards.greenhouse.io/momentenergy/jobs/4421775009,Simplify
GovSignals,Engineering Intern,swe,Software,Fall 2026,Remote in USA,Other,2026-09-26,2026-09-26,2026-09-26,,1,https://jobs.ashbyhq.com/GovSignals/e894290c-3263-424e-b7a4-8dcc32ca8ca9/application?embed=true,Simplify
Waymo,Perception Intern - Multiple Teams,data,AI/ML/Data,Summer 2027,"Mountain View, CA",Other,2026-09-26,2026-09-26,2026-09-26,,1,https://careers.withwaymo.com/jobs?gh_jid=8227411,Simplify
Tesla,Mobile Application Software Engineer Intern - Energy Engineering,swe,Software,Winter 2027,"Palo Alto, CA",Other,2026-09-26,2026-09-26,2026-09-26,,1,https://www.tesla.com/careers/search/job/284776,Simplify
Atlassian,Research Intern,data,AI/ML/Data,Summer 2027,"Seattle, WA",Other,2026-09-26,2026-09-26,2026-09-26,,1,https://campus-americas.icims.com/jobs/26270/research-intern%2c-2027-summer-u.s./job,Simplify
Waymo,"2027 Summer Intern, MS/PhD, Perception, Machine Learning",data,,,"Mountain View, CA, USA",,2026-09-25,2026-09-25,2026-09-25,,1,https://careers.withwaymo.com/jobs?gh_jid=8227411,greenhouse:waymo
Red Ventures,Data Science Intern - Launch Program,data,AI/ML/Data,Summer 2027,"Charlotte, NC",Other,2026-09-25,2026-09-25,2026-09-25,,1,https://www.redventures.com/careers/positions/open?gh_jid=8233284,Simplify
GCM Grosvenor,Fund Data Reporting and Analytics Intern,data,AI/ML/Data,Summer 2027,"Chicago, IL",Other,2026-09-25,2026-09-25,2026-09-25,,1,https://job-boards.greenhouse.io/gcmgrosvenor/jobs/8003490003,Simplify
Rivian and Volkswagen Group Technologies,Embedded Systems Software Engineering Intern - January - August 2027,swe,Hardware,Winter 2027,"Champaign, IL",Other,2026-09-25,2026-09-25,2026-09-25,,1,https://jobs.ashbyhq.com/rivianvw.tech/f421a524-72da-4dd6-a549-bbee9e98622e/application?embed=true,Simplify
Metropolitan Transportation Authority,Software Analyst / Developer Intern,swe,Software,Fall 2026,NYC,Other,2026-09-25,2026-09-25,2026-09-25,,1,https://jobs.jobvite.com/metropolitantransportationauthority/job/o4WRAfwb?nl=1&nl=1&fr=false,Simplify
Metropolitan Transportation Authority,Software Analyst / Developer Intern - Fall,swe,Software,Fall 2026,NYC,Other,2026-09-25,2026-09-25,2026-09-25,,1,https://jobs.jobvite.com/metropolitantransportationauthority/job/o6WRAfwd?nl=1&nl=1&fr=false,Simplify
Western National Insurance,Data Engineering Intern - Data & Integrations,data,AI/ML/Data,Summer 2027,"Edina, MN",Other,2026-09-25,2026-09-25,2026-09-25,,1,https://recruiting.paylocity.com/Recruiting/Jobs/Details/4537849,Simplify
Intuit,Software Developer Co-op,swe,Software,Winter 2027,"Toronto, ON, Canada",Other,2026-09-25,2026-09-25,2026-09-25,,1,https://jobs.intuit.com/job/toronto/winter-2027-software-developer-co-op-4-or-8-months/27595/101130613680,Simplify
Waymo,Software Engineer Intern - MS/PhD - Systems Intelligence & Machine Learning,swe,AI/ML/Data,Summer 2027,"Mountain View, CA",Other,2026-09-25,2026-09-25,2026-09-25,,1,https://careers.withwaymo.com/jobs?gh_jid=8233746,Simplify
Bedrock Robotics,State Estimation Intern - Learned Mapping & Semantic SLAM,data,AI/ML/Data,Summer 2027,SF,Other,2026-09-25,2026-09-25,2026-09-25,,1,https://jobs.ashbyhq.com/bedrock-robotics/8c7bad61-50e3-4702-be36-72e9b72a9760/application?embed=true,Simplify
Bedrock Robotics,Safety Engineer Intern - Agentic Safety Case Assessment,swe,Software,Summer 2027,SF,Other,2026-09-25,2026-09-25,2026-09-25,,1,https://jobs.ashbyhq.com/bedrock-robotics/cb06dc4f-3e78-4546-897d-b39ba12a9178/application?embed=true,Simplify
Waymo,Software Engineer Intern - Driver Refinement Foundations,swe,Software,Summer 2027,"Mountain View, CA",Other,2026-09-25,2026-09-25,2026-09-25,,1,https://careers.withwaymo.com/jobs?gh_jid=8224900,Simplify
Waymo,Software Engineering Intern - MS/PhD - Sys Intel & ML,swe,Software,Summer 2027,"Mountain View, CA",Other,2026-09-25,2026-09-25,2026-09-25,,1,https://careers.withwaymo.com/jobs?gh_jid=8234161,Simplify
Waymo,Systems Engineer Intern - Autonomous Vehicle Networks & Diagnostics,swe,Software,Summer 2027,"Mountain View, CA",Other,2026-09-25,2026-09-25,2026-09-25,,1,https://careers.withwaymo.com/jobs?gh_jid=8231711,Simplify
Johns Hopkins Applied Physics Laboratory,Artificial Intelligence and Machine Learning Intern - Research Assistant,data,AI/ML/Data,Summer 2027,"Laurel, MD",Other,2026-09-25,2026-09-25,2026-09-25,,1,https://careers.jhuapl.edu/jobs/60084?icims=1,Simplify
Nokia,Operations Analytics Co-op Intern - Intern,data,AI/ML/Data,Spring 2027,"Ottawa, ON, Canada",Other,2026-09-25,2026-09-25,2026-09-25,,1,https://fa-evmr-saasfaprod1.fa.ocs.oraclecloud.com/hcmUI/CandidateExperience/en/sites/CX_1/job/40261,Simplify
DoorDash,Machine Learning Engineer Intern - Masters,data,AI/ML/Data,Summer 2027,"Seattle, WA, SF, NYC, Sunnyvale, CA",Other,2026-09-25,2026-09-25,2026-09-25,,1,https://job-boards.greenhouse.io/doordashusa/jobs/8204111,Simplify
Daktronics,Analyst Student,data,AI/ML/Data,N/A,Remote in USA,Other,2026-09-25,2026-09-25,2026-09-25,,1,https://careers-daktronics.icims.com/jobs/7577/job?mobile=true&needsRedirect=false,Simplify
DoorDash,Machine Learning Intern - PhD,data,AI/ML/Data,Summer 2027,"Seattle, WA, SF, NYC, Sunnyvale, CA",Other,2026-09-25,2026-09-25,2026-09-25,,1,https://job-boards.greenhouse.io/doordashusa/jobs/8233953,Simplify
Charles Schwab,Model Risk Governance & Validation Intern,quant,Quant,Summer 2027,"Southlake, TX",Other,2026-09-25,2026-09-25,2026-09-25,,1,https://career-schwab.icims.com/jobs/126262/job?mobile=true&needsRedirect=false,Simplify
Kinaxis,Developer Intern - Back End Technologies,swe,Software,Winter 2027,"Ottawa, ON, Canada",Other,2026-09-25,2026-09-25,2026-09-25,,1,https://careers-kinaxis.icims.com/jobs/35372/job?mobile=true&needsRedirect=false,Simplify
Atlassian,Data Scientist Intern,data,AI/ML/Data,Summer 2027,"Seattle, WA",Other,2026-09-25,2026-09-25,2026-09-25,,1,https://campus-americas.icims.com/jobs/26271/data-scientist-intern%2c-2027-summer-u.s./job,Simplify
TRC Companies,GIS Intern,data,AI/ML/Data,Summer 2027,"Seattle, WA, Houston, TX, Lakewood, CO, Raleigh, NC, Chicago, IL, Phoenix, AZ",Other,2026-09-25,2026-09-25,2026-09-25,,1,https://careers.trccompanies.com/jobs/26961?icims=1,Simplify
TRC Companies,Advanced Energy Intern,data,AI/ML/Data,Summer 2027,"Seattle, WA",Other,2026-09-25,2026-09-25,2026-09-25,,1,https://careers.trccompanies.com/jobs/26950?icims=1,Simplify
AbbVie,Business Technology Solutions Intern - Data & Software Engineering,swe,Software,Summer 2027,"Irvine, CA",Other,2026-09-25,2026-09-25,2026-09-01,,1,https://jobs.smartrecruiters.com/AbbVie/3743990015684476,Simplify
RRS Group,Associate Software Engineer Intern - Sophomore Only,swe,Software,Summer 2027,SF,Other,2026-09-25,2026-09-25,2026-09-25,,1,https://jobs.smartrecruiters.com/RRSGroup/744000151931819,Simplify
Waymo,"2027 Summer Intern, MS/PhD, Software Engineering, Sys Intel & ML",swe,,,"Mountain View, CA, USA",,2026-09-25,2026-09-25,2026-09-25,,1,https://careers.withwaymo.com/jobs?gh_jid=8234161,greenhouse:waymo
Waymo,"2027 Summer Intern, MS/PhD, Software Engineer, Sys Intel & Machine Learning",swe,,,"Mountain View, CA, USA",,2026-09-25,2026-09-25,2026-09-25,,1,https://careers.withwaymo.com/jobs?gh_jid=8233746,greenhouse:waymo
Waymo,"2027 Summer Intern, MS/PhD, Systems Engineer, Autonomous Vehicle Networks & Diagnostics",swe,,,"Mountain View, CA, USA ",,2026-09-25,2026-09-25,2026-09-25,,1,https://careers.withwaymo.com/jobs?gh_jid=8231711,greenhouse:waymo
Waymo,"2027 Summer Intern, BS, Software Engineer, Driver Refinement Foundations",swe,,,"Mountain View, CA, USA",,2026-09-25,2026-09-25,2026-09-25,,1,https://careers.withwaymo.com/jobs?gh_jid=8224900,greenhouse:waymo
DoorDash USA,Machine Learning Intern (PhD) - Summer 2027,data,,,"San Francisco, CA;  Sunnyvale, CA ; New York City, NY; Seattle, WA",,2026-09-25,2026-09-25,2026-09-25,,1,https://job-boards.greenhouse.io/doordashusa/jobs/8233953,greenhouse:doordashusa
Cadillac Formula 1 Team,Race Strategy Intern,data,AI/ML/Data,N/A,"Silverstone, Towcester, UK",Other,2026-09-25,2026-09-25,2026-09-25,,1,https://apply.workable.com/cadillacf1team/j/E61499FF7A/apply,Simplify
Johns Hopkins Applied Physics Laboratory,Space Exploration Software Engineer Intern - Embedded Applications,swe,Hardware,Summer 2027,"Laurel, MD",Other,2026-09-25,2026-09-25,2026-09-25,,1,https://careers.jhuapl.edu/jobs/60223?icims=1,Simplify
Lutron Electronics,Software Engineering Co-op,swe,Software,Summer 2027,"Philadelphia, PA",Other,2026-09-25,2026-09-25,2026-09-25,,1,https://careers.lutron.com/jobs/5616?icims=1,Simplify
First Citizens BancShares,IT Intern - Software Developer,swe,Software,Summer 2027,"Raleigh, NC",Other,2026-09-25,2026-09-25,2026-09-25,,1,https://firstcitizens.jibeapply.com/jobs/35709?icims=1,Simplify
Bluestaq,Software Engineering Resident - Multiple Teams,swe,Software,Winter 2027,"Colorado Springs, CO",Other,2026-09-25,2026-09-25,2026-09-25,,1,https://job-boards.greenhouse.io/bluestaq/jobs/4420189009,Simplify
Snowflake,Software Engineer Intern - Database Engineering,swe,Software,Spring 2027,"Menlo Park, CA, Bellevue, WA",Other,2026-09-25,2026-09-25,2026-09-25,,1,https://jobs.ashbyhq.com/snowflake/7bd393df-67d7-4009-ba4f-1cd79a82b0be/application?embed=true,Simplify
Snowflake,Software Engineer Intern,swe,Software,Spring 2027,"Menlo Park, CA, Bellevue, WA",Other,2026-09-25,2026-09-25,2026-09-25,,1,https://jobs.ashbyhq.com/snowflake/4be290ae-dd9d-488c-9d90-56fcd69101ca/application?embed=true,Simplify
Snowflake,"Software Engineer Intern - Core, Infrastructure & Security",swe,Software,Spring 2027,"Menlo Park, CA, Bellevue, WA",Other,2026-09-25,2026-09-25,2026-09-25,,1,https://jobs.ashbyhq.com/snowflake/5315b6f6-2c14-4cb9-a884-c2bae69f2c69/application?embed=true,Simplify
Electronic Arts,Gameplay Engineer Intern,swe,Software,Summer 2027,LA,Other,2026-09-25,2026-09-25,2026-09-25,,1,https://jobs.ea.com/en_US/careers/JobDetail/Gameplay-Engineer-Intern/216245,Simplify
Intuitive Surgical,AI Research Intern,data,AI/ML/Data,Winter 2027,"Sunnyvale, CA",Other,2026-09-25,2026-09-25,2026-09-25,,1,https://jobs.smartrecruiters.com/Intuitive/744000151714759,Simplify
FOX,Internship Program - Data Analytics,data,AI/ML/Data,Spring 2027,NYC,Other,2026-09-25,2026-09-25,2026-09-25,,1,https://fox.wd1.myworkdayjobs.com/Domestic/job/New-York-New-York-USA/Spring-2027-FOX-News-Media-Internship-Program---Data-Analytics---New-York_R50033950,Simplify
Haleon,Data & Governance Industrial Placement,data,AI/ML/Data,N/A,"London, UK",Other,2026-09-25,2026-09-25,2026-09-25,,1,https://gsknch.wd3.myworkdayjobs.com/GSKCareers/job/London-Bankside/Data---Governance-Industrial-Placement--2027--London--UK_547610,Simplify
Capital Group,Data & Technology Summer Associate - Capital Group Rotational Program,data,AI/ML/Data,Summer 2027,"London, UK",Other,2026-09-25,2026-09-25,2026-09-25,,1,https://capgroup.wd1.myworkdayjobs.com/en-US/capitalgroupcareers/job/London/CAMPUS--Capital-Group-Rotational-Program---Data---Tech-Track-Summer-Associate--London--2027-_JR7451,Simplify
Royal Bank of Canada,Capital Markets Analyst Intern,swe,Software,Winter 2027,"Toronto, ON, Canada",Other,2026-09-25,2026-09-25,2026-09-25,,1,https://rbc.wd3.myworkdayjobs.com/ExternalPrivatePostingStudents/job/TORONTO-Ontario-Canada/XMLNAME-2027-Capital-Markets--AidenEdge-Program-Winter-Analyst--4-Months-_R-0000187318-2,Simplify
Greenheck Group,Application Developer Co-op,swe,Software,Summer 2027,"Schofield, WI",Other,2026-09-25,2026-09-25,2026-09-25,,1,https://greenheckgroup.wd5.myworkdayjobs.com/external/job/Schofield-WI/Application-Developer-Co-op_JR104721,Simplify
Rockwell Automation,AI Software Engineering Co-op - 6 months - 8 months,swe,Software,Summer 2027,"Mayfield Heights, OH, Milwaukee, WI",Other,2026-09-25,2026-09-25,2026-09-25,,1,https://rockwellautomation.wd1.myworkdayjobs.com/External-Rockwell-Automation-Early-Careers/job/Mayfield-Heights-Ohio-United-States/Co-op--AI-Software-Engineering--6-8-months-_R26-6982,Simplify
Northwestern Mutual,Actuarial Systems Intern,swe,Software,Summer 2027,"Milwaukee, WI",Other,2026-09-25,2026-09-25,2026-09-25,,1,https://northwesternmutual.wd5.myworkdayjobs.com/corporate-careers/job/Milwaukee-WI-Corporate/Actuarial-Systems-Intern--Summer-2027_JR-46073,Simplify
ICF International,Data Scientist Intern,data,AI/ML/Data,Summer 2027,"Remote in USA, Reston, VA, Denver, CO",Other,2026-09-25,2026-09-25,2026-09-25,,1,https://icf.wd5.myworkdayjobs.com/icfexternal_career_site/job/Reston-VA/XMLNAME-2027-Summer-Intern--Data-Scientist--Reston--VA--Denver--CO--Remote-_R2603252,Simplify
RTX,Software Engineer Intern - Summer 2027,swe,Software,Summer 2027,"West Valley City, UT",Other,2026-09-25,2026-09-25,2026-09-01,,1,https://globalhr.wd5.myworkdayjobs.com/rec_rtx_ext_gateway/job/US-UT-WEST-VALLEY-CITY-338--1127--1128-w-2400-S--BLDG-338/Software-Engineering-Intern--Summer-2027-_01875358,Simplify
Intel,Software Research Intern - PhD,swe,Software,Summer 2027,"Hillsboro, OR",Other,2026-09-25,2026-09-25,2026-09-25,,1,https://intel.wd1.myworkdayjobs.com/en-us/external/job/US-Oregon-Hillsboro/Software-Solutions-PhD-Intern-New-2027_JR0287314,Simplify
Intel,System Software Engineer PhD Intern - Intel Foundry - LTD CMT Litho Tools,swe,Software,Summer 2027,"Hillsboro, OR",Other,2026-09-25,2026-09-25,2026-09-25,,1,https://intel.wd1.myworkdayjobs.com/en-us/external/job/US-Oregon-Hillsboro/System-Software-Engineering---PhD-Intern_JR0287457,Simplify
Cencora,Software Intern,swe,Software,Summer 2027,Remote in USA,Other,2026-09-25,2026-09-25,2026-09-25,,1,https://myhrabc.wd5.myworkdayjobs.com/Global/job/Remote-USA/Software-Intern_R2613763,Simplify
Rockwell Automation,AI Software Engineer Intern,swe,Software,Summer 2027,"Mayfield Heights, OH, Milwaukee, WI",Other,2026-09-25,2026-09-25,2026-09-25,,1,https://rockwellautomation.wd1.myworkdayjobs.com/External-Rockwell-Automation-Early-Careers/job/Mayfield-Heights-Ohio-United-States/Intern--AI-Software-Engineering--June-August-2027-_R26-6980,Simplify
Pacific Life,Software Engineering Intern,swe,Software,Summer 2027,"Newport Beach, CA",Other,2026-09-25,2026-09-25,2026-09-25,,1,https://pacificlife.wd1.myworkdayjobs.com/en-US/PacificLifeCareers/job/Newport-Beach-CA-700/Summer-2027-Software-Engineering-Internship_R17826,Simplify
Pacific Life,Data Engineering Intern,data,AI/ML/Data,Summer 2027,"Newport Beach, CA",Other,2026-09-25,2026-09-25,2026-09-25,,1,https://pacificlife.wd1.myworkdayjobs.com/en-US/PacificLifeCareers/job/Newport-Beach-CA-700/Summer-2027-Data-Engineering-Internship_R17828,Simplify
American Century Investments,Software Developer Intern,swe,Software,Summer 2027,"Kansas City, MO",Other,2026-09-25,2026-09-25,2026-09-25,,1,https://americancentury.wd5.myworkdayjobs.com/AmericanCenturyInvestments/job/Kansas-City-Missouri/Software-Developer-Intern_R0005749-1,Simplify
American Century Investments,Enterprise Data Intern,data,AI/ML/Data,Summer 2027,"Southlake, TX, Kansas City, MO",Other,2026-09-25,2026-09-25,2026-09-25,,1,https://americancentury.wd5.myworkdayjobs.com/AmericanCenturyInvestments/job/Kansas-City-Missouri/Enterprise-Data-Intern_R0005751,Simplify
Cerity Partners,Investment Data & Technology Intern - Central Solutions,data,AI/ML/Data,Summer 2027,NYC,Other,2026-09-25,2026-09-25,2026-09-25,,1,https://ceritypartners.wd12.myworkdayjobs.com/ceritypartnerscareers/job/New-York-City-NY/Investment-Data---Technology-Analyst-Internship_R929,Simplify
The Aerospace Corporation,Software Systems Engineer Intern - Acquisition,swe,Software,Summer 2027,"Chantilly, VA, El Segundo, CA",Other,2026-09-25,2026-09-26,2026-09-26,,1,https://aero.wd5.myworkdayjobs.com/external/job/El-Segundo-CA/XMLNAME-2027-Software-Systems-Engineer-and-Acquisition-Intern_R016431,Simplify
Florida Atlantic University,Student Web Developer - Research Computing Systems Administration,swe,Software,N/A,"Boca Raton, FL",Other,2026-09-25,2026-09-25,2026-09-26,,1,https://fau.wd1.myworkdayjobs.com/FAU/job/Boca-Raton/SSERCA-Student-Web-Developer_REQ22952,Simplify
Mill,Computer Vision Intern - Multiple Teams,data,AI/ML/Data,N/A,"San Bruno, CA",Other,2026-09-24,2026-09-24,2026-09-25,,1,https://job-boards.greenhouse.io/mill/jobs/4737741005,Simplify
Waymo,Intern - Multiple Teams,data,AI/ML/Data,Summer 2027,"Mountain View, CA",Other,2026-09-24,2026-09-24,2026-09-25,,1,https://careers.withwaymo.com/jobs?gh_jid=8227640,Simplify
DRW,Software Developer Intern,swe,Software,Summer 2027,"Chicago, IL",Other,2026-09-24,2026-09-24,2026-09-25,,1,https://job-boards.greenhouse.io/drwuniversityjobs/jobs/8220587,Simplify
Notion,Mobile Software Engineer Intern,swe,Software,Winter 2027,"SF, NYC",Other,2026-09-24,2026-09-24,2026-09-25,,1,https://jobs.ashbyhq.com/notion/2b587e66-deac-421a-a824-9415ba78b5a7/application?embed=true,Simplify
State Farm,Data Science Intern - Magnet Program,data,AI/ML/Data,Summer 2027,"Tempe, AZ",Other,2026-09-24,2026-09-24,2026-09-25,,1,https://jobs.statefarm.com/jobs/46353?icims=1,Simplify
Boston Scientific,Software Development Engineer Intern,swe,Software,Summer 2027,"Waltham, MA",Other,2026-09-24,2026-09-24,2026-09-25,,1,https://bostonscientific.eightfold.ai/careers/job/563602813567960,Simplify
Boston Scientific,Software Development Engineer Co-op,swe,Software,Summer 2027,"Waltham, MA",Other,2026-09-24,2026-09-24,2026-09-25,,1,https://bostonscientific.eightfold.ai/careers/job/563602813567963,Simplify
Boston Scientific,Software Engineer Intern - R&D,swe,Software,Summer 2027,"Arden Hills, MN",Other,2026-09-24,2026-09-24,2026-09-25,,1,https://bostonscientific.eightfold.ai/careers/job/563602813542900,Simplify
Lazard,AI and Data Transformation Intern,swe,Software,Summer 2027,NYC,Other,2026-09-24,2026-09-24,2026-09-25,,1,https://icbpjb.fa.ocs.oraclecloud.com/hcmUI/CandidateExperience/en/sites/LazardProfessionalCareers/job/6650,Simplify
PathAI,Machine Learning Intern/Co-op,data,AI/ML/Data,Fall 2026,"Boston, MA, Remote in USA, NYC",Other,2026-09-24,2026-09-24,2026-09-25,,1,https://www.pathai.com/careers/8843495002?gh_jid=8843495002,Simplify
Tradeweb,Quantitative Intern,quant,Quant,Summer 2027,NYC,Other,2026-09-24,2026-09-24,2026-09-25,,1,https://ecnf.fa.us2.oraclecloud.com/hcmUI/CandidateExperience/en/sites/CX/job/301931,Simplify
Astranis,Software Developer Associate - Network Software,swe,Software,N/A,SF,Other,2026-09-24,2026-09-24,2026-09-24,,1,https://job-boards.greenhouse.io/astranis/jobs/4705617006,Simplify
Astranis,Software Developer – Network Software Intern,swe,Software,Winter 2027,SF,Other,2026-09-24,2026-09-24,2026-09-24,,1,https://job-boards.greenhouse.io/astranis/jobs/4705599006,Simplify
Astranis,Network Software Intern,swe,Software,Summer 2027,SF,Other,2026-09-24,2026-09-24,2026-09-24,,1,https://job-boards.greenhouse.io/astranis/jobs/4705597006,Simplify
Corning,Measurements Engineering Intern - Summer 2027,data,AI/ML/Data,Summer 2027,"Corning, NY",Other,2026-09-24,2026-09-24,2026-09-24,,1,"https://corningjobs.corning.com/job/Corning-Intern,-Measurements-Summer-2027-NY-14831/1433453700/?ats=successfactors",Simplify
CHS,Data Analyst Intern,data,AI/ML/Data,Summer 2027,"Inver Grove Heights, MN",Other,2026-09-24,2026-09-24,2026-09-24,,1,https://careers.chsinc.com/job/Inver-Grove-Heights-Data-Analyst-Intern-MN-55077-1721/1433568700/?ats=successfactors,Simplify
Notion,"Software Engineer Intern, Mobile (Winter 2027)",swe,,,"San Francisco, California",,2026-09-24,2026-09-24,2026-09-24,,1,https://jobs.ashbyhq.com/notion/2b587e66-deac-421a-a824-9415ba78b5a7,ashby:notion
Waymo,"2027 Summer Intern, PhD, Software Engineer, Simulation",swe,,,"Mountain View, CA, USA",,2026-09-24,2026-09-24,2026-09-24,,1,https://careers.withwaymo.com/jobs?gh_jid=8227640,greenhouse:waymo
Enterprise Holdings,Data Engineer Intern - IT,data,AI/ML/Data,Summer 2027,"St. Louis, MO",Other,2026-09-24,2026-09-24,2026-09-24,,1,https://us-erac.icims.com/jobs/567651/job?mobile=true&needsRedirect=false,Simplify
Arconic,Software Developer Intern,swe,Software,Summer 2027,"Davenport, IA",Other,2026-09-24,2026-09-24,2026-09-24,,1,https://hdnn.fa.us6.oraclecloud.com/hcmUI/CandidateExperience/en/sites/CX/job/114233,Simplify
Tesla,Software Engineer Industrial Firmware Intern - Energy Engineering,swe,Hardware,Winter 2027,"Palo Alto, CA",Other,2026-09-24,2026-09-24,2026-09-24,,1,https://www.tesla.com/careers/search/job/284448,Simplify
ByteDance,Student Researcher Intern - Seed Model - Seed Responsible AI,data,AI/ML/Data,N/A,"San Jose, CA",Other,2026-09-24,2026-09-24,2026-09-24,,1,https://jobs.bytedance.com/en/position/7688841262493485365/detail,Simplify
Ramp,"Software Engineering Intern, iOS",swe,,,"New York, NY (HQ)",,2026-09-24,2026-09-24,2026-09-24,,1,https://jobs.ashbyhq.com/ramp/b66be397-240b-41a6-9b05-493299b270a9,ashby:ramp
Ramp,"Software Engineering Intern, Android",swe,,,"New York, NY (HQ)",,2026-09-24,2026-09-24,2026-09-24,,1,https://jobs.ashbyhq.com/ramp/fcf118cc-521a-4a62-9d13-945e5b6e3cb8,ashby:ramp
Ramp,"Software Engineer Internship, Frontend",swe,,,"New York, NY (HQ)",,2026-09-24,2026-09-24,2026-09-24,,1,https://jobs.ashbyhq.com/ramp/a13ae586-f4cb-4385-8822-c42b9b54ed74,ashby:ramp
DoorDash USA,Machine Learning Intern (Masters) - Summer 2027,data,,,"San Francisco, CA;  Sunnyvale, CA ; New York City, NY; Seattle, WA",,2026-09-24,2026-09-24,2026-09-25,,1,https://job-boards.greenhouse.io/doordashusa/jobs/8204111,greenhouse:doordashusa
Cenovus Energy,Information Technology Student - Data Science and Software,swe,AI/ML/Data,N/A,"Calgary, AB, Canada",Other,2026-09-24,2026-09-24,2026-09-24,,1,https://cenovus.wd3.myworkdayjobs.com/careers/job/CA-AB-Calgary/Student--IT--Data-Science-and-Software--Calgary--May-2027-_R-411145,Simplify
Brevan Howard,Systematic Trading Intern - Systematic Trading,quant,Quant,Summer 2027,"London, UK",Other,2026-09-24,2026-09-24,2026-09-24,,1,https://wd3.myworkdaysite.com/recruiting/brevanhoward/BH_ExternalCareers/job/London/XMLNAME-2027-Summer-Internship-Program---Systematic-Trading--London_JR101619,Simplify
Ciena,Software Intern - WaveLogic,swe,Hardware,Summer 2027,"Atlanta, GA",Other,2026-09-24,2026-09-24,2026-09-24,,1,https://ciena.wd5.myworkdayjobs.com/Careers/job/Atlanta/WaveLogic-Software-Intern-Spring-2027_R031692,Simplify
Prairie View A&M University,Graduate Assistant - Accreditation and Quality Improvement,data,AI/ML/Data,N/A,"Prairie View, TX",Other,2026-09-24,2026-09-24,2026-09-24,,1,https://tamus.wd1.myworkdayjobs.com/pvamu_external/job/Prairie-View-TX/Graduate-Assistant---Non-Teaching----Accreditation-and-Quality-Improvement_R-097442,Simplify
Manulife Financial,Grit Co-op,data,AI/ML/Data,Winter 2027,"Toronto, ON, Canada",Other,2026-09-24,2026-09-24,2026-09-25,,1,https://manulife.wd3.myworkdayjobs.com/en-US/MFCJH_Jobs/job/Toronto-Ontario/Winter-Co-op-2027---GRIT_JR26080515,Simplify
Motorola,CPE Software End-to-End Triage Intern - Summer 2027,swe,Software,Summer 2027,"Plantation, FL",Other,2026-09-24,2026-09-24,2026-09-25,,1,https://motorolasolutions.wd5.myworkdayjobs.com/Careers/job/Plantation-FL/CPE-SW-E2E-Triage-Intern---Summer-2027_R68165,Simplify
Biogen,Data Science & AI Co-op - Portfolio Data & Digital Innovation,data,AI/ML/Data,Winter 2027,Remote in USA,Other,2026-09-24,2026-09-24,2026-09-25,,1,https://biibhr.wd3.myworkdayjobs.com/external/job/Remote-USA/Co-op--Data-Science---AI-Innovation_REQ24209,Simplify
Motorola,Software Engineer Intern - Summer 2027,swe,Software,Summer 2027,"Plantation, FL",Other,2026-09-24,2026-09-24,2026-09-25,,1,https://motorolasolutions.wd5.myworkdayjobs.com/Careers/job/Plantation-FL/Software-Engineering-Intern---Summer-2027_R69136,Simplify
Royal Bank of Canada,Quantum Technologies Intern,quant,Quant,Winter 2027,"Toronto, ON, Canada",Other,2026-09-24,2026-09-24,2026-09-25,,1,https://rbc.wd3.myworkdayjobs.com/rbcglobal1/job/TORONTO-Ontario-Canada/XMLNAME-2027-Winter-Student-Opportunities-Technology---Operations---Quantum-Computing-Specialist--8-Months_R-0000188860,Simplify
Revantage Corporate Services,Quantitative Developer Intern,quant,Quant,Summer 2027,"Remote in USA, Illinois",Other,2026-09-24,2026-09-24,2026-09-25,,1,https://revantage.wd1.myworkdayjobs.com/Revantage/job/Remote---Illinois/Quantitative-Developer-Intern_JR104315,Simplify
Ciena,Software Intern,swe,Hardware,Summer 2027,"Atlanta, GA",Other,2026-09-24,2026-09-24,2026-09-25,,1,https://ciena.wd5.myworkdayjobs.com/Careers/job/Atlanta/WaveLogic-Software-Intern--Summer-2027-_R031695,Simplify
Royal Bank of Canada,Quantum Technologies Intern - 8 Months,quant,Quant,Winter 2027,"Toronto, ON, Canada",Other,2026-09-24,2026-09-24,2026-09-25,,1,https://rbc.wd3.myworkdayjobs.com/RBCEARLYTALENT1/job/TORONTO-Ontario-Canada/XMLNAME-2027-Winter-Student-Opportunities-Technology---Operations---Quantum-Computing-Specialist--8-Months_R-0000188860-1,Simplify
Radiance Technologies,Software Engineer Intern,swe,Software,Summer 2027,"Dayton, OH",Other,2026-09-24,2026-09-24,2026-09-25,,1,https://radiancetech.wd12.myworkdayjobs.com/Radiance_External/job/Dayton-Office/Software-Engineer-Intern-Spring-Summer-2027_HR102442,Simplify
Texas A&M University System,Graduate Assistant - Accreditation and Quality Improvement,data,AI/ML/Data,N/A,"Prairie View, TX",Other,2026-09-24,2026-09-24,2026-09-25,,1,https://tamus.wd1.myworkdayjobs.com/System-wide_External/job/Prairie-View-TX/Graduate-Assistant---Non-Teaching----Accreditation-and-Quality-Improvement_R-097442-2,Simplify
Radiance Technologies,"Modeling Engineer Intern - Analytics, Simulation Sciences, Mass",swe,Software,Summer 2027,"Beavercreek, OH",Other,2026-09-24,2026-09-24,2026-09-25,,1,https://radiancetech.wd12.myworkdayjobs.com/Radiance_External/job/Beavercreek-OH/XMLNAME-2027-Modeling--Analytics----Simulation-Sciences--MASS--Engineer-Intern_HR102440-1,Simplify
Radiance Technologies,Modeling Engineer Intern - Analytics - Simulation Sciences,swe,Software,Summer 2027,"Beavercreek, OH",Other,2026-09-24,2026-09-24,2026-09-25,,1,https://radiancetech.wd12.myworkdayjobs.com/Radiance_External/job/Beavercreek-OH/XMLNAME-2027-Modeling--Analytics----Simulation-Sciences--MASS--Engineer-Intern_HR102439,Simplify
Radiance Technologies,Modeling Engineer Intern - Analytics and Simulation Sciences,swe,Software,Summer 2027,"Beavercreek, OH",Other,2026-09-24,2026-09-24,2026-09-25,,1,https://radiancetech.wd12.myworkdayjobs.com/Radiance_External/job/Beavercreek-OH/XMLNAME-2027-Modeling--Analytics----Simulation-Sciences--MASS--Engineer-Intern_HR102438,Simplify
Radiance Technologies,Modeling Engineer Intern - Analytics & Simulation Sciences - Mass,swe,Software,Summer 2027,"Beavercreek, OH",Other,2026-09-24,2026-09-24,2026-09-25,,1,https://radiancetech.wd12.myworkdayjobs.com/Radiance_External/job/Beavercreek-OH/Modeling--Analytics----Simulation-Sciences--MASS--Engineer-Intern_HR102436,Simplify
Marathon Petroleum,Geographic Information Systems Intern/Co-op,data,AI/ML/Data,Summer 2027,"Tulsa, OK",Other,2026-09-24,2026-09-25,2026-09-25,,1,https://mpc.wd1.myworkdayjobs.com/en-US/MPCCareers/job/Tulsa-Oklahoma/Intern-Co-op---Midstream-Natural-Gas-and-NGL-Services-Geography-GIS--Summer-2027-_00024411,Simplify
LabCorp,Commercial Analytics Intern - ED/Chemistry Solutions Commercial Analytics Team,data,AI/ML/Data,Summer 2027,"Remote in USA, Milwaukee, WI",Other,2026-09-24,2026-09-25,2026-09-25,,1,https://labcorp.wd1.myworkdayjobs.com/external/job/USA----WI---Milwaukee---3727-W-Wisconsin-Avenue/Intern---Commercial-Analytics_2633615,Simplify
Waymo,Machine Learning Engineer Intern - Road Understanding,data,AI/ML/Data,Summer 2027,"Mountain View, CA",Other,2026-09-23,2026-09-23,2026-09-24,,1,https://careers.withwaymo.com/jobs?gh_jid=8224746,Simplify
Franklin Electric,Global Business Strategy Development Intern,data,AI/ML/Data,Summer 2027,"Fort Wayne, IN",Other,2026-09-23,2026-09-23,2026-09-24,,1,https://franklin-electric.pinpointhq.com/en/postings/a8e0afdd-63ce-4817-aaca-056018010f06?ats=pinpointhq,Simplify
Illinois Tool Works,Software Engineer Intern,swe,Software,Summer 2027,"Eden Prairie, MN",Other,2026-09-23,2026-09-23,2026-09-24,,1,https://careers.itw.com/global/en/job/JR10261,Simplify
Qumulo,Software Development Engineer Intern,swe,Software,Summer 2027,"Seattle, WA",Other,2026-09-23,2026-09-23,2026-09-24,,1,https://jobs.ashbyhq.com/qumulo/43855947-3a85-4d1c-8b8e-e0c0ddcaf183/application?embed=true,Simplify
Super,Data Analytics Intern,data,AI/ML/Data,Winter 2027,"Toronto, ON, Canada, Remote in Canada",Other,2026-09-23,2026-09-23,2026-09-04,,1,https://jobs.ashbyhq.com/super.com/3ee6ff20-3502-410b-bf24-71db02488986/application?embed=true,Simplify
Mackenzie Investments,Intern,data,AI/ML/Data,Winter 2027,"Toronto, ON, Canada",Other,2026-09-23,2026-09-23,2026-09-24,,1,https://careersen-mackenzieinvestments.icims.com/jobs/6014/job?mobile=true&needsRedirect=false,Simplify
AMD,AI Engineering Intern,swe,Software,Summer 2027,"Santa Clara, CA",Other,2026-09-23,2026-09-23,2026-09-24,,1,https://careers.amd.com/jobs/91005?icims=1,Simplify
AMD,ML Systems Research Engineering Intern,data,AI/ML/Data,Summer 2027,"Santa Clara, CA",Other,2026-09-23,2026-09-23,2026-09-24,,1,https://careers.amd.com/jobs/90993?icims=1,Simplify
Klaviyo,Machine Learning Engineer Intern,data,AI/ML/Data,Summer 2027,"Palo Alto, CA",Other,2026-09-23,2026-09-23,2026-09-24,,1,https://job-boards.greenhouse.io/klaviyocampus/jobs/7999274003,Simplify
West Bend Insurance,Data Scientist Intern,data,AI/ML/Data,Summer 2027,"Madison, WI, West Bend, WI",Other,2026-09-23,2026-09-23,2026-09-23,,1,https://careers-thesilverlining.icims.com/jobs/3785/job?mobile=true&needsRedirect=false,Simplify
West Bend Insurance,Data Solution Engineer Intern,data,AI/ML/Data,Summer 2027,"Madison, WI, West Bend, WI",Other,2026-09-23,2026-09-23,2026-09-23,,1,https://careers-thesilverlining.icims.com/jobs/3786/job?mobile=true&needsRedirect=false,Simplify
State Farm,Software Developer Intern - HR&D,swe,Software,Summer 2027,"Tempe, AZ, Dunwoody, GA, Richardson, TX, Bloomington, IL",Other,2026-09-23,2026-09-23,2026-09-23,,1,https://jobs.statefarm.com/jobs/45689?icims=1,Simplify
Ernst & Young,Assurance Intern - Data and Intelligence Delivery,data,AI/ML/Data,Winter 2027,"Salt Lake City, UT, Indianapolis, IN, Houston, TX, Des Moines, IA, Detroit, MI, Tampa, FL, Dallas, TX, Greenville, SC, St. Louis, MO, Alpharetta, GA, Phoenix, AZ, Atlanta, GA, Grandview Heights, OH",Other,2026-09-23,2026-09-23,2026-09-23,,1,https://eyglobal.yello.co/jobs/b62Iqxo_xKj_eGnRD4WuOw?job_board_id=c1riT--B2O-KySgYWsZO1Q,Simplify
Figma,Data Engineer Intern (2027),data,,,"San Francisco, CA • New York, NY",,2026-09-23,2026-09-23,2026-09-23,,1,https://boards.greenhouse.io/figma/jobs/6178851004?gh_jid=6178851004,greenhouse:figma
Waymo,"2027 Summer Intern, MS/PhD, Software Engineer",swe,,,"Mountain View, California",,2026-09-23,2026-09-23,2026-09-16,,1,https://careers.withwaymo.com/jobs?gh_jid=8224729,greenhouse:waymo
Waymo,"2027 Summer Intern, MS/PhD, Road Understanding, ML Engineer",data,,,"Mountain View, California",,2026-09-23,2026-09-23,2026-09-23,,1,https://careers.withwaymo.com/jobs?gh_jid=8224746,greenhouse:waymo
Zipline,Autonomy Intern,data,AI/ML/Data,Summer 2027,South SF,Other,2026-09-23,2026-09-23,2026-09-23,,1,https://www.zipline.com/open-roles/8002829003?gh_jid=8002829003,Simplify
Bedrock Robotics,Evaluation Engineer Intern - Metric Prototyping,data,AI/ML/Data,Summer 2027,SF,Other,2026-09-23,2026-09-23,2026-09-23,,1,https://jobs.ashbyhq.com/bedrock-robotics/07b55743-d5c4-4347-bfac-000821317b13/application?embed=true,Simplify
Ralliant,Research & Development Co-op,swe,Software,Spring 2027,"Fairport, NY",Other,2026-09-23,2026-09-23,2026-09-23,,1,https://ibwujb.fa.ocs.oraclecloud.com/hcmUI/CandidateExperience/en/sites/CX_1001/job/10635,Simplify
Ralliant,Research and Development Co-op,swe,Software,Summer 2027,"Fairport, NY",Other,2026-09-23,2026-09-23,2026-09-23,,1,https://ibwujb.fa.ocs.oraclecloud.com/hcmUI/CandidateExperience/en/sites/CX_1001/job/10637,Simplify
Waymo,Machine Learning Engineer Intern - MS/PhD - Simulator Realism Evaluation,data,AI/ML/Data,Summer 2027,SF,Other,2026-09-23,2026-09-23,2026-09-23,,1,https://careers.withwaymo.com/jobs?gh_jid=8214350,Simplify
AQR Capital Management,Machine Learning Research Associate Intern,quant,Quant,Summer 2027,"Greenwich, CT",Other,2026-09-23,2026-09-23,2026-09-23,,1,https://careers.aqr.com/jobs?gh_jid=8224708&gh_jid=8224708,Simplify
Vital Lyfe,Software Engineering Intern,swe,Software,Spring 2027,"Torrance, CA",Other,2026-09-23,2026-09-23,2026-09-23,,1,https://jobs.ashbyhq.com/vital-lyfe/c39b72aa-9ad5-43e7-a3fd-8ef2e152ee4b/application?embed=true,Simplify
Astranis,Backend Software Engineer Intern - Summer 2027,swe,Software,Summer 2027,SF,Other,2026-09-23,2026-09-23,2026-09-23,,1,https://job-boards.greenhouse.io/astranis/jobs/4705214006,Simplify
Astranis,Software Engineer Enterprise Systems Intern - Summer 2027,swe,Software,Summer 2027,SF,Other,2026-09-23,2026-09-23,2026-09-23,,1,https://job-boards.greenhouse.io/astranis/jobs/4705610006,Simplify
Astranis,Flight Software Intern,swe,Hardware,Winter 2027,SF,Other,2026-09-23,2026-09-23,2026-09-23,,1,https://job-boards.greenhouse.io/astranis/jobs/4704595006,Simplify
Astranis,Flight Software Intern - Summer 2027,swe,Hardware,Summer 2027,SF,Other,2026-09-23,2026-09-23,2026-09-23,,1,https://job-boards.greenhouse.io/astranis/jobs/4704598006,Simplify
Amazon,Quantum Applied Science Intern - Quantum Technologies team,quant,Hardware,Summer 2027,"Boston, MA, SF, Pasadena, CA, Santa Clara, CA",Other,2026-09-23,2026-09-23,2026-09-23,,1,https://amazon.jobs/en/jobs/10556930/2027-quantum-applied-science-internship-quantum-technologies-team,Simplify
Waymo,"2027 Summer Intern, MS/PhD, Machine Learning Engineer - Simulator Realism Evaluation",data,,,"San Francisco, California, United States",,2026-09-23,2026-09-23,2026-09-23,,1,https://careers.withwaymo.com/jobs?gh_jid=8214350,greenhouse:waymo
RTX,Factory Enablement Digital Engineer Co-op,data,AI/ML/Data,Summer 2027,"Cedar Rapids, IA",Other,2026-09-23,2026-09-23,2026-09-23,,1,https://globalhr.wd5.myworkdayjobs.com/rec_rtx_ext_gateway/job/US-IA-CEDAR-RAPIDS-105--400-Collins-Rd-NE--BLDG-105/Factory-Enablement-Digital-Engineer--Spring-Summer-Co-op-_01876474,Simplify
CACI,AI Systems Engineer Intern - Summer 2027,swe,AI/ML/Data,Summer 2027,"Annapolis Junction, MD, Fort Meade, MD",Other,2026-09-23,2026-09-23,2026-09-23,,1,https://caci.wd1.myworkdayjobs.com/external/job/Annapolis-Junction-MD-US/AI-Systems-Engineering-Intern----Summer-2027_332506,Simplify
Excellus BCBS,Healthcare Analytics Intern - Healthcare Analytics,data,AI/ML/Data,Summer 2027,"Rochester, NY, De Witt, NY, Utica, NY, Albany, NY, Binghamton, NY, Buffalo, NY",Other,2026-09-23,2026-09-23,2026-09-23,,1,https://lthc.wd1.myworkdayjobs.com/en-US/ExcellusBCBSCareers/job/Rochester/College-Intern---Summer-2027---Healthcare-Analytics_JR104059-2,Simplify
Excellus BCBS,Software Engineering Intern,swe,Software,Summer 2027,"Rochester, NY, De Witt, NY, Utica, NY, Albany, NY, Binghamton, NY, Buffalo, NY",Other,2026-09-23,2026-09-23,2026-09-23,,1,https://lthc.wd1.myworkdayjobs.com/en-US/ExcellusBCBSCareers/job/Rochester/College-Intern---Summer-2027---Software-Engineering--Multiple-Openings-Available-_JR104022-1,Simplify
Excellus BCBS,College Intern - Healthcare Statistical Analytics,data,AI/ML/Data,Summer 2027,"Rochester, NY, De Witt, NY, Utica, NY, Albany, NY, Binghamton, NY, Buffalo, NY",Other,2026-09-23,2026-09-23,2026-09-23,,1,https://lthc.wd1.myworkdayjobs.com/en-US/ExcellusBCBSCareers/job/Rochester/College-Intern---Summer-2027---Healthcare-Statistical-Analytics_JR104054-1,Simplify
Excellus BCBS,College Intern - Research Insights,data,AI/ML/Data,Summer 2027,"Rochester, NY, De Witt, NY, Utica, NY, Albany, NY, Binghamton, NY, Buffalo, NY",Other,2026-09-23,2026-09-23,2026-09-23,,1,https://lthc.wd1.myworkdayjobs.com/en-US/ExcellusBCBSCareers/job/Rochester/College-Intern---Summer-2027---Research-Insights_JR104048-2,Simplify
Excellus BCBS,College Intern - Mobile Software Engineering Team,swe,Software,Summer 2027,"Rochester, NY, De Witt, NY, Utica, NY, Albany, NY, Binghamton, NY, Buffalo, NY",Other,2026-09-23,2026-09-23,2026-09-23,,1,https://lthc.wd1.myworkdayjobs.com/en-US/ExcellusBCBSCareers/job/Rochester/College-Intern---Summer-2027---Mobile-Software-Engineering-Team_JR104025-3,Simplify
Excellus BCBS,College Intern - Data Governance & AI Governance,data,AI/ML/Data,Summer 2027,"Rochester, NY, De Witt, NY, Utica, NY, Albany, NY, Binghamton, NY, Buffalo, NY",Other,2026-09-23,2026-09-23,2026-09-23,,1,https://lthc.wd1.myworkdayjobs.com/en-US/ExcellusBCBSCareers/job/Rochester/College-Intern---Summer-2027---Data-Governance---AI-Governance_JR104033-1,Simplify
Excellus BCBS,College Intern - Records and Information Management,data,AI/ML/Data,Summer 2027,"Rochester, NY, De Witt, NY, Utica, NY, Albany, NY, Binghamton, NY, Buffalo, NY",Other,2026-09-23,2026-09-23,2026-09-23,,1,https://lthc.wd1.myworkdayjobs.com/en-US/ExcellusBCBSCareers/job/Rochester/College-Intern---Summer-2027---Records-and-Information-Management_JR104030-2,Simplify
Excellus BCBS,College Intern - Digital Analytics,data,AI/ML/Data,Summer 2027,"Rochester, NY, De Witt, NY, Utica, NY, Albany, NY, Binghamton, NY, Buffalo, NY",Other,2026-09-23,2026-09-23,2026-09-23,,1,https://lthc.wd1.myworkdayjobs.com/en-US/ExcellusBCBSCareers/job/Rochester/College-Intern---Summer-2027---Digital-Analytics_JR104050-2,Simplify
Neuberger Berman,Quantitative Analyst Intern,quant,Quant,Summer 2027,NYC,Other,2026-09-23,2026-09-23,2026-09-23,,1,https://nb.wd1.myworkdayjobs.com/en-US/NBCareers/job/New-York-NY/Quantitative-2027-Summer-Intern_R0012643,Simplify
The Federal Reserve System,Research Business Survey Intern,data,AI/ML/Data,Summer 2027,"Richmond, VA",Other,2026-09-23,2026-09-23,2026-09-23,,1,https://rb.wd5.myworkdayjobs.com/en-US/FRS/job/Richmond-VA/Federal-Reserve-Summer-2027-Research-Business-Survey-Internship_R-0000033218,Simplify
Entrust,Software Development Intern - Citizen Remote Identity Verification,swe,Software,Winter 2027,"Ottawa, ON, Canada",Other,2026-09-23,2026-09-23,2026-09-23,,1,https://entrust.wd1.myworkdayjobs.com/entrustcareers/job/Canada---Ottawa/Intern--Software-Development---Hybrid-in-Ottawa_R004360,Simplify
Entrust,Software Development Intern,swe,Software,Winter 2027,"Ottawa, ON, Canada",Other,2026-09-23,2026-09-23,2026-09-23,,1,https://entrust.wd1.myworkdayjobs.com/entrustcareers/job/Canada---Ottawa/XMLNAME--Intern---Software-Development----8-months---Hybrid-Ottawa_R004359,Simplify
Prairie View A&M University,Graduate Assistant Non-Teaching,data,AI/ML/Data,N/A,"Prairie View, TX",Other,2026-09-23,2026-09-23,2026-09-23,,1,https://tamus.wd1.myworkdayjobs.com/pvamu_external/job/Prairie-View-TX/Graduate-Assistant-Non-Teaching---Institutional-Research-and-Integrated-Data-Analytics_R-097449,Simplify
Jabil,Data Engineer Intern,data,AI/ML/Data,Summer 2027,"Tampa, FL, St. Petersburg, FL",Other,2026-09-23,2026-09-23,2026-09-24,,1,https://jabil.wd5.myworkdayjobs.com/Jabil_Careers/job/St-PetersburgTampa-FL/Data-Engineering-Intern_J2465581,Simplify
TC Energy,Work Management Capabilities & Platforms Intern,swe,Software,Summer 2027,"Houston, TX",Other,2026-09-23,2026-09-23,2026-09-24,,1,https://tcenergy.wd3.myworkdayjobs.com/CAREER_SITE_TC/job/Houston-Texas/Intern--Work-Management-Capabilities---Platforms_JR-10951,Simplify
Jabil,Operations Analytics & Reporting Intern,data,AI/ML/Data,Summer 2027,"Tampa, FL, St. Petersburg, FL",Other,2026-09-23,2026-09-23,2026-09-24,,1,https://jabil.wd5.myworkdayjobs.com/Jabil_Careers/job/St-PetersburgTampa-FL/Operations-Analytics---Reporting-Intern_J2465601,Simplify
Royal Bank of Canada,Data Engineer Co-op,data,AI/ML/Data,N/A,"Toronto, ON, Canada",Other,2026-09-23,2026-09-23,2026-09-24,,1,https://rbc.wd3.myworkdayjobs.com/RBCEARLYTALENT1/job/TORONTO-Ontario-Canada/XMLNAME-2027-CFO--Winter-Data-Engineer--8-months-_R-0000188584,Simplify
RTX,Engine Control System Simulation Developer Intern,swe,Software,Winter 2027,"Longueuil, QC, Canada",Other,2026-09-23,2026-09-23,2026-09-24,,1,https://globalhr.wd5.myworkdayjobs.com/rec_rtx_ext_gateway/job/CA-QC-LONGUEUIL-J01--1000-Blvd-Marie-Victorin--J01-BLDG/Stage---Hiver-2027---Dveloppeur-de-simulation-de-systmes-de-contrle-moteur---Internship---Winter-2027---Engine-Control-System-Simulation-Developer_01876605,Simplify
Royal Bank of Canada,Software Developer Co-op - Technology and Operations,swe,Software,N/A,"Toronto, ON, Canada",Other,2026-09-23,2026-09-23,2026-09-24,,1,https://rbc.wd3.myworkdayjobs.com/ExternalPrivatePostingStudents/job/TORONTO-Ontario-Canada/XMLNAME-2027-Winter-Student-Opportunities-Technology---Operations---Software-Developer--4-Months_R-0000184555-3,Simplify
NVIDIA,Research Intern - Electronic Design Automation,data,AI/ML/Data,Summer 2027,"Santa Clara, CA",Other,2026-09-23,2026-09-23,2026-09-24,,1,https://nvidia.wd5.myworkdayjobs.com/NVIDIAExternalCareerSite/job/US-CA-Santa-Clara/PhD-Research-Intern--Electronic-Design-Automation---2027_JR2026471,Simplify
Symbotic,Robot Perception Co-op,data,AI/ML/Data,Spring 2027,"Wilmington, MA",Other,2026-09-23,2026-09-23,2026-09-24,,1,https://symbotic.wd504.myworkdayjobs.com/Symbotic/job/USA-Wilmington--MA---HQ/Co-op---Robot-Perception_R8113-1,Simplify
Symbotic,Software Engineer Co-op,swe,Software,Spring 2027,"Wilmington, MA",Other,2026-09-23,2026-09-23,2026-09-24,,1,https://symbotic.wd504.myworkdayjobs.com/Symbotic/job/USA-Wilmington--MA---HQ/Co-op---Software-Engineer_R8111,Simplify
NVIDIA,PhD Research Intern - Quantum Simulation and AI,quant,AI/ML/Data,Summer 2027,"Santa Clara, CA",Other,2026-09-23,2026-09-23,2026-09-24,,1,https://nvidia.wd5.myworkdayjobs.com/NVIDIAExternalCareerSite/job/US-CA-Santa-Clara/PhD-Research-Intern--Quantum-Simulation-and-AI---2027_JR2026004,Simplify
Texas A&M University System,Graduate Assistant Non-Teaching,data,AI/ML/Data,N/A,"Prairie View, TX",Other,2026-09-23,2026-09-23,2026-09-24,,1,https://tamus.wd1.myworkdayjobs.com/System-wide_External/job/Prairie-View-TX/Graduate-Assistant-Non-Teaching---Institutional-Research-and-Integrated-Data-Analytics_R-097449-2,Simplify
Intact,Android Developer Intern Co-op - Winter 2027,swe,Software,Winter 2027,"Montreal, QC, Canada",Other,2026-09-23,2026-09-23,2026-09-24,,1,https://intactfc.wd3.myworkdayjobs.com/en-US/intactfc/job/Montral-Quebec-CAN/Android-Developer--4-months-Internship-Coop--Winter-2027---_R155691,Simplify
Booz Allen,Quantum Research Intern - Summer 2027,quant,AI/ML/Data,Summer 2027,"Washington, DC",Other,2026-09-23,2026-09-23,2026-09-24,,1,https://bah.wd1.myworkdayjobs.com/bah_jobs/job/Washington-DC/University---Summer-2027---Quantum-Research-Intern_R0250129,Simplify
General Dynamics Information Technology,AI Network Engineering Intern,swe,Software,Summer 2027,"Bossier City, LA",Other,2026-09-23,2026-09-23,2026-09-24,,1,https://gdit.wd5.myworkdayjobs.com/gdit_earlytalent/job/USA-LA-Bossier-City/GDIT-Summer-Internship-Program---Summer-2027-AI-Network-Engineering-Internship_RQ228934-2,Simplify
General Dynamics Information Technology,Generative AI Software Development Intern,swe,Software,Summer 2027,"Bossier City, LA",Other,2026-09-23,2026-09-23,2026-09-24,,1,https://gdit.wd5.myworkdayjobs.com/gdit_earlytalent/job/USA-LA-Bossier-City/GDIT-Summer-Internship-Program---Summer-2027-Generative-AI-Software-Development-Internship_RQ228933-1,Simplify
Mondelez International,Promotions Analyst Intern,data,AI/ML/Data,N/A,"Santa Fe, NM",Other,2026-09-23,2026-09-24,2026-09-24,,1,https://wd3.myworkdaysite.com/recruiting/mdlz/External/job/Santa-F-Mexico/Becario-Analista-de-promociones--RGM-_R-176656,Simplify
Mondelez International,Promotions Analyst Intern - Revenue Growth Management,data,AI/ML/Data,N/A,"Santa Fe, NM",Other,2026-09-23,2026-09-24,2026-09-24,,1,https://wd3.myworkdaysite.com/recruiting/mdlz/External/job/Santa-F-Mexico/Becario-Analista-de-promociones--RGM-_R-176645,Simplify
Zekelman Industries,Business Intelligence Intern - Program Development,data,AI/ML/Data,Summer 2027,"Austin, TX, Troy, MI",Other,2026-09-23,2026-09-24,2026-09-24,,1,https://zekelman.wd12.myworkdayjobs.com/Careers/job/Troy-MI/Intern--Business-Intelligence_JR002769,Simplify
Analog Devices,Embedded Software Engineer Intern,swe,Hardware,N/A,"Toronto, ON, Canada, Vancouver, BC, Canada",Other,2026-09-23,2026-09-24,2026-09-24,,1,https://analogdevices.wd1.myworkdayjobs.com/External/job/Canada-Toronto/Embedded-Software-Engineer_R266615,Simplify
Teledyne,Industrialization and Statistical Analysis Intern,data,AI/ML/Data,N/A,"Bromont, QC, Canada",Other,2026-09-23,2026-09-24,2026-09-24,,1,https://flir.wd1.myworkdayjobs.com/flircareers/job/Canada---Bromont-QC-TDY/Stagiaire-en-industrialisation-et-analyse-statistique_REQ36708,Simplify
Sonos,Software Engineering Co-op - Signal Processing,swe,Hardware,Winter 2027,"Boston, MA",Other,2026-09-23,2026-09-23,2026-09-24,,1,https://sonos.wd1.myworkdayjobs.com/Sonos/job/Boston-MA/Software-Engineering-Co-op--Signal-Processing-_R2821-2,Simplify
Hudson River Trading,Data Scientist Intern,data,AI/ML/Data,Summer 2027,"London, UK",Other,2026-09-22,2026-09-22,2026-09-22,,1,https://www.hudsonrivertrading.com/careers/job/?gh_jid=8222413,Simplify
Waymo,Machine Learning Engineer Intern - MS/PhD,data,AI/ML/Data,Summer 2027,SF,Other,2026-09-22,2026-09-22,2026-09-22,,1,https://careers.withwaymo.com/jobs?gh_jid=8223735,Simplify
Waymo,Data Science Intern - PhD,data,AI/ML/Data,Summer 2027,"SF, Mountain View, CA",Other,2026-09-22,2026-09-22,2026-09-22,,1,https://careers.withwaymo.com/jobs?gh_jid=8221956,Simplify
Grow Therapy,Software Engineer Intern,swe,Software,Summer 2027,NYC,Other,2026-09-22,2026-09-22,2026-09-22,,1,https://jobs.ashbyhq.com/grow-therapy/92bfe88a-4c23-48c8-8f7b-4959ab6cd8d8/application?embed=true,Simplify
Metropolitan Transportation Authority,Ridership Analysis & Modeling – Emerging Talent Intern - Fall,data,AI/ML/Data,Fall 2026,NYC,Other,2026-09-22,2026-09-22,2026-09-22,,1,https://jobs.jobvite.com/metropolitantransportationauthority/job/oMc5zfwm?nl=1&nl=1&fr=false,Simplify
Rippling,Full Stack Software Engineer Intern,swe,Software,Summer 2027,"Seattle, WA, SF, NYC",Other,2026-09-22,2026-09-22,2026-09-22,,1,https://ats.rippling.com/rippling/jobs/f64b6158-9534-4bab-9457-45556166b262,Simplify
Rippling,Software Engineer Intern - Backend Focused,swe,Software,Summer 2027,"Seattle, WA, SF, NYC",Other,2026-09-22,2026-09-22,2026-09-22,,1,https://ats.rippling.com/rippling/jobs/a07e4e46-3721-4934-b57b-0d58412e22ba,Simplify
Rippling,Machine Learning Software Engineer Intern - Summer 2027,swe,AI/ML/Data,Summer 2027,SF,Other,2026-09-22,2026-09-22,2026-09-22,,1,https://ats.rippling.com/rippling/jobs/f9de04c3-e2c5-41f9-8e46-a0684707f89d,Simplify
Electronic Arts,Rendering Engineer Intern - Apex Legends,swe,Software,Summer 2027,"Vancouver, BC, Canada",Other,2026-09-22,2026-09-22,2026-09-22,,1,https://jobs.ea.com/en_US/careers/JobDetail/Rendering-Engineer-Intern/216222,Simplify
Electronic Arts,AI Engineer Intern - Creative Innovations - Character Pipelines,data,AI/ML/Data,N/A,"Vancouver, BC, Canada",Other,2026-09-22,2026-09-22,2026-09-22,,1,https://jobs.ea.com/en_US/careers/JobDetail/AI-Engineer/216236,Simplify
William Blair,Software Engineering Intern - Wit,swe,Software,N/A,"Chicago, IL",Other,2026-09-22,2026-09-22,2026-09-22,,1,https://www.williamblair.com/Careers/job-description?gh_jid=5242287007,Simplify
William Blair,Application Development Intern - Multiple Teams,swe,Software,N/A,"Chicago, IL",Other,2026-09-22,2026-09-22,2026-09-22,,1,https://www.williamblair.com/Careers/job-description?gh_jid=5242285007,Simplify
Tesla,Robotics Modeling & Simulation Engineer Intern,data,AI/ML/Data,Spring 2027,"Palo Alto, CA",Other,2026-09-22,2026-09-22,2026-09-22,,1,https://www.tesla.com/careers/search/job/284436,Simplify
Emerson Electric,Software Engineer Intern - Process Systems and Solutions,swe,Software,Summer 2027,"Round Rock, TX",Other,2026-09-22,2026-09-22,2026-09-22,,1,https://hdjq.fa.us2.oraclecloud.com/hcmUI/CandidateExperience/en/sites/CX_1/job/26011295,Simplify
Klaviyo,People Analytics Co-op,data,AI/ML/Data,Summer 2027,"Boston, MA",Other,2026-09-22,2026-09-22,2026-09-22,,1,https://job-boards.greenhouse.io/klaviyocampus/jobs/8002711003,Simplify
West Bend Insurance,IT Data Engineer Intern,data,AI/ML/Data,Summer 2027,"Madison, WI, West Bend, WI",Other,2026-09-22,2026-09-22,2026-09-22,,1,https://careers-thesilverlining.icims.com/jobs/3759/job?mobile=true&needsRedirect=false,Simplify
Waymo,"2027 Summer Intern, PhD, Data Science",data,,,"Mountain View, CA, USA; San Francisco, CA, USA",,2026-09-22,2026-09-22,2026-09-18,,1,https://careers.withwaymo.com/jobs?gh_jid=8221956,greenhouse:waymo
Waymo,"2027 Summer Intern, MS/PhD, Machine Learning Engineer",data,,,"San Francisco, CA, USA",,2026-09-22,2026-09-22,2026-09-22,,1,https://careers.withwaymo.com/jobs?gh_jid=8223735,greenhouse:waymo
Udig,Software Engineer Intern,swe,Software,Summer 2027,"Nashville, TN, Richmond, VA",Other,2026-09-22,2026-09-22,2026-09-22,,1,https://udig.com/careers/job-listing/?gh_jid=7999436003,Simplify
JP Morgan Chase,Quantitative Research Summer Analyst Internship - Asset Management,quant,Quant,Summer 2027,"London, UK",Other,2026-09-22,2026-09-22,2026-09-22,,1,https://jpmc.fa.oraclecloud.com/hcmUI/CandidateExperience/en/sites/CX_1001/job/210792010,Simplify
Geneva Trading,Python Developer Intern,swe,,,Chicago Office,,2026-09-22,2026-09-22,2026-09-22,,1,https://job-boards.greenhouse.io/genevatrading/jobs/5242196007,greenhouse:genevatrading
Man Group,Quant Research Analyst Intern,quant,,,Shanghai ,,2026-09-22,2026-09-22,2026-09-22,,1,https://job-boards.eu.greenhouse.io/mangroup/jobs/4982410101,greenhouse:mangroup
Waymo,Software Engineer Intern - MS/PhD - Simulation,swe,AI/ML/Data,Summer 2027,"Mountain View, CA",Other,2026-09-22,2026-09-22,2026-09-22,,1,https://careers.withwaymo.com/jobs?gh_jid=8221851,Simplify
Waymo,Software Engineer Intern - Simulation Evaluation ML Model,swe,Software,Summer 2027,"Mountain View, CA",Other,2026-09-22,2026-09-22,2026-09-22,,1,https://careers.withwaymo.com/jobs?gh_jid=8221795,Simplify
Waymo,Embedded Intern - Software Engineer,swe,Hardware,Summer 2027,"Mountain View, CA",Other,2026-09-22,2026-09-22,2026-09-22,,1,https://careers.withwaymo.com/jobs?gh_jid=8221198,Simplify
Epic Games,Data Science Intern,data,AI/ML/Data,Summer 2027,"Cary, NC",Other,2026-09-22,2026-09-22,2026-09-21,,1,https://epicgames.com/careers/jobs/6202675004?gh_jid=6202675004,Simplify
Epic Games,Engine Programmer Intern,swe,Software,Summer 2027,"Cary, NC",Other,2026-09-22,2026-09-22,2026-09-22,,1,https://epicgames.com/careers/jobs/6202659004?gh_jid=6202659004,Simplify
Rivian,Software Engineer Co-op Intern - Product Development Portal,swe,Software,Spring 2027,"Palo Alto, CA",Other,2026-09-22,2026-09-22,2026-09-22,,1,https://careers.rivian.com/jobs/33745?icims=1,Simplify
ONE Finance,AI Research Intern,data,AI/ML/Data,Summer 2027,United States,Other,2026-09-22,2026-09-22,2026-09-09,,1,https://jobs.ashbyhq.com/oneapp/84beb108-c04b-42d3-a9ae-9a91210201b7/application?embed=true,Simplify
Electronic Arts,Analytics Intern,data,AI/ML/Data,Summer 2027,"Orlando, FL",Other,2026-09-22,2026-09-22,2026-09-22,,1,https://jobs.ea.com/en_US/careers/JobDetail/Analytics-Intern/216252,Simplify
Rivian,Software Engineer Intern Co-op - Product Lifecycle Management,swe,Software,Winter 2027,"Palo Alto, CA",Other,2026-09-22,2026-09-22,2026-09-22,,1,https://careers.rivian.com/jobs/33746?icims=1,Simplify
Rivian,Software Engineer Co-op Intern - Enterprise Applications,swe,Software,Spring 2027,"Plymouth, MI",Other,2026-09-22,2026-09-22,2026-09-22,,1,https://careers.rivian.com/jobs/33804?icims=1,Simplify
Rivian,Software Engineer Intern Co-op - Design Automation,swe,Software,Spring 2027,"Palo Alto, CA",Other,2026-09-22,2026-09-22,2026-09-22,,1,https://careers.rivian.com/jobs/33748?icims=1,Simplify
Tesla,Residential Energy Device Software Engineer Intern - Energy Engineering,swe,Software,Winter 2027,"Palo Alto, CA",Other,2026-09-22,2026-09-22,2026-09-22,,1,https://www.tesla.com/careers/search/job/284275,Simplify
MBDA,Operational Analysis - Undergraduate Placement,data,AI/ML/Data,N/A,"Stevenage, UK",Other,2026-09-22,2026-09-22,2026-09-22,,1,https://mbda.wd3.myworkdayjobs.com/MBDA-UK/job/Stevenage/Operational-Analysis---Undergraduate-Placement-2027_R37823,Simplify
GSK,Data & Analytics - Multiple Roles,data,AI/ML/Data,N/A,"Ware, UK, Worthing, UK",Other,2026-09-22,2026-09-22,2026-09-22,,1,https://gsk.wd5.myworkdayjobs.com/GSKCareers/job/UK---West-Sussex---Worthing/Data---Analytics--Multiple-Roles-and-Locations--Industrial-Placement--UK-2027_446647,Simplify
GuideStone,Software Developer Intern - Software Development,swe,Software,Summer 2027,"Dallas, TX",Other,2026-09-22,2026-09-22,2026-09-22,,1,https://guidestone.wd1.myworkdayjobs.com/guidestone/job/Dallas-TX/Summer-Intern---Software-Developer_R2129,Simplify
Sanofi,Machine Learning AI Co-op - Quantitative Pharmacology,quant,AI/ML/Data,Spring 2027,"Cambridge, MA",Other,2026-09-22,2026-09-22,2026-09-22,,1,https://sanofi.wd3.myworkdayjobs.com/SanofiCareers/job/Cambridge-MA/XMLNAME-2027-Spring-Co-op-Machine-Learning-AI--Cambridge--MA_R2864862,Simplify
CIBC,Software/Application Developer Co-op,swe,Software,Winter 2027,"Toronto, ON, Canada",Other,2026-09-22,2026-09-22,2026-09-22,,1,https://cibc.wd3.myworkdayjobs.com/campus/job/Toronto-ON/Software-Application-Developer-Co-op_2619461,Simplify
Royal Bank of Canada,Software Development Intern - Wealth Management Technology,swe,Software,Summer 2027,"Minneapolis, MN",Other,2026-09-22,2026-09-22,2026-09-22,,1,https://rbc.wd3.myworkdayjobs.com/RBCEARLYTALENT1/job/Minneapolis-Minnesota-United-States-of-America/Summer-2027-Wealth-Management-Technology-Internship_R-0000187852-1,Simplify
Johnson & Johnson,Project Delivery Digital Engineering & Property Services Co-op,swe,Software,Summer 2027,"New Brunswick, NJ",Other,2026-09-22,2026-09-22,2026-09-22,,1,https://jj.wd5.myworkdayjobs.com/JJ/job/New-Brunswick-New-Jersey-United-States-of-America/Project-Delivery-Digital-Engineering---Property-Services-Co-Op_R-096717,Simplify
Vanderlande Industries,Software Development Intern,swe,Software,N/A,"Québec City, QC, Canada",Other,2026-09-22,2026-09-22,2026-09-22,,1,https://vanderlande.wd3.myworkdayjobs.com/careers/job/Quebec-Canada/Stage---Dveloppement-logiciel_JR38017,Simplify
Charter Manufacturing,Digital Integration Intern,swe,Software,Summer 2027,"Mequon, WI",Other,2026-09-22,2026-09-22,2026-09-22,,1,https://chartermfg.wd5.myworkdayjobs.com/Charter_Careers/job/Charter-Manufacturing-Company-Inc---Mequon-WI/Digital-Integration-Intern--Year-Round-_R08129,Simplify
F5,Software Engineer Intern - Digital,swe,Software,N/A,"Seattle, WA",Other,2026-09-22,2026-09-22,2026-09-22,,1,https://ffive.wd5.myworkdayjobs.com/en-US/f5jobs/job/Seattle/Software-Engineer-II_RP1038826,Simplify
RTX,Methods Engineering Intern - Aftermarket & Sustainment Engineering,swe,Software,Summer 2027,"East Hartford, CT",Other,2026-09-22,2026-09-22,2026-09-22,,1,https://globalhr.wd5.myworkdayjobs.com/rec_rtx_ext_gateway/job/US-CT-EAST-HARTFORD-ETC--400-Main-St--BLDG-ETC/Aftermarket---Sustainment-Engineering-Methods-Engineering-Intern--Summer-2027--Onsite-_01874535,Simplify
RTX,Operations Software Engineering Intern - Summer 2027,swe,Software,Summer 2027,"Burnsville, MN",Other,2026-09-22,2026-09-22,2026-09-22,,1,https://globalhr.wd5.myworkdayjobs.com/rec_rtx_ext_gateway/job/US-MN-BURNSVILLE-WEST--14300-Judicial-Rd--WEST-BLDG/Operations-Software-Engineering-Intern--Summer-2027-_01874620,Simplify
Cox,Technical Intern,data,AI/ML/Data,Summer 2027,"Atlanta, GA",Other,2026-09-22,2026-09-22,2026-09-22,,1,https://cox.wd1.myworkdayjobs.com/Cox_External_Career_Site_1/job/Atlanta-GA/Cox-Conserves-Technical-Intern---Summer-2027_R202682337,Simplify
USAA,Context Developer Modeler,swe,Software,N/A,"San Antonio, TX",Other,2026-09-22,2026-09-22,2026-09-22,,1,https://usaa.wd1.myworkdayjobs.com/en-US/USAAJOBSWD/job/San-Antonio-Home-Office-I/Context-Developer-Modeler_R0121199,Simplify
CAI,Data Analyst Intern,data,AI/ML/Data,Summer 2027,Pennsylvania,Other,2026-09-22,2026-09-22,2026-09-15,,1,https://cai.wd5.myworkdayjobs.com/computer_aid/job/PA-CLIENT-STATE/Data-Analyst-Intern_R8551,Simplify
ASM Global,Student Data Specialist,data,AI/ML/Data,N/A,"Coral Gables, FL",Other,2026-09-22,2026-09-22,2026-09-22,,1,https://asmglobal.wd1.myworkdayjobs.com/careers/job/Coral-Gables-FL/Student-Data-Specialist---University-of-Miami_R100125647,Simplify
American Family Insurance Group,Consumer Research and Insights Intern,data,AI/ML/Data,Summer 2027,"Madison, WI",Other,2026-09-22,2026-09-22,2026-09-22,,1,https://amfam.wd1.myworkdayjobs.com/AmFamGroupInternCareers/job/WI-Madison/Consumer-Research-and-Insights-Intern-2027_R39474,Simplify
American Family Insurance Group,Customer Analytics Intern,data,AI/ML/Data,Summer 2027,"Madison, WI, Boston, MA",Other,2026-09-22,2026-09-22,2026-09-22,,1,https://amfam.wd1.myworkdayjobs.com/AmFamGroupInternCareers/job/WI-Madison/Summer-2027-Customer-Analytics-Intern_R39476,Simplify
Stryker,Data Analytics Intern,data,AI/ML/Data,Summer 2027,"Fort Wayne, IN",Other,2026-09-22,2026-09-22,2026-09-22,,1,https://stryker.wd1.myworkdayjobs.com/StrykerCareers/job/Fort-Wayne-Indiana/Data-Engineering-Intern_R572901,Simplify
Delta Dental,Knowledge Science Intern,swe,Software,Fall 2026,"Okemos, MI",Other,2026-09-22,2026-09-22,2026-09-22,,1,https://rhsc.wd5.myworkdayjobs.com/delta_dental_of_michigan/job/Okemos-MI/Internship---Knowledge-Science_JR101462,Simplify
Procter & Gamble,R&D Intern - AI Research Engineer,swe,Software,Summer 2027,"Mason, OH",Other,2026-09-22,2026-09-22,2026-09-22,,1,https://pg.wd5.myworkdayjobs.com/1000/job/MASON-BUS-AND-INNOVATION-CTR/R-D-PhD-Summer-Intern---AI-Research-Engineer_R000159371,Simplify
Gordon Food Service,Category Support Intern,data,AI/ML/Data,Summer 2027,"Wyoming, MI",Other,2026-09-22,2026-09-22,2026-09-22,,1,https://gfs.wd5.myworkdayjobs.com/usjobs-gen-gfs/job/Wyoming-Michigan/Intern--NA-Category-Support_R-57473,Simplify
RTX,Quality Project Management and Data Analysis Tool Development Intern,data,AI/ML/Data,Winter 2027,"Longueuil, QC, Canada",Other,2026-09-22,2026-09-23,2026-09-01,,1,https://globalhr.wd5.myworkdayjobs.com/fr-CA/Private_Posting_No_TMP/job/CA-QC-LONGUEUIL-J01--1000-Blvd-Marie-Victorin--J01-BLDG/Stage---Hiver-2027---Gestion-de-projets-et-dveloppement-d-outils-d-analyse-en-qualit---Internship---Winter-2027---Quality-Project-management-and-data-analysis-tool-development_01863188-1,Simplify
Capital Group,Data & Technology Summer Associate,data,AI/ML/Data,Summer 2027,LA,Other,2026-09-22,2026-09-23,2026-09-23,,1,https://capgroup.wd1.myworkdayjobs.com/en-US/capitalgroupcareers/job/Los-Angeles/CAMPUS--Data---Technology-Summer-Associate--Los-Angeles--2027-_JR7382,Simplify
The Aerospace Corporation,Software Tools and Assurance Intern - Information Systems and Cyber Division,swe,Software,Summer 2027,"El Segundo, CA",Other,2026-09-22,2026-09-23,2026-09-23,,1,https://aero.wd5.myworkdayjobs.com/external/job/El-Segundo-CA/XMLNAME-2027-Software-Tools-and-Assurance-Intern_R016429,Simplify
Daimler Truck,Reliability Engineer Intern,data,AI/ML/Data,Summer 2027,"Fort Mill, SC",Other,2026-09-22,2026-09-23,2026-09-23,,1,https://dtna.wd5.myworkdayjobs.com/dtna_affiliate/job/Fort-Mill-SC-US/Reliability-Engineering-Intern_DT-19828,Simplify
Dallas Fort Worth International Airport,Undergraduate Internship - Environmental Technical Projects,data,AI/ML/Data,Summer 2027,"Dallas, TX",Other,2026-09-22,2026-09-23,2026-09-23,,1,https://dfwairport.wd5.myworkdayjobs.com/External/job/DFW-Intl-Airport-Board/XMLNAME-2027-Undergraduate-Internship---Environmental-Technical-Projects_JR102144,Simplify
Waymo,"2027 Summer Intern, BS/MS, Embedded, Software Engineer",swe,,,"Mountain View, CA, USA",,2026-09-21,2026-09-21,2026-09-21,,1,https://careers.withwaymo.com/jobs?gh_jid=8221198,greenhouse:waymo
Assured Guaranty,Product Software Developer - Back-End,swe,Software,N/A,NYC,Other,2026-09-21,2026-09-21,2026-09-21,,1,https://boards.greenhouse.io/assuredguaranty/jobs/8827458002,Simplify
Assured Guaranty,Product Software Developer - Front-End,swe,Software,N/A,NYC,Other,2026-09-21,2026-09-21,2026-09-21,,1,https://boards.greenhouse.io/assuredguaranty/jobs/8827460002,Simplify
National Life,Strategic Operations Analyst Intern,data,AI/ML/Data,Summer 2027,"Montpelier, VT, Addison, TX",Other,2026-09-21,2026-09-21,2026-09-21,,1,https://job-boards.greenhouse.io/nationallifeinsurancecompany/jobs/4410899009,Simplify
Figma,Data Science Intern,data,AI/ML/Data,Summer 2027,"SF, NYC",Other,2026-09-21,2026-09-21,2026-09-21,,1,https://boards.greenhouse.io/figma/jobs/6200626004,Simplify
Viking Global,Data Science Intern,quant,Quant,Summer 2027,NYC,Other,2026-09-21,2026-09-21,2026-09-21,,1,https://job-boards.greenhouse.io/vikingglobalinvestors/jobs/6202755004,Simplify
G2,AI Agent Evaluations Intern,data,AI/ML/Data,Fall 2026,SF,Other,2026-09-21,2026-09-23,2026-09-23,,1,https://jobs.ashbyhq.com/G2/64dcc04a-a0e7-493b-b899-dd4c56e561fd/application?embed=true,Simplify
Koch Industries,Business Analytics & Insights Intern,data,AI/ML/Data,Summer 2027,"Green Bay, WI",Other,2026-09-21,2026-09-21,2026-09-21,,1,https://koch.avature.net/en_US/careers/JobDetail/194813,Simplify
Zimmer Biomet Holdings,Summer Intern - Data Mesh Platform,swe,AI/ML/Data,Summer 2027,Remote in USA,Other,2026-09-21,2026-09-21,2026-09-21,,1,https://careers.zimmerbiomet.com/us/en/job/12688,Simplify
Zimmer Biomet Holdings,Data Management Intern,data,AI/ML/Data,Summer 2027,"Warsaw, IN",Other,2026-09-21,2026-09-21,2026-09-21,,1,https://careers.zimmerbiomet.com/us/en/job/12746,Simplify
Grow Financial Federal Credit Union,Systems Analyst Intern,data,AI/ML/Data,Summer 2027,Remote in USA,Other,2026-09-21,2026-09-21,2026-09-21,,1,https://careers-growfinancial.icims.com/jobs/2754/job?mobile=true&needsRedirect=false,Simplify
Lazard,Data Scientist Intern,data,AI/ML/Data,Summer 2027,NYC,Other,2026-09-21,2026-09-21,2026-09-21,,1,https://icbpjb.fa.ocs.oraclecloud.com/hcmUI/CandidateExperience/en/sites/LazardProfessionalCareers/job/6604,Simplify
Lazard,Quantitative Research Intern,quant,Quant,Summer 2027,NYC,Other,2026-09-21,2026-09-21,2026-09-21,,1,https://icbpjb.fa.ocs.oraclecloud.com/hcmUI/CandidateExperience/en/sites/LazardProfessionalCareers/job/6612,Simplify
Erie Insurance Group,Data Intern 2,data,AI/ML/Data,Summer 2027,"Erie, PA",Other,2026-09-21,2026-09-21,2026-09-21,,1,https://jobs.erieinsurance.com/job/Erie-Intern-II-(Data)-PA-16506/1432176200/?ats=successfactors,Simplify
Resultant,Data & Analytics Consultant Intern - Summer 2027,data,AI/ML/Data,Summer 2027,"Indianapolis, IN",Other,2026-09-21,2026-09-21,2026-09-21,,1,https://jobs.smartrecruiters.com/Resultant/744000150785390,Simplify
Atlassian,Machine Learning Intern,data,AI/ML/Data,Summer 2027,"Seattle, WA, SF",Other,2026-09-21,2026-09-21,2026-09-21,,1,https://campus-americas.icims.com/jobs/26268/machine-learning-intern%2c-2027-summer-u.s./job,Simplify
AMD,HPC and Sovereign AI Center of Excellence Intern/Co-op,data,AI/ML/Data,Summer 2027,"Austin, TX",Other,2026-09-21,2026-09-21,2026-09-21,,1,https://careers.amd.com/jobs/92691?icims=1,Simplify
Entergy,Compliance and Systems Support Intern,data,AI/ML/Data,Spring 2027,"New Orleans, LA, The Woodlands, TX, Little Rock, AR",Other,2026-09-21,2026-09-21,2026-09-22,,1,"https://jobs.entergy.com/job/Little-Rock-Student,-Intern-Compliance-and-Systems-Support-Spring-2027-Arka/1432001400/?ats=successfactors",Simplify
AMD,Generative AI and Reinforcement Learning Research Intern,data,AI/ML/Data,Summer 2027,"Santa Clara, CA",Other,2026-09-21,2026-09-21,2026-09-22,,1,https://careers.amd.com/jobs/90910?icims=1,Simplify
AMD,AI Research Infrastructure – Reinforcement Learning Post-Training Intern,swe,AI/ML/Data,Summer 2027,"Santa Clara, CA",Other,2026-09-21,2026-09-21,2026-09-21,,1,https://careers.amd.com/jobs/90950?icims=1,Simplify
AMD,AI Research Intern - Reinforcement Learning and LLM Post-Training,data,AI/ML/Data,Summer 2027,"Santa Clara, CA",Other,2026-09-21,2026-09-21,2026-09-21,,1,https://careers.amd.com/jobs/91013?icims=1,Simplify
American Heart Association,Data Science Intern - Machine Learning & AI,data,AI/ML/Data,Winter 2027,"Dallas, TX",Other,2026-09-21,2026-09-21,2026-09-21,,1,https://careers-heart.icims.com/jobs/18243/job?mobile=true&needsRedirect=false,Simplify
Wellmark,Software Engineer Intern - Technology Healthcare Innovation,swe,Software,Summer 2027,"Des Moines, IA",Other,2026-09-21,2026-09-21,2026-09-21,,1,https://jobs.smartrecruiters.com/WellmarkInc/744000150732768,Simplify
Waymo,"2027 Summer Intern, MS/PhD, Software/ML Engineer, Simulation",swe,,,"Mountain View, California, USA",,2026-09-21,2026-09-21,2026-09-21,,1,https://careers.withwaymo.com/jobs?gh_jid=8221851,greenhouse:waymo
Waymo,"2027 Summer Intern, MS/PhD, Software Engineer, Simulation Evaluation ML Model",swe,,,"Mountain View, California, USA",,2026-09-21,2026-09-21,2026-09-21,,1,https://careers.withwaymo.com/jobs?gh_jid=8221795,greenhouse:waymo
Geneva Trading,PMO Data Engineering Intern,data,,,Chicago Office,,2026-09-21,2026-09-21,2026-09-21,,1,https://job-boards.greenhouse.io/genevatrading/jobs/5242180007,greenhouse:genevatrading
Geneva Trading,C++ Developer (Intern),swe,,,Chicago Office,,2026-09-21,2026-09-21,2026-09-21,,1,https://job-boards.greenhouse.io/genevatrading/jobs/5242063007,greenhouse:genevatrading
Figma,"PhD Intern, Data Science (2027)",data,,,"San Francisco, CA • New York, NY",,2026-09-21,2026-09-21,2026-09-22,,1,https://boards.greenhouse.io/figma/jobs/6200626004?gh_jid=6200626004,greenhouse:figma
Hermeus,Software Engineer - Internal Applications,swe,,,"Los Angeles, CA",,2026-09-21,2026-09-21,2026-09-21,,1,https://jobs.lever.co/hermeus/1602c0e0-10fe-4fc9-ac0f-22ce2a2c0d18,lever:hermeus
Lazard,Data Engineer Intern,data,AI/ML/Data,Summer 2027,NYC,Other,2026-09-21,2026-09-21,2026-09-21,,1,https://icbpjb.fa.ocs.oraclecloud.com/hcmUI/CandidateExperience/en/sites/LazardProfessionalCareers/job/6605,Simplify
First Citizens BancShares,Quantitative Analysis Intern - Quantitative Analysis,quant,Quant,Summer 2027,"Raleigh, NC",Other,2026-09-21,2026-09-21,2026-09-21,,1,https://firstcitizens.jibeapply.com/jobs/35602?icims=1,Simplify
Mercury,Software Engineering Intern - Spring 2027,swe,Software,Spring 2027,"SF, Remote in USA, NYC, Portland, OR, Remote in Canada",Other,2026-09-21,2026-09-21,2026-09-21,,1,https://job-boards.greenhouse.io/mercury/jobs/6199367004,Simplify
AutoZone,Data Science Intern,data,AI/ML/Data,Summer 2027,"Memphis, TN",Other,2026-09-21,2026-09-21,2026-09-21,,1,https://egud.fa.us2.oraclecloud.com/hcmUI/CandidateExperience/en/sites/CX_1/job/155461,Simplify
AutoZone,Information Technology Intern,swe,Software,Summer 2027,"Memphis, TN",Other,2026-09-21,2026-09-21,2026-09-21,,1,https://egud.fa.us2.oraclecloud.com/hcmUI/CandidateExperience/en/sites/CX_1/job/155451,Simplify
MFS,Consultant Relations Co-op - January - June,data,AI/ML/Data,Summer 2027,"Boston, MA",Other,2026-09-21,2026-09-21,2026-09-21,,1,https://mfs.wd1.myworkdayjobs.com/en-US/MFS-Careers/job/Boston/Global-Institutional-Strategic-Accounts-Co-op-Spring-2027--January---June-_MFS-231931,Simplify
Medtronic,Data Analysis & Market Development Intern,data,AI/ML/Data,N/A,"Watford, UK",Other,2026-09-21,2026-09-21,2026-09-21,,1,https://medtronic.wd1.myworkdayjobs.com/redeploymentmedtroniccareers/job/Watford-Hertfordshire-United-Kingdom/Student-Placement-Data-Analysis---Market-Development_R74931,Simplify
Canadian Tire,ESG Data & Reporting Student,data,AI/ML/Data,N/A,"Toronto, ON, Canada",Other,2026-09-21,2026-09-21,2026-09-21,,1,https://canadiantirecorporation.wd3.myworkdayjobs.com/Enterprise_External_Careers_Site/job/Toronto-ON/ESG-Data---Reporting-Student--4-months----Winter-2027_JR166009,Simplify
Acima,Software Engineer Intern,swe,Software,Summer 2027,"Draper, UT",Other,2026-09-21,2026-09-21,2026-09-21,,1,https://upbound.wd501.myworkdayjobs.com/Acima/job/Draper-UT/Software-Engineer-Intern_R-100759-1,Simplify
Fidelity Investments,Undergraduate Internship - Software,swe,Software,Summer 2027,"Boston, MA, Westlake, TX, Durham, NC",Other,2026-09-21,2026-09-21,2026-09-21,,1,https://fmr.wd1.myworkdayjobs.com/fidelitycareers/job/One-Destiny-Way-Westlake-TX/Summer-2027-Undergraduate-Internship---Software_2134524,Simplify
G-Research,Software Engineer Intern,swe,Software,Summer 2027,"London, UK",Other,2026-09-21,2026-09-21,2026-09-21,,1,https://gresearch.wd103.myworkdayjobs.com/G-Research/job/London-UK/Software-Engineering-Intern_R3746,Simplify
Upbound Group,Software Engineer Intern,swe,Software,Summer 2027,"Plano, TX",Other,2026-09-21,2026-09-21,2026-09-21,,1,https://upbound.wd501.myworkdayjobs.com/Upbound/job/Plano-TX/Software-Engineer-Intern_R-100761,Simplify
Upbound Group,Customer Performance Analytics Intern,data,AI/ML/Data,Summer 2027,"Plano, TX",Other,2026-09-21,2026-09-21,2026-09-21,,1,https://upbound.wd501.myworkdayjobs.com/Upbound/job/Plano-TX/Customer-Performance-Analytics-Intern_R-100769,Simplify
Upbound Group,Digital Commerce Intern,swe,Software,Summer 2027,"Plano, TX",Other,2026-09-21,2026-09-21,2026-09-21,,1,https://upbound.wd501.myworkdayjobs.com/Upbound/job/Plano-TX/Digital-Commerce-Intern_R-100767,Simplify
Gordon Food Service,Sustainability Intern,data,AI/ML/Data,Summer 2027,"Wyoming, MI",Other,2026-09-21,2026-09-21,2026-09-21,,1,https://gfs.wd5.myworkdayjobs.com/usjobs-gen-gfs/job/Wyoming-Michigan/Sustainability-Intern_R-57405,Simplify
Ovintiv,Student Sustainability and Social Impact Analyst,data,AI/ML/Data,N/A,"Calgary, AB, Canada",Other,2026-09-21,2026-09-21,2026-09-21,,1,https://ovintiv.wd3.myworkdayjobs.com/ovintivcareers/job/Calgary-AB-CA/Sustainability-and-Social-Impact-Analyst_R2594,Simplify
CAE,C++ CGF Unreal Developer Intern,swe,Software,N/A,"Montreal, QC, Canada",Other,2026-09-21,2026-09-21,2026-09-21,,1,https://cae.wd3.myworkdayjobs.com/career/job/Montreal-St-Laurent/C-GE-416---Stagiaire-dveloppeur-se--C---CGF-Unreal_123656,Simplify
General Motors,Embedded and Systems Engineering Intern - Digital Product,swe,Hardware,Summer 2027,"Austin, TX, Milford, MI, Mountain View, CA, Warren, MI",Other,2026-09-21,2026-09-21,2026-09-21,,1,https://generalmotors.wd5.myworkdayjobs.com/en-CA/Careers_GM/job/Warren-Michigan-United-States-of-America/XMLNAME-2027-Summer-Intern---Digital-Product--Embedded-and-Systems-Engineering_JR-202620513,Simplify
Mastercard,Research & Development Co-op - WashU,swe,Software,Spring 2027,"O'Fallon, MO",Other,2026-09-21,2026-09-21,2026-09-21,,1,https://mastercard.wd1.myworkdayjobs.com/Campus/job/OFallon-Missouri/Research---Development-Co-Op--WashU---Spring-2027---St-Louis--MO--US_R-291654,Simplify
General Motors,Software Engineer Intern - Digital Product: Software Engineering,swe,Software,Summer 2027,"Austin, TX, Milford, MI, Mountain View, CA, Warren, MI",Other,2026-09-21,2026-09-21,2026-09-21,,1,https://generalmotors.wd5.myworkdayjobs.com/en-CA/Careers_GM/job/Warren-Michigan-United-States-of-America/XMLNAME-2027-Summer-Intern---Digital-Product--Software-Engineering_JR-202620546,Simplify
Mastercard,AI & Data Co-op,data,AI/ML/Data,Spring 2027,"Harrison, NY",Other,2026-09-21,2026-09-21,2026-09-21,,1,https://mastercard.wd1.myworkdayjobs.com/Campus/job/Purchase-New-York/AI---Data-Co-Op--Northeastern-University---Spring-2027---Purchase--NY--US_R-291653,Simplify
AeroVironment,Autonomy & Robotics Engineer Intern,data,AI/ML/Data,Summer 2027,"Moorpark, CA",Other,2026-09-21,2026-09-21,2026-09-21,,1,https://avav.wd1.myworkdayjobs.com/en-US/avav/job/Moorpark-CA/Summer-2027-Autonomy---Robotics-Engineering-Intern_8551,Simplify
EMC Insurance,Claims Intern - Data,data,AI/ML/Data,Summer 2027,Iowa,Other,2026-09-21,2026-09-21,2026-09-21,,1,https://emcins.wd5.myworkdayjobs.com/en-US/EMC_Careers/job/Iowa/Intern--Claims--Data-_R6552-1,Simplify
CAE,Business Intelligence Analyst & Developer Intern,swe,AI/ML/Data,N/A,"Montreal, QC, Canada",Other,2026-09-21,2026-09-21,2026-09-21,,1,https://cae.wd3.myworkdayjobs.com/career/job/Montreal-St-Laurent/C-GE-917---Stagaire-en-analyste-et-dveloppeur-en-Intelligence-d-affaires_123723,Simplify
CAE,Integration Specialist Defense & Security Intern,swe,Software,N/A,"Montreal, QC, Canada",Other,2026-09-21,2026-09-21,2026-09-21,,1,https://cae.wd3.myworkdayjobs.com/career/job/Montreal-St-Laurent/C-GE-470---Spcialiste-d-intgration-Dfense-et-scurit_120963,Simplify
CAE,Software Developer Intern - Content Creation Tools,swe,Software,N/A,"Montreal, QC, Canada",Other,2026-09-21,2026-09-21,2026-09-21,,1,https://cae.wd3.myworkdayjobs.com/career/job/Montreal-St-Laurent/C-GE-017---Stagiaire-dveloppeur-se--de-logiciels_123658,Simplify
CAE,Software Developer Intern - Immersive,swe,Software,N/A,"Montreal, QC, Canada",Other,2026-09-21,2026-09-21,2026-09-21,,1,https://cae.wd3.myworkdayjobs.com/career/job/Montreal-St-Laurent/C-GE-112-Stagiaire-dveloppeur-se--logiciel---Environnement-immersif_123653-1,Simplify
CAE,Unreal Engine Developer Intern - Se - Engin Unreal,swe,Software,N/A,"Montreal, QC, Canada",Other,2026-09-21,2026-09-21,2026-09-21,,1,https://cae.wd3.myworkdayjobs.com/career/job/Montreal-St-Laurent/C-GE-900---Dveloppeur-se--Engin-Unreal_123654,Simplify
CAE,Software Developer Intern - Software,swe,Software,N/A,"Montreal, QC, Canada",Other,2026-09-21,2026-09-21,2026-09-21,,1,https://cae.wd3.myworkdayjobs.com/career/job/Montreal-St-Laurent/C-GE-950---Dveloppeur-se--logiciel_123688,Simplify
CAE,C++ Backend Developer Intern - Image Generator,swe,Software,N/A,"Montreal, QC, Canada",Other,2026-09-21,2026-09-21,2026-09-21,,1,https://cae.wd3.myworkdayjobs.com/career/job/Montreal-St-Laurent/C-GE-925---Dveloppeur-se--C-----Back-end--_123655,Simplify
Sanofi,mRNA Drug Substance Process Characterization Data Analytics and Visualization Co-op,data,AI/ML/Data,Spring 2027,"Waltham, MA",Other,2026-09-21,2026-09-21,2026-09-21,,1,https://sanofi.wd3.myworkdayjobs.com/SanofiCareers/job/Waltham-MA/XMLNAME-2027-Spring-Co-op-mRNA-Drug-Substance-Process-Characterization-Data-Analytics-and-Visualization--Waltham--MA_R2854370,Simplify
Watts Water,B2C E-Commerce Analytics & Website Intern - Summer 2027,data,AI/ML/Data,Summer 2027,"North Andover, MA",Other,2026-09-21,2026-09-21,2026-09-21,,1,https://wattswater.wd5.myworkdayjobs.com/Intern-External/job/North-Andover-MA/B2C-E-Commerce-Analytics---Website-Intern--Summer-2027_10017536,Simplify
GE Healthcare,Software Engineer Intern,swe,Software,Summer 2027,"Salt Lake City, UT",Other,2026-09-21,2026-09-21,2026-09-21,,1,https://gehc.wd5.myworkdayjobs.com/GEHC_ExternalSite/job/Salt-Lake-City/Software-Engineering-Summer-Intern-2027_R4046481-1,Simplify
GE Healthcare,Data Analytics Intern,data,AI/ML/Data,Summer 2027,"Salt Lake City, UT",Other,2026-09-21,2026-09-21,2026-09-21,,1,https://gehc.wd5.myworkdayjobs.com/GEHC_ExternalSite/job/Salt-Lake-City/Summer-2027-Data-Analytics-Intern_R4046487-1,Simplify
Commerce Bank,Data Science Intern,data,AI/ML/Data,Summer 2027,"Kansas City, MO",Other,2026-09-21,2026-09-21,2026-09-21,,1,https://commercebank.wd1.myworkdayjobs.com/CommerceJobs/job/MO---Kansas-City-DowntownPlaza---Kansas-City---KC-Downtown-Trust-Building-922-Walnut-64106/Intern-EABI---Data-Science-Summer-2027_38483,Simplify
The Walt Disney Company,Consumer Insight Data Analyst Intern,data,AI/ML/Data,Winter 2027,"Celebration, FL",Other,2026-09-21,2026-09-21,2026-09-21,,1,https://disney.wd5.myworkdayjobs.com/disneycareerdc/job/Celebration-FL-USA/Consumer-Insight-Data-Analyst-Intern--Spring-2027_10159634,Simplify
The Walt Disney Company,Decision Science Intern,data,AI/ML/Data,Spring 2027,"Lake Buena Vista, FL",Other,2026-09-21,2026-09-21,2026-09-21,,1,https://disney.wd5.myworkdayjobs.com/disneycareerdc/job/Lake-Buena-Vista-FL-USA/Decision-Science-Undergraduate-Intern--Spring-2027_10159998,Simplify
Fidelity Investments,Quantitative Analyst Intern - Fixed Income Team,quant,Quant,Summer 2027,"Boston, MA, Merrimack, NH",Other,2026-09-21,2026-09-21,2026-09-21,,1,https://fmr.wd1.myworkdayjobs.com/targeted/job/200-Seaport-Blvd-Boston-MA/Quantitative-Research-Intern--Fixed-Income-Team_2135109,Simplify
The Walt Disney Company,Decision Science Graduate Associate - Spring 2027,data,AI/ML/Data,N/A,"Lake Buena Vista, FL",Other,2026-09-21,2026-09-21,2026-09-21,,1,https://disney.wd5.myworkdayjobs.com/disneycareerdc/job/Lake-Buena-Vista-FL-USA/Decision-Science-Graduate-Associate--Spring-2027_10161248,Simplify
Fidelity Investments,Quantitative Research Intern - Multi-Asset Systematic Research Team,quant,Quant,Summer 2027,"Boston, MA",Other,2026-09-21,2026-09-21,2026-09-21,,1,https://fmr.wd1.myworkdayjobs.com/targeted/job/200-Seaport-Blvd-Boston-MA/Quantitative-Research-Intern--Multi-Asset-Systematic-Research-Team_2135128,Simplify
Fidelity Investments,Quantitative Research Intern - Multi-Asset Research Team,quant,Quant,Summer 2027,"Boston, MA",Other,2026-09-21,2026-09-21,2026-09-21,,1,https://fmr.wd1.myworkdayjobs.com/targeted/job/Boston-MA/Quantitative-Research-Intern--Multi-Asset-Research-Team_2135361,Simplify
Fidelity Investments,Quantitative Research Intern,quant,Quant,Summer 2027,"Boston, MA",Other,2026-09-21,2026-09-21,2026-09-21,,1,https://fmr.wd1.myworkdayjobs.com/targeted/job/Boston-MA/Strategic-Advisers-Quantitative-Research-Intern---Undergrad_2135905,Simplify
Fidelity Investments,Quantitative Research Analyst Intern - Equity Quantitative Research Team,quant,Quant,Summer 2027,"Boston, MA",Other,2026-09-21,2026-09-21,2026-09-21,,1,https://fmr.wd1.myworkdayjobs.com/targeted/job/200-Seaport-Blvd-Boston-MA/Quantitative-Research-Intern--Equity-Quantitative-Research-Team_2135122,Simplify
Fidelity Investments,Quantitative Research Intern - Strategic Advisers,quant,Quant,Summer 2027,"Boston, MA",Other,2026-09-21,2026-09-21,2026-09-21,,1,https://fmr.wd1.myworkdayjobs.com/targeted/job/Boston-MA/Strategic-Advisers-Quantitative-Research-Intern---Master-s-and-PhD-students_2135370,Simplify
Symbotic,Robot Perception,data,AI/ML/Data,N/A,"Wilmington, MA",Other,2026-09-21,2026-09-21,2026-09-21,,1,https://symbotic.wd504.myworkdayjobs.com/Symbotic/job/USA-Wilmington--MA---HQ/Robot-Perception_R7964,Simplify
Nebraska Medicine,Forward Deployed AI Engineer Intern,swe,Software,Summer 2027,"Omaha, NE",Other,2026-09-21,2026-09-21,2026-09-21,,1,https://nebraskamed.wd5.myworkdayjobs.com/nm/job/Omaha-NE/Intern---Forward-Deployed-AI-Engineer_REQ-38924,Simplify
Symbotic,Software Engineer,swe,Software,N/A,"Wilmington, MA",Other,2026-09-21,2026-09-21,2026-09-21,,1,https://symbotic.wd504.myworkdayjobs.com/Symbotic/job/USA-Wilmington--MA---HQ/Software-Engineer_R7963,Simplify
Live Oak Bank,Software Engineering Intern - Summer Internship Program,swe,Software,Summer 2027,"Wilmington, NC",Other,2026-09-21,2026-09-21,2026-09-21,,1,https://liveoakbancshares.wd1.myworkdayjobs.com/en-US/Live_Oak/job/Wilmington-NC/Summer-2027-Intern--Software-Engineering_R-002643,Simplify
Live Oak Bank,Data Engineer Intern - Multiple Teams,data,AI/ML/Data,Summer 2027,"Wilmington, NC",Other,2026-09-21,2026-09-21,2026-09-21,,1,https://liveoakbancshares.wd1.myworkdayjobs.com/en-US/Live_Oak/job/Wilmington-NC/Summer-2027-Intern--Data-Engineering_R-002634,Simplify
Live Oak Bank,Data Science Intern,data,AI/ML/Data,Summer 2027,"Wilmington, NC",Other,2026-09-21,2026-09-21,2026-09-21,,1,https://liveoakbancshares.wd1.myworkdayjobs.com/en-US/Live_Oak/job/Wilmington-NC/Summer-2027-Intern--Data-Science_R-002664,Simplify
Philips,AI Engineer Intern - Enterprise AI & Workflow Automation,swe,Software,Summer 2027,"Colorado Springs, CO, Plymouth, MN, Bedford, MA, San Diego, CA",Other,2026-09-21,2026-09-21,2026-09-21,,1,https://philips.wd3.myworkdayjobs.com/jobs-and-careers/job/Plymouth-Minnesota-United-States/Intern---AI-Engineer--Enterprise-AI---Workflow-Automation---Plymouth--MN---Summer-2027_591991,Simplify
Procter & Gamble,Research and Development PhD Intern,data,AI/ML/Data,Summer 2027,"Mason, OH",Other,2026-09-21,2026-09-21,2026-09-21,,1,https://pg.wd5.myworkdayjobs.com/1000/job/MASON-BUS-AND-INNOVATION-CTR/R-D-PhD-Summer-Intern--AI-Agents-for-Automated-Machine-Learning-Research_R000158985,Simplify
Symbotic,Bot Controls Intern,data,AI/ML/Data,N/A,"Wilmington, MA",Other,2026-09-21,2026-09-22,2026-09-22,,1,https://symbotic.wd504.myworkdayjobs.com/Symbotic/job/USA-Wilmington--MA---HQ/Bot-Controls_R7965,Simplify
Symbotic,Applied Scientist - Routing,data,AI/ML/Data,N/A,"Wilmington, MA",Other,2026-09-21,2026-09-22,2026-09-22,,1,https://symbotic.wd504.myworkdayjobs.com/Symbotic/job/USA-Wilmington--MA---HQ/PhD-Applied-Scientist--Routing_R7966,Simplify
Symbotic,Data Engineer,data,AI/ML/Data,N/A,"Wilmington, MA",Other,2026-09-21,2026-09-22,2026-09-22,,1,https://symbotic.wd504.myworkdayjobs.com/Symbotic/job/USA-Wilmington--MA---HQ/Data-Engineer_R7967,Simplify
Wellington Management,Investment Platform Technology Co-op,swe,AI/ML/Data,Winter 2027,"Boston, MA",Other,2026-09-21,2026-09-22,2026-09-22,,1,https://wellington.wd5.myworkdayjobs.com/external/job/Boston-MA-United-States/Investment-Platform-Technology-Co-op_R94902-1,Simplify
GE Aerospace,Data Science Co-op - Flight Analytics Platform,swe,AI/ML/Data,Spring 2027,"Austin, TX",Other,2026-09-21,2026-09-22,2026-09-22,,1,https://geaerospace.wd5.myworkdayjobs.com/ge_externalsite/job/Austin/SaaS---Flight-Analytics-Platform---Data-Science-Co-op---Spring-2027_R5040450-2,Simplify
Commerce Bank,Data Analyst Intern - Summer 2027,data,AI/ML/Data,Summer 2027,"Kansas City, MO",Other,2026-09-21,2026-09-21,2026-09-22,,1,https://commercebank.wd1.myworkdayjobs.com/CommerceJobs/job/MO---Kansas-City-DowntownPlaza---Kansas-City---KC-Downtown-Trust-Building-922-Walnut-64106/Intern-EABI---Data-Analyst-Summer-2027_38484,Simplify
Vialto Partners,Client Technology Intern,data,AI/ML/Data,Winter 2027,"Campbell, CA, NYC",Other,2026-09-21,2026-09-22,2026-09-22,,1,https://vialto.wd107.myworkdayjobs.com/vialtoexternalcareers/job/Manhattan/Client-Technology-Services---Intern_REQ908939,Simplify
The Aerospace Corporation,Reliability and Statistics Intern,data,AI/ML/Data,Summer 2027,"El Segundo, CA",Other,2026-09-20,2026-09-20,2026-09-20,,1,https://aero.wd5.myworkdayjobs.com/external/job/El-Segundo-CA/XMLNAME-2027-Reliability-and-Statistics-Undergraduate-Intern_R016594,Simplify
Bot Auto,Software Engineer Intern - AI Agents,swe,Software,Fall 2026,"Houston, TX",Other,2026-09-19,2026-09-19,2026-09-19,,1,https://job-boards.greenhouse.io/botauto/jobs/5429357008,Simplify
Achievers,Software Engineer Co-op - Winter 2027,swe,Software,Winter 2027,"Toronto, ON, Canada",Other,2026-09-19,2026-09-19,2026-09-19,,1,https://jobs.lever.co/achievers/e0700fce-b33b-435a-ab90-84bbd677e181/apply,Simplify
Waymo,Learning-Based Behavior Intern,data,AI/ML/Data,Summer 2027,"Mountain View, CA",Other,2026-09-18,2026-09-18,2026-09-19,,1,https://careers.withwaymo.com/jobs?gh_jid=8203191,Simplify
Waymo,MS/PhD Intern - Sim-Realism ML Infrastructure,swe,AI/ML/Data,Summer 2027,"London, UK",Other,2026-09-18,2026-09-18,2026-09-19,,1,https://careers.withwaymo.com/jobs?gh_jid=8205680,Simplify
Waymo,Product Data Science Intern,data,AI/ML/Data,Summer 2027,SF,Other,2026-09-18,2026-09-18,2026-09-19,,1,https://careers.withwaymo.com/jobs?gh_jid=8199365,Simplify
The Brattle Group,Energy Analyst Intern - Economics,data,AI/ML/Data,Summer 2027,"Boston, MA",Other,2026-09-18,2026-09-18,2026-09-19,,1,https://job-boards.greenhouse.io/thebrattlegroup/jobs/4735999005,Simplify
The Brattle Group,Energy Analyst Intern - Economics - Multiple Teams,data,AI/ML/Data,Summer 2027,"Toronto, ON, Canada",Other,2026-09-18,2026-09-18,2026-09-19,,1,https://job-boards.greenhouse.io/thebrattlegroup/jobs/4736066005,Simplify
Metropolitan Transportation Authority,Ridership Analysis and Modeling Emerging Talent Intern,data,AI/ML/Data,Spring 2027,NYC,Other,2026-09-18,2026-09-18,2026-09-19,,1,https://jobs.jobvite.com/metropolitantransportationauthority/job/oW1PAfw6?nl=1&nl=1&fr=false,Simplify
Metropolitan Transportation Authority,Workforce Timekeeping,swe,Software,N/A,NYC,Other,2026-09-18,2026-09-18,2026-09-19,,1,https://jobs.jobvite.com/metropolitantransportationauthority/job/oVhNAfwj?nl=1&nl=1&fr=false,Simplify
Metropolitan Transportation Authority,Operations Analytics and Problem Management,data,AI/ML/Data,N/A,NYC,Other,2026-09-18,2026-09-18,2026-09-19,,1,https://jobs.jobvite.com/metropolitantransportationauthority/job/ohfNAfwD?nl=1&nl=1&fr=false,Simplify
Echelon Insights,Fellow Intern,data,AI/ML/Data,Spring 2027,"Alexandria, VA",Other,2026-09-18,2026-09-18,2026-09-19,,1,https://echelon.applytojob.com/apply/1OQKKfWvRO/Echelon-Fellowship-Internship-Spring-2027,Simplify
Together AI,Software Engineer Intern - Winter 2027,swe,Software,Winter 2027,SF,Other,2026-09-18,2026-09-18,2026-09-19,,1,https://job-boards.greenhouse.io/togetherai/jobs/5238031007,Simplify
Together AI,Software Engineer Intern,swe,Software,Summer 2027,SF,Other,2026-09-18,2026-09-18,2026-09-19,,1,https://job-boards.greenhouse.io/togetherai/jobs/5232036007,Simplify
Together AI,Systems Research Engineer Intern - GPU Programming,data,AI/ML/Data,Summer 2027,SF,Other,2026-09-18,2026-09-18,2026-09-19,,1,https://job-boards.greenhouse.io/togetherai/jobs/5238460007,Simplify
Together AI,Research Intern - Frontier Agents,data,AI/ML/Data,Summer 2027,SF,Other,2026-09-18,2026-09-18,2026-09-19,,1,https://job-boards.greenhouse.io/togetherai/jobs/5238468007,Simplify
Together AI,Research Intern - Model Shaping,data,AI/ML/Data,Winter 2027,SF,Other,2026-09-18,2026-09-18,2026-09-19,,1,https://job-boards.greenhouse.io/togetherai/jobs/5238465007,Simplify
Together AI,Research Intern - Inference,data,AI/ML/Data,Winter 2027,SF,Other,2026-09-18,2026-09-18,2026-09-19,,1,https://job-boards.greenhouse.io/togetherai/jobs/5238461007,Simplify
NERv Technology Inc. D.B.A. FluidAI Medical,Data and AI Engineering Associate,swe,Software,N/A,"Kitchener, ON, Canada",Other,2026-09-18,2026-09-18,2026-09-19,,1,https://ats.rippling.com/fluidai-medical-careers/jobs/e52b9e0d-0c04-42be-8da6-288203e18e52,Simplify
Grow Financial Federal Credit Union,Collections Data Analyst Intern,data,AI/ML/Data,Spring 2027,Remote in USA,Other,2026-09-18,2026-09-18,2026-09-19,,1,https://careers-growfinancial.icims.com/jobs/2755/job?mobile=true&needsRedirect=false,Simplify
Johns Hopkins Applied Physics Laboratory,Engineer/Scientist Intern - Health Systems and Human-Machine Systems,data,AI/ML/Data,Summer 2027,"Laurel, MD",Other,2026-09-18,2026-09-18,2026-09-19,,1,https://careers.jhuapl.edu/jobs/60054?icims=1,Simplify
Nokia,Software Development Co-op - AI Assisted,swe,Software,Winter 2027,"Sunnyvale, CA",Other,2026-09-18,2026-09-18,2026-09-19,,1,https://fa-evmr-saasfaprod1.fa.ocs.oraclecloud.com/hcmUI/CandidateExperience/en/sites/CX_1/job/40535,Simplify
AMD,PhD HPC & Sovereign AI Intern/Co-op,swe,Software,Summer 2027,"San Jose, CA, Santa Clara, CA",Other,2026-09-18,2026-09-18,2026-09-19,,1,https://careers.amd.com/jobs/92636?icims=1,Simplify
Tesla,Embedded Software Engineer Intern - Body Controls Firmware,swe,Hardware,Spring 2027,"Palo Alto, CA",Other,2026-09-18,2026-09-18,2026-09-19,,1,https://www.tesla.com/careers/search/job/283994,Simplify
Rubrik,Software Engineering Intern,swe,Software,Winter 2027,"Palo Alto, CA",Other,2026-09-18,2026-09-18,2026-09-19,,1,https://www.rubrik.com/company/careers/departments/job.8171088?gh_jid=8171088,Simplify
Gemini,Software Engineer Intern,swe,Software,Winter 2027,NYC,Other,2026-09-18,2026-09-18,2026-09-19,,1,https://boards.greenhouse.io/embed/job_app?for=gemini&token=8214272&gh_jid=8214272,Simplify
Waymo,"2027 Summer Intern, MS/PhD, Software Engineer, Multiverse",swe,,,"Mountain View, California, USA",,2026-09-18,2026-09-18,2026-09-18,,1,https://careers.withwaymo.com/jobs?gh_jid=8214519,greenhouse:waymo
Waymo,"2027 Summer Intern, BS/MS, Software Engineer, RO Performance team, Release Evaluation (Simulation)",swe,,,"Warsaw, Poland",,2026-09-18,2026-09-18,2026-09-25,,1,https://careers.withwaymo.com/jobs?gh_jid=8214729,greenhouse:waymo
WTW,Data Scientist Intern - P&C Insurance,data,AI/ML/Data,Summer 2027,"London, UK, Reigate, UK",Other,2026-09-18,2026-09-18,2026-09-19,,1,https://eedu.fa.em3.oraclecloud.com/hcmUI/CandidateExperience/en/sites/CX_1003/job/202605997,Simplify
Cotiviti,Generative AI Research Engineer Intern,data,AI/ML/Data,Fall 2026,Remote in USA,Other,2026-09-18,2026-09-18,2026-09-01,,1,https://careers-cotiviti.icims.com/jobs/20183/job?mobile=true&needsRedirect=false,Simplify
Amazon,Software Development Engineer Intern - Summer 2027,swe,Software,Summer 2027,"Vancouver, BC, Canada",Other,2026-09-18,2026-09-18,2026-09-19,,1,https://amazon.jobs/en/jobs/10553947/software-development-engineer-intern-summer-2027-can,Simplify
CoBank,Software Engineer Intern,swe,Software,Summer 2027,"Greenwood Village, CO",Other,2026-09-18,2026-09-18,2026-09-19,,1,https://careers.cobank.com/jobs/7940?icims=1,Simplify
Waymo,"2027 Summer Intern, MS/PhD, Product Data Science",data,,,"San Francisco, California, United States",,2026-09-18,2026-09-18,2026-09-25,,1,https://careers.withwaymo.com/jobs?gh_jid=8199365,greenhouse:waymo
Waymo,"2027 Summer Intern, MS/PhD, Sim-Realism ML Infrastructure",swe,,,"London, England, United Kingdom",,2026-09-18,2026-09-18,2026-09-18,,1,https://careers.withwaymo.com/jobs?gh_jid=8205680,greenhouse:waymo
Tyler Technologies,Software Development Intern,swe,Software,Summer 2027,"Lawrenceville, GA",Other,2026-09-18,2026-09-18,2026-09-18,,1,https://jobs.jobvite.com/tylertech/job/oAVOAfwD?nl=1&nl=1&fr=false,Simplify
Cogna,Software Engineer Intern,swe,Software,Summer 2027,"London, UK",Other,2026-09-18,2026-09-18,2026-09-18,,1,https://apply.workable.com/cogna/j/45A6283F88/apply,Simplify
Tesla,Software Engineer Intern - Energy Engineering,swe,Software,Winter 2027,"Palo Alto, CA",Other,2026-09-18,2026-09-18,2026-09-18,,1,https://www.tesla.com/careers/search/job/283950,Simplify
Tesla,Site Controller Software Engineer Intern - Energy Engineering,swe,Hardware,Winter 2027,"Palo Alto, CA",Other,2026-09-18,2026-09-18,2026-09-18,,1,https://www.tesla.com/careers/search/job/283956,Simplify
Tesla,Internship - Software Engineering - People Products - Winter/Spring 2027,swe,Software,Winter 2027,"Palo Alto, CA",Other,2026-09-18,2026-09-18,2026-09-18,,1,https://www.tesla.com/careers/search/job/284003,Simplify
Tesla,Internship - Software Engineering - People Products - Summer 2027,swe,Software,Summer 2027,"Palo Alto, CA",Other,2026-09-18,2026-09-18,2026-09-18,,1,https://www.tesla.com/careers/search/job/284004,Simplify
Microsoft,Software Engineer Intern,swe,Software,Winter 2027,"Redmond, WA, Santa Clara, CA",Other,2026-09-18,2026-09-18,2026-09-18,,1,https://apply.careers.microsoft.com/careers/job/1970393556982258,Simplify
Qualcomm,Low Power AI Software Development Intern - Interim Engineering Intern - Software,swe,Hardware,Summer 2027,"Markham, ON, Canada",Other,2026-09-18,2026-09-18,2026-09-18,,1,https://qualcomm.eightfold.ai/careers/job/446721143440,Simplify
TRC Companies,Software Engineer Intern,swe,Software,Summer 2027,"Calgary, AB, Canada",Other,2026-09-18,2026-09-18,2026-09-18,,1,https://careers.trccompanies.com/jobs/26840?icims=1,Simplify
Amazon,Software Development Engineer Intern - Summer,swe,Software,Summer 2027,"Seattle, WA, Arlington County, Arlington, VA",Other,2026-09-18,2026-09-18,2026-09-18,,1,https://amazon.jobs/en/jobs/10552937/software-development-engineer-internship-summer-2027-usa,Simplify
Altar'd State,IT Analytics Intern,data,AI/ML/Data,Summer 2027,"Knoxville, TN",Other,2026-09-18,2026-09-18,2026-09-18,,1,https://standoutforgood.wd12.myworkdayjobs.com/StandOutForGood/job/Knoxville-TN/Spring-2027-IT-Analytics-Intern_SOSJ12499,Simplify
Sun Life,Full Stack Developer Intern,swe,Software,N/A,"Toronto, ON, Canada, Waterford, Ireland",Other,2026-09-18,2026-09-18,2026-09-18,,1,https://sunlife.wd3.myworkdayjobs.com/en-US/Experienced-Jobs/job/Waterford-Waterford-Ireland/Student--Full-Stack-Developer_JR00126897,Simplify
Bank of Montreal,MFE Associate - Global Markets,quant,Quant,Summer 2027,NYC,Other,2026-09-18,2026-09-18,2026-09-19,,1,https://bmo.wd3.myworkdayjobs.com/External/job/New-York-NY-USA/MFE-Summer-Associate--Global-Markets_R260026728,Simplify
Sun Life,Martech Software Engineer,swe,Software,N/A,"Waterloo, ON, Canada",Other,2026-09-18,2026-09-18,2026-09-19,,1,https://sunlife.wd3.myworkdayjobs.com/en-US/Campus/job/Waterloo-Ontario/Student--MarTech-Software-Engineer--Winter-2027-_JR00128038,Simplify
American Family Insurance Group,Internal Data and Analytics Intern - Summer 2027,data,AI/ML/Data,Summer 2027,"Madison, WI",Other,2026-09-18,2026-09-18,2026-09-19,,1,https://amfam.wd1.myworkdayjobs.com/AmFamGroupInternCareers/job/WI-Madison/Internal-Data-and-Analytics-Intern---Summer-2027_R39401,Simplify
Thrivent,Associate Software Engineer Intern,swe,Software,Summer 2027,Minnesota,Other,2026-09-18,2026-09-18,2026-09-19,,1,https://thrivent.wd5.myworkdayjobs.com/external/job/Remote-Minnesota/Associate-Software-Engineer---Sophomore-Intern-Summer-2027_REQ-48457,Simplify
CME Group,Software Engineering Intern - Summer 2027,swe,Software,Summer 2027,"Chicago, IL",Other,2026-09-18,2026-09-18,2026-09-19,,1,https://cmegroup.wd1.myworkdayjobs.com/en-US/cme_careers/job/Chicago---20-S-Wacker/Software-Engineering-Internship---Summer-2027_34821,Simplify
CME Group,Software Engineering Fellow,swe,Software,N/A,"Chicago, IL",Other,2026-09-18,2026-09-18,2026-09-19,,1,https://cmegroup.wd1.myworkdayjobs.com/en-US/cme_careers/job/Chicago---20-S-Wacker/Software-Engineering-Fellowship---Summer-2027_34824,Simplify
Gordon Food Service,Category Insights Analyst Intern,data,AI/ML/Data,Summer 2027,"Wyoming, MI",Other,2026-09-18,2026-09-18,2026-09-19,,1,https://gfs.wd5.myworkdayjobs.com/usjobs-gen-gfs/job/Wyoming-Michigan/NA-Category-Insights-Analyst-Intern_R-57366-1,Simplify
Transamerica,Data Analytics Intern,data,AI/ML/Data,Spring 2027,"Cedar Rapids, IA",Other,2026-09-18,2026-09-18,2026-09-19,,1,https://transamerica.wd5.myworkdayjobs.com/US/job/Cedar-Rapids-Iowa/Data-Analytics-Intern--Spring-2027--Full-time-Hours-_R20062776,Simplify
Gordon Food Service,Software Engineer Intern - Low Code,swe,Software,Summer 2027,"Wyoming, MI",Other,2026-09-18,2026-09-18,2026-09-19,,1,https://gfs.wd5.myworkdayjobs.com/usjobs-gen-gfs/job/Wyoming-Michigan/Software-Engineer-Intern--Low-Code-_R-57375,Simplify
Gordon Food Service,Software Engineer Intern,swe,Software,Summer 2027,"Wyoming, MI",Other,2026-09-18,2026-09-18,2026-09-19,,1,https://gfs.wd5.myworkdayjobs.com/usjobs-gen-gfs/job/Wyoming-Michigan/Software-Engineer-Internship_R-57377,Simplify
United Parcel Service,Industrial Engineering Intern - Americas Region,data,AI/ML/Data,Summer 2027,United States,Other,2026-09-18,2026-09-18,2026-09-19,,1,https://hcmportal.wd5.myworkdayjobs.com/en-US/Search/job/US---UPS-CORPORATE-OFFICES-GACOR/XMLNAME-2027-Americas-Region-Industrial-Engineering-Summer-Intern_R26032989,Simplify
Centene,Analytics Intern,data,AI/ML/Data,Summer 2027,Florida,Other,2026-09-18,2026-09-19,2026-09-19,,1,https://centene.wd5.myworkdayjobs.com/Centene_External/job/Remote-FL/Centene-2027-Graduate-Summer-Intern_1660479,Simplify
Waymo,Software Engineering Intern - Multiple Teams,swe,AI/ML/Data,Summer 2027,"London, UK",Other,2026-09-17,2026-09-17,2026-09-18,,1,https://careers.withwaymo.com/jobs?gh_jid=8208465,Simplify
Waymo,Conflict Behavior Intern - MS/PhD,data,AI/ML/Data,Summer 2027,"Mountain View, CA",Other,2026-09-17,2026-09-17,2026-09-18,,1,https://careers.withwaymo.com/jobs?gh_jid=8210138,Simplify
Waymo,Scenes Intern,swe,Software,Summer 2027,"Mountain View, CA",Other,2026-09-17,2026-09-17,2026-09-18,,1,https://careers.withwaymo.com/jobs?gh_jid=8210170,Simplify
Flagship Pioneering,Digital CMC TechOps Co-op,swe,Software,Winter 2027,"Cambridge, MA",Other,2026-09-17,2026-09-17,2026-09-18,,1,https://job-boards.greenhouse.io/fspco-op012325/jobs/8814364002,Simplify
Geneva Trading,AI Engineer Intern,swe,Software,Summer 2027,"Chicago, IL",Other,2026-09-17,2026-09-17,2026-09-18,,1,https://job-boards.greenhouse.io/genevatrading/jobs/5240107007,Simplify
Tower Research Capital,Software Developer Intern,swe,Software,Summer 2027,"Montreal, QC, Canada",Other,2026-09-17,2026-09-17,2026-09-18,,1,https://www.tower-research.com/open-positions/?gh_jid=8212179,Simplify
Lennox International,IoT Intern,swe,Software,Summer 2027,"Richardson, TX",Other,2026-09-17,2026-09-17,2026-09-18,,1,https://uscareers-lennox.icims.com/jobs/54893/job?mobile=true&needsRedirect=false,Simplify
Lennox International,AI & Analytics Intern,data,AI/ML/Data,Summer 2027,"Richardson, TX",Other,2026-09-17,2026-09-17,2026-09-18,,1,https://uscareers-lennox.icims.com/jobs/54804/job?mobile=true&needsRedirect=false,Simplify
Lennox International,AI Engineering Intern - Summer 2027,data,AI/ML/Data,Summer 2027,"Richardson, TX",Other,2026-09-17,2026-09-17,2026-09-18,,1,https://uscareers-lennox.icims.com/jobs/54897/job?mobile=true&needsRedirect=false,Simplify
Qualcomm,Firmware Engineer Intern - Embedded Software Engineering - Embedded Firmware and SDK Development,swe,Hardware,Summer 2027,"Toronto, ON, Canada",Other,2026-09-17,2026-09-17,2026-09-18,,1,https://qualcomm.eightfold.ai/careers/job/446721141411,Simplify
4AG Robotics,AI Co-op Student,data,AI/ML/Data,Winter 2027,"Salmon Arm, BC, Canada",Other,2026-09-17,2026-09-17,2026-09-18,,1,https://ats.rippling.com/4ag/jobs/921801f5-ae83-4a49-a234-221a87d94fe7,Simplify
Abridge,Software Engineer Intern - Spring,swe,Software,Spring 2027,SF,Other,2026-09-17,2026-09-17,2026-09-18,,1,https://jobs.ashbyhq.com/abridge/6569d8f7-bd0b-4bb0-a3af-37f83e19ec5e/application?embed=true,Simplify
4AG Robotics,Robotics Software Co-op,swe,AI/ML/Data,Winter 2027,"Salmon Arm, BC, Canada",Other,2026-09-17,2026-09-17,2026-09-18,,1,https://ats.rippling.com/4ag/jobs/71d97d10-87f2-4f53-88b7-97f27f392d24,Simplify
REV Robotics,Software Engineer Intern,swe,Hardware,Summer 2027,"Carrollton, TX",Other,2026-09-17,2026-09-17,2026-09-18,,1,https://ats.rippling.com/rev-robotics/jobs/9f4e5d99-0bba-4e03-8018-e312810a3dba,Simplify
Honeywell,Software Engineer Co-op,swe,Software,Summer 2027,"Pittsford, NY",Other,2026-09-17,2026-09-17,2026-09-18,,1,https://ibqbjb.fa.ocs.oraclecloud.com/hcmUI/CandidateExperience/en/sites/Honeywell/job/158088,Simplify
Honeywell,Data Science Co-op,data,AI/ML/Data,Summer 2027,"Pittsford, NY",Other,2026-09-17,2026-09-17,2026-09-18,,1,https://ibqbjb.fa.ocs.oraclecloud.com/hcmUI/CandidateExperience/en/sites/Honeywell/job/157903,Simplify
Toyota Research Institute,Human-Centered AI Research Intern - Causal Reasoning Models,data,AI/ML/Data,Winter 2027,"Los Altos, CA",Other,2026-09-17,2026-09-17,2026-09-18,,1,https://jobs.lever.co/tri/6433edb6-76be-409f-9a73-9b9d9c207f9f/apply,Simplify
GM financial,Software Development Engineer Intern,swe,Software,Summer 2027,"Arlington, TX",Other,2026-09-17,2026-09-17,2026-09-18,,1,https://fa-exvu-saasfaprod1.fa.ocs.oraclecloud.com/hcmUI/CandidateExperience/en/sites/CX_1/job/260795,Simplify
Bitmovin,Technical Graduate Intern,swe,Software,N/A,"Denver, CO",Other,2026-09-17,2026-09-17,2026-09-18,,1,https://bitmovin.com/careers/8660599002?gh_jid=8660599002,Simplify
Rocket Lab USA,Systems Engineer Intern,swe,Hardware,Summer 2027,"Pasadena, CA",Other,2026-09-17,2026-09-17,2026-09-18,,1,https://job-boards.greenhouse.io/rocketlab/jobs/7990138003,Simplify
Kinaxis,AI Quality Co-op Intern - Evaluation & Security,swe,Software,Winter 2027,"Ottawa, ON, Canada",Other,2026-09-17,2026-09-17,2026-09-18,,1,https://careers-kinaxis.icims.com/jobs/35378/job?mobile=true&needsRedirect=false,Simplify
Kinaxis,Developer Intern Co-op - AI Innovation,swe,Software,Winter 2027,"Ottawa, ON, Canada",Other,2026-09-17,2026-09-17,2026-09-18,,1,https://careers-kinaxis.icims.com/jobs/35377/job?mobile=true&needsRedirect=false,Simplify
W.R. Berkley,Software Developer Intern - Java,swe,Software,Summer 2027,"Urbandale, IA",Other,2026-09-17,2026-09-17,2026-09-18,,1,https://careers-berkley.icims.com/jobs/14437/job?mobile=true&needsRedirect=false,Simplify
Tower Research Capital,Stagiaire en développement de logiciels (été 2027) / Software Developer Intern (Summer 2027),swe,,,Montreal,,2026-09-17,2026-09-17,2026-09-17,,1,https://www.tower-research.com/open-positions/?gh_jid=8212179,greenhouse:towerresearchcapital
Waymo,"2027 Summer Intern, MS/PhD, Machine Learning, Simulation Realism",data,,,"London, England, United Kingdom",,2026-09-17,2026-09-17,2026-09-17,,1,https://careers.withwaymo.com/jobs?gh_jid=8208465,greenhouse:waymo
Geneva Trading,AI Engineer Internship - Summer 2027,data,,,Chicago Office,,2026-09-17,2026-09-17,2026-09-17,,1,https://job-boards.greenhouse.io/genevatrading/jobs/5240107007,greenhouse:genevatrading
Rothesay,Quantitative Strategist Intern,quant,Quant,Summer 2027,"London, UK",Other,2026-09-17,2026-09-17,2026-09-17,,1,https://job-boards.greenhouse.io/rothesaygraduates/jobs/8811533002,Simplify
Alayacare,Fullstack Developer Intern - Python,swe,Software,Winter 2027,"Montreal, QC, Canada",Other,2026-09-17,2026-09-17,2026-09-17,,1,https://alayacare.com/open-positions?gh_jid=8811336002,Simplify
Johns Hopkins Applied Physics Laboratory,Maritime Modeling & Control Intern - Maritime Robotics,data,AI/ML/Data,Winter 2027,"Laurel, MD",Other,2026-09-17,2026-09-17,2026-09-17,,1,https://careers.jhuapl.edu/jobs/60031?icims=1,Simplify
Howmet Aerospace,Artificial Intelligence Intern - AI,data,AI/ML/Data,Summer 2027,"Pittsburgh, PA",Other,2026-09-17,2026-09-17,2026-09-17,,1,https://fa-exty-saasfaprod1.fa.ocs.oraclecloud.com/hcmUI/CandidateExperience/en/sites/CX_1/job/119494,Simplify
Waymo,Software Engineering Intern - Maneuvering Tech,swe,Software,Summer 2027,SF,Other,2026-09-17,2026-09-17,2026-09-17,,1,https://careers.withwaymo.com/jobs?gh_jid=8203200,Simplify
Waymo,"2027 Summer Intern, BS/MS, Software Engineering, Maneuvering Tech",swe,,,"San Francisco, California",,2026-09-17,2026-09-17,2026-09-17,,1,https://careers.withwaymo.com/jobs?gh_jid=8203200,greenhouse:waymo
onsemi,Data and Visualization Intern,data,AI/ML/Data,Summer 2027,"Hopewell Junction, NY",Other,2026-09-17,2026-09-17,2026-09-17,,1,https://hctz.fa.us2.oraclecloud.com/hcmUI/CandidateExperience/en/sites/CX_1001/job/2506638,Simplify
Arizona State University,Student Strategic Research Assistant,data,AI/ML/Data,N/A,"Tempe, AZ",Other,2026-09-17,2026-09-17,2026-09-17,,1,https://asuep.wd5.myworkdayjobs.com/ASUFoundation/job/Tempe-AZ/Student-Strategic-Research-Assistant_R1427,Simplify
Vanguard,Co-op - Multiple Teams,swe,Software,Summer 2027,"Dallas, TX",Other,2026-09-17,2026-09-17,2026-09-17,,1,https://vanguard.wd5.myworkdayjobs.com/en-US/contractors_restricted/job/DallasFt-Worth-TX/XMLNAME-2027-Spring-Summer-Co-op-Opportunities---Dallas_182410,Simplify
British Columbia Investment,Investment Risk Analytics Solutions Co-op Intern - Winter 2027,data,AI/ML/Data,Winter 2027,"Victoria, BC, Canada",Other,2026-09-17,2026-09-17,2026-09-17,,1,https://bci.wd10.myworkdayjobs.com/BCI_Careers/job/Victoria-BC/Investment-Risk-Analytics-Solutions-Co-op-Internship--Winter-2027-_JR101608,Simplify
British Columbia Investment,AI and Automation Engineer Co-op Intern - Winter 2027 - Summer 2027,swe,Software,Summer 2027,"Victoria, BC, Canada",Other,2026-09-17,2026-09-17,2026-09-17,,1,https://bci.wd10.myworkdayjobs.com/BCI_Careers/job/Victoria-BC/AI-and-Automation-Engineer-Co-op-Internship--Winter---Summer-2027-_JR101597-1,Simplify
British Columbia Investment,Technology Solutions Engineer Co-op/Intern,swe,Software,Winter 2027,"Victoria, BC, Canada, Vancouver, BC, Canada",Other,2026-09-17,2026-09-17,2026-09-17,,1,https://bci.wd10.myworkdayjobs.com/BCI_Careers/job/Victoria-BC/Technology-Solutions-Engineer-Co-op-Internship--Winter-2027-_JR101601,Simplify
British Columbia Investment,Software Engineer Co-op Intern - Investment Tech/Data & Analytics,swe,Software,Summer 2027,"Victoria, BC, Canada, Vancouver, BC, Canada",Other,2026-09-17,2026-09-17,2026-09-17,,1,https://bci.wd10.myworkdayjobs.com/BCI_Careers/job/Victoria-BC/Investment-Tech-Data---Analytics----Software-Engineer-Co-op-Internship--Winter-2027-or-Winter---Summer-2027-_JR101596,Simplify
British Columbia Investment,Software Engineer Co-op Intern - Winter 2027,swe,Software,Winter 2027,"Victoria, BC, Canada, Vancouver, BC, Canada",Other,2026-09-17,2026-09-17,2026-09-17,,1,https://bci.wd10.myworkdayjobs.com/BCI_Careers/job/Vancouver-BC/Software-Engineer-Co-op-Internship--Winter-2027-_JR101590,Simplify
Great American Insurance Company,Catastrophe Modeling & Data Analytics Intern,data,AI/ML/Data,Spring 2027,"Cincinnati, OH",Other,2026-09-17,2026-09-17,2026-09-17,,1,https://gaig.wd1.myworkdayjobs.com/GAIG_External/job/Cincinnati-OH-USA/Catastrophe-Modeling---Data-Analytics-Intern--Spring-2027-_R9576,Simplify
Northrop Grumman,Software Engineering Industrial Placement,swe,Software,N/A,"Cheltenham, UK",Other,2026-09-17,2026-09-17,2026-09-17,,1,https://ngc.wd1.myworkdayjobs.com/Northrop_Grumman_External_Site/job/United-Kingdom-Cheltenham/Industrial-Placement---Software-Engineer_R10251089,Simplify
Northrop Grumman,Software Engineer - Industrial Placement,swe,Software,N/A,"New Malden, UK",Other,2026-09-17,2026-09-17,2026-09-17,,1,https://ngc.wd1.myworkdayjobs.com/Northrop_Grumman_External_Site/job/United-Kingdom-New-Malden/Industrial-Placement---Software-Engineer_R10251096,Simplify
Avis Budget Group,Data Analytics Intern,data,AI/ML/Data,Summer 2027,"Parsippany-Troy Hills, NJ",Other,2026-09-17,2026-09-17,2026-09-17,,1,https://avisbudget.wd1.myworkdayjobs.com/abg_careers/job/379-Interpace-Pkwy-Parsippany-07054/Accelerate---Data-Analytics-Intern-Summer-2027_R0190389,Simplify
Avis Budget Group,IT Engineering Intern - Accelerate,swe,Software,Summer 2027,"Parsippany-Troy Hills, NJ",Other,2026-09-17,2026-09-17,2026-09-17,,1,https://avisbudget.wd1.myworkdayjobs.com/abg_careers/job/379-Interpace-Pkwy-Parsippany-07054/Accelerate---IT-Engineering-Intern-Summer-2027_R0190463,Simplify
LSEG,Engineering Intern,swe,Software,Summer 2027,NYC,Other,2026-09-17,2026-09-17,2026-09-18,,1,https://lseg.wd3.myworkdayjobs.com/Graduate_Careers/job/New-York-City-United-States/Engineering-Summer-Internship-Programme_R0123569,Simplify
TOPPAN Packaging Americas,Student Associate - AI & Business Analytics,data,AI/ML/Data,N/A,"Charlotte, NC",Other,2026-09-17,2026-09-17,2026-09-18,,1,https://toppan.wd108.myworkdayjobs.com/TOPPAN-Packaging/job/Charlotte-NC-USA/Student-Associate---AI---Business-Analytics_JR-200873,Simplify
Northwestern Mutual,Investment Data & Analytics Intern,data,AI/ML/Data,Summer 2027,"Milwaukee, WI",Other,2026-09-17,2026-09-17,2026-09-18,,1,https://northwesternmutual.wd5.myworkdayjobs.com/corporate-careers/job/Milwaukee-WI-Corporate/Investment-Data---Analytics-Intern--Summer-2027_JR-46050,Simplify
Gordon Food Service,Data Engineering Intern - Atlanta Tech Hub - Data Engineering,data,AI/ML/Data,Summer 2027,"Atlanta, GA",Other,2026-09-17,2026-09-17,2026-09-18,,1,https://gfs.wd5.myworkdayjobs.com/usjobs-gen-gfs/job/Atlanta-Georgia/Data-Engineering-Internship_R-57330,Simplify
Generac,Data Science Intern - Summer 2027,data,AI/ML/Data,Summer 2027,"Pewaukee, WI, Waukesha, WI",Other,2026-09-17,2026-09-17,2026-09-18,,1,https://generac.wd5.myworkdayjobs.com/en-US/external/job/Waukesha-WI---USA/Data-Science-Intern---Summer-2027_JR17001,Simplify
The Hartford,Data Science Intern - Summer 2027,data,AI/ML/Data,Summer 2027,"Chicago, IL, Charlotte, NC, Hartford, CT",Other,2026-09-17,2026-09-17,2026-09-18,,1,https://thehartford.wd5.myworkdayjobs.com/Careers_External/job/Hartford-CT/Data-Science-Intern---Summer-2027_R2627114,Simplify
Fidelity National Information Services,Software Engineer Intern - FIS University Program,swe,Software,Summer 2027,"Milwaukee, WI, Jacksonville, FL, Atlanta, GA",Other,2026-09-17,2026-09-17,2026-09-18,,1,https://fis.wd5.myworkdayjobs.com/searchjobs/job/US-FL-JAX-347/Intern--Software-Engineer--FIS-University-Program_JR0309512,Simplify
Fidelity National Information Services,Data Analytics and AI Intern - FIS University Program,data,AI/ML/Data,Summer 2027,"Milwaukee, WI, Jacksonville, FL, Atlanta, GA",Other,2026-09-17,2026-09-17,2026-09-18,,1,https://fis.wd5.myworkdayjobs.com/searchjobs/job/US-FL-JAX-347/Intern--Data-Analytics-and-AI--FIS-University-Program_JR0309690,Simplify
OCC,Data Intern - Data,data,AI/ML/Data,Summer 2027,"Chicago, IL",Other,2026-09-17,2026-09-17,2026-09-18,,1,https://theocc.wd5.myworkdayjobs.com/careers/job/Chicago---125-S-Franklin/Summer-Intern---Data_REQ-4844,Simplify
Republic Airways,Strategic Operations Intern,data,AI/ML/Data,Spring 2027,"Carmel, IN",Other,2026-09-17,2026-09-17,2026-09-18,,1,https://rjet.wd108.myworkdayjobs.com/External_Career_Site/job/Carmel-Headquarters/Strategic-Operations-Intern---Spring-2027_JR-007634,Simplify
Republic Airways,Data Analytics Intern,data,AI/ML/Data,Summer 2027,"Carmel, IN",Other,2026-09-17,2026-09-17,2026-09-18,,1,https://rjet.wd108.myworkdayjobs.com/External_Career_Site/job/Carmel-Headquarters/Data-Analytics-Intern---Summer-2027_JR-007628,Simplify
OCC,AI Research & Engineering Intern,swe,Software,Summer 2027,"Chicago, IL",Other,2026-09-17,2026-09-17,2026-09-18,,1,https://theocc.wd5.myworkdayjobs.com/careers/job/Chicago---125-S-Franklin/Year-Round-Intern---AI-Research---Engineering_REQ-4833,Simplify
OCC,Quantitative Risk Management Intern,quant,Quant,Summer 2027,"Chicago, IL",Other,2026-09-17,2026-09-17,2026-09-18,,1,https://theocc.wd5.myworkdayjobs.com/careers/job/Chicago---125-S-Franklin/Summer-Intern---Quantitative-Risk-Management_REQ-4862,Simplify
OCC,Data Intern,data,AI/ML/Data,Winter 2027,"Chicago, IL",Other,2026-09-17,2026-09-17,2026-09-18,,1,https://theocc.wd5.myworkdayjobs.com/careers/job/Chicago---125-S-Franklin/Year-Round-Intern---Data_REQ-4846,Simplify
OCC,Model Risk Management Intern,quant,Quant,Summer 2027,"Chicago, IL",Other,2026-09-17,2026-09-17,2026-09-18,,1,https://theocc.wd5.myworkdayjobs.com/careers/job/Chicago---125-S-Franklin/Summer-Intern---Model-Risk-Management_REQ-4861,Simplify
Cerity Partners,Risk Management Strategy Intern,data,AI/ML/Data,Summer 2027,"Louisville, KY",Other,2026-09-17,2026-09-17,2026-09-18,,1,https://ceritypartners.wd12.myworkdayjobs.com/ceritypartnerscareers/job/Louisville-KY/XMLNAME-2027-Summer-Risk-Management-Strategy-Analyst-Internship_R918-1,Simplify
Church & Dwight,AI Developer Co-op - Graduate Program,swe,Software,Summer 2027,"Ewing Township, NJ",Other,2026-09-17,2026-09-17,2026-09-18,,1,https://churchdwight.wd1.myworkdayjobs.com/chdcareers/job/USA-Ewing-NJ/AI-Developer-Co-op---Graduate-Program--9-Months-_R2026-15686,Simplify
Clarios,Data Science Intern,data,AI/ML/Data,Summer 2027,"Milwaukee, WI",Other,2026-09-17,2026-09-17,2026-09-18,,1,https://clarios.wd5.myworkdayjobs.com/clarioscareers/job/United-States-Wisconsin-Milwaukee/Data-Science-Intern--Summer-2027-_WD50211,Simplify
"University of Nevada, Reno",Computer Science Engineer Student Worker,swe,Software,N/A,"Reno, NV",Other,2026-09-17,2026-09-17,2026-09-18,,1,https://nshe.wd1.myworkdayjobs.com/UNR-external/job/University-of-Nevada-Reno---Main-Campus/Student-Worker---Student-Computer-Science-Engineer--SAGE_R0153576,Simplify
Gordon Food Service,Vendor & Customer Master Data Intern - Master Data,data,AI/ML/Data,Summer 2027,"Wyoming, MI",Other,2026-09-17,2026-09-18,2026-09-18,,1,https://gfs.wd5.myworkdayjobs.com/usjobs-gen-gfs/job/Wyoming-Michigan/Vendor---Customer-Master-Data-Internship_R-57341,Simplify
Axiom Space,Software Engineer Intern,swe,Software,Summer 2027,"Houston, TX",Other,2026-09-17,2026-09-19,2026-09-19,,1,https://axiomspace.wd5.myworkdayjobs.com/External_Career_Site/job/Software-Engineering-Intern--Summer-2026-_JR100691,Simplify
Nanopath,Software Development Co-op,swe,Hardware,Winter 2027,"Cambridge, MA",Other,2026-09-16,2026-09-16,2026-09-17,,1,https://job-boards.greenhouse.io/nanopathinc/jobs/4732881005,Simplify
Waymo,Software Engineer Intern - MS/PhD,swe,Software,Summer 2027,"Mountain View, CA",Other,2026-09-16,2026-09-16,2026-09-17,,1,https://careers.withwaymo.com/jobs?gh_jid=8202801,Simplify
Waymo,Machine Learning Intern - Computer Vision,data,AI/ML/Data,Summer 2027,"Mountain View, CA",Other,2026-09-16,2026-09-16,2026-09-17,,1,https://careers.withwaymo.com/jobs?gh_jid=8202025,Simplify
Waymo,Quantitative Software Engineer Intern,quant,Software,Summer 2027,"SF, Mountain View, CA",Other,2026-09-16,2026-09-16,2026-09-17,,1,https://careers.withwaymo.com/jobs?gh_jid=8197554,Simplify
Schonfeld,Quant Developer Intern - Discretionary Macro Fixed Income,quant,Quant,Summer 2027,"London, UK",Other,2026-09-16,2026-09-16,2026-09-17,,1,https://job-boards.greenhouse.io/schonfeld/jobs/8207942,Simplify
Apera AI,Software Developer Co-op - Full Stack,swe,Software,Summer 2027,"Vancouver, BC, Canada",Other,2026-09-16,2026-09-16,2026-09-17,,1,https://job-boards.greenhouse.io/aperaaiinc/jobs/5240259007,Simplify
AEG,Global Partnerships Intern - Data & Research,data,AI/ML/Data,Fall 2026,LA,Other,2026-09-16,2026-09-16,2026-09-17,,1,https://job-boards.greenhouse.io/aegworldwide/jobs/8811721002,Simplify
Cyvl,Data Operations Intern - Summer 2027,data,AI/ML/Data,Summer 2027,"Boston, MA, Somerville, MA",Other,2026-09-16,2026-09-16,2026-09-17,,1,https://jobs.ashbyhq.com/cyvl/f44bb1cf-7100-46f7-b3c2-6d2a566d4b0d/application?embed=true,Simplify
Decagon,Engineering Intern,swe,Software,Summer 2027,SF,Other,2026-09-16,2026-09-16,2026-09-17,,1,https://jobs.ashbyhq.com/decagon/16529089-a048-4bc3-8456-3f197135e00b/application?embed=true,Simplify
Collier Aerospace,AI Feature Development Intern - NCSG,swe,Software,Summer 2027,"Raleigh, NC",Other,2026-09-16,2026-09-16,2026-09-17,,1,https://ats.rippling.com/collieraerospace/jobs/5a8bf9a3-c4f5-4c5a-ba9a-188979106827,Simplify
Ragle Inc,Software Engineer Intern,swe,Software,Summer 2027,"North Richland Hills, TX",Other,2026-09-16,2026-09-16,2026-09-17,,1,https://ragleinc.applytojob.com/apply/lonTfWhOqm/Software-Engineer-Intern,Simplify
GM financial,Data Science Intern,data,AI/ML/Data,Summer 2027,"Fort Worth, TX",Other,2026-09-16,2026-09-16,2026-09-17,,1,https://fa-exvu-saasfaprod1.fa.ocs.oraclecloud.com/hcmUI/CandidateExperience/en/sites/CX_1/job/260839,Simplify
GM financial,Economic Analysis Intern,quant,Quant,Summer 2027,"Fort Worth, TX",Other,2026-09-16,2026-09-16,2026-09-17,,1,https://fa-exvu-saasfaprod1.fa.ocs.oraclecloud.com/hcmUI/CandidateExperience/en/sites/CX_1/job/260811,Simplify
Tesla,Service Program & Project Management Intern,data,AI/ML/Data,Spring 2027,"Austin, TX",Other,2026-09-16,2026-09-16,2026-09-17,,1,https://www.tesla.com/careers/search/job/283443,Simplify
AMD,AI Model Optimization & Software Engineer Intern/Co-op,swe,AI/ML/Data,Summer 2027,"San Jose, CA, Santa Clara, CA",Other,2026-09-16,2026-09-16,2026-09-17,,1,https://careers.amd.com/jobs/92522?icims=1,Simplify
Tesla,Factory Firmware Integration Intern - Energy Engineering,swe,Software,Winter 2027,"Buffalo, NY",Other,2026-09-16,2026-09-16,2026-09-17,,1,https://www.tesla.com/careers/search/job/283630,Simplify
CoVar,Machine Learning Intern,data,AI/ML/Data,Summer 2027,"Durham, NC",Other,2026-09-16,2026-09-16,2026-09-17,,1,https://job-boards.greenhouse.io/covar/jobs/5240360007,Simplify
Relay,Software Engineer Intern - AI/ML,swe,AI/ML/Data,Summer 2027,"Raleigh, NC",Other,2026-09-16,2026-09-16,2026-09-17,,1,https://job-boards.greenhouse.io/relaypro/jobs/8176774,Simplify
Relay,Software Engineer Intern - Device Team,swe,Software,Summer 2027,"Raleigh, NC",Other,2026-09-16,2026-09-16,2026-09-17,,1,https://job-boards.greenhouse.io/relaypro/jobs/8180836,Simplify
Ramp,"Software Engineer, International",swe,,,London,,2026-09-16,2026-09-16,2026-09-06,,1,https://jobs.ashbyhq.com/ramp/009dc18b-26a3-4fac-a773-c60d742cf840,ashby:ramp
Waymo,"2027 Summer Intern, PhD, Quantitative Software Engineer",quant,,,"Mountain View, California, United States | San Francisco, California, United States",,2026-09-16,2026-09-16,2026-09-16,,1,https://careers.withwaymo.com/jobs?gh_jid=8197554,greenhouse:waymo
Schonfeld ,2027 DMFI Quant Developer Intern,quant,,,"London, England, United Kingdom",,2026-09-16,2026-09-16,2026-09-16,,1,https://job-boards.greenhouse.io/schonfeld/jobs/8207942,greenhouse:schonfeld
Waymo,"2027 Summer Intern, MS/PhD, Machine Learning, Simulator Evaluation",data,,,"Mountain View, California, USA",,2026-09-16,2026-09-16,2026-09-17,,1,https://careers.withwaymo.com/jobs?gh_jid=8202801,greenhouse:waymo
Enterprise Holdings,Software Engineer Intern - Summer 2027,swe,Software,Summer 2027,"St. Louis, MO",Other,2026-09-16,2026-09-16,2026-09-16,,1,https://us-erac.icims.com/jobs/566721/job?mobile=true&needsRedirect=false,Simplify
Bedrock Robotics,Software Engineer Intern - Fleet Platform,swe,Software,Summer 2027,NYC,Other,2026-09-16,2026-09-16,2026-09-16,,1,https://jobs.ashbyhq.com/bedrock-robotics/8927dd7e-a48d-49a2-92eb-09ec059432f4/application?embed=true,Simplify
Abundant,Research Intern Fellow,data,AI/ML/Data,N/A,SF,Other,2026-09-16,2026-09-16,2026-09-16,,1,https://jobs.ashbyhq.com/abundant/4da99916-c29b-49a2-8e2d-1964b1838e11/application?embed=true,Simplify
Gecko Robotics,AI/Machine Learning Engineer Intern,data,AI/ML/Data,Summer 2027,NYC,Other,2026-09-16,2026-09-16,2026-09-16,,1,https://jobs.ashbyhq.com/gecko-robotics/c097505b-0a28-4a33-a917-268f463641e8/application?embed=true,Simplify
Gecko Robotics,Full Stack Software Engineer Intern,swe,Software,Summer 2027,NYC,Other,2026-09-16,2026-09-16,2026-09-16,,1,https://jobs.ashbyhq.com/gecko-robotics/01138338-ff3c-4982-8ba3-5401386bf082/application?embed=true,Simplify
Talos,Software Engineer Intern - Trading,quant,Software,Summer 2027,"London, UK",Other,2026-09-16,2026-09-16,2026-09-16,,1,https://jobs.ashbyhq.com/Talos-Trading/42cad756-c312-4142-a9b7-18ed76f61c5d/application?embed=true,Simplify
General Dynamics,Information Technology Intern - Software Engineering - Computer Science,swe,Software,Summer 2027,"Newport, RI, New London, CT, North Kingstown, RI, North Stonington, CT, Groton, CT",Other,2026-09-16,2026-09-16,2026-09-16,,1,https://careers-gdeb.icims.com/jobs/20341/job?mobile=true&needsRedirect=false,Simplify
V2X,Artificial Intelligence Intern,data,AI/ML/Data,Summer 2027,"Indianapolis, IN",Other,2026-09-16,2026-09-16,2026-09-16,,1,https://careers.gov2x.com/jobs/62843?icims=1,Simplify
Wabash Valley Power Alliance,Energy Efficiency & Demand Response Intern,data,AI/ML/Data,Summer 2027,"Indianapolis, IN",Other,2026-09-16,2026-09-16,2026-09-16,,1,https://jobs.smartrecruiters.com/WabashValleyPowerAlliance/744000149873771,Simplify
RAVE Aerospace,Software Engineer Intern,swe,Software,Summer 2027,"Laramie, WY",Other,2026-09-16,2026-09-16,2026-09-16,,1,https://apply.workable.com/raveaerospace/j/739753C003/apply,Simplify
Antares Nuclear,Software Engineer Intern,swe,Hardware,Summer 2027,"Torrance, CA",Other,2026-09-16,2026-09-16,2026-09-16,,1,https://jobs.ashbyhq.com/Antares/419ef2df-f0aa-4b68-994a-077e08a959e3/application?embed=true,Simplify
DV Trading,2027 Software Developer Intern  (DV Equities),swe,,,Hong Kong,,2026-09-16,2026-09-16,2026-09-16,,1,https://job-boards.greenhouse.io/dvtrading/jobs/4733880005,greenhouse:dvtrading
DV Trading,2027 Quantitative Research Intern (DV Equities),quant,,,Hong Kong,,2026-09-16,2026-09-16,2026-09-16,,1,https://job-boards.greenhouse.io/dvtrading/jobs/4733877005,greenhouse:dvtrading
Apera AI,Software Developer Co-op - C++,swe,Software,Summer 2027,"Vancouver, BC, Canada",Other,2026-09-16,2026-09-16,2026-09-16,,1,https://job-boards.greenhouse.io/aperaaiinc/jobs/5239394007,Simplify
Apera AI,Machine Learning Applied Scientist Co-op,data,AI/ML/Data,Summer 2027,"Vancouver, BC, Canada",Other,2026-09-16,2026-09-16,2026-09-16,,1,https://job-boards.greenhouse.io/aperaaiinc/jobs/5239440007,Simplify
Kaiser Permanente,Undergraduate Student Temp - SSD Solutions Architecture,data,AI/ML/Data,N/A,"Pasadena, CA",Other,2026-09-16,2026-09-16,2026-09-16,,1,https://kp.taleo.net/careersection/external/jobdetail.ftl?job=1447569,Simplify
CesiumAstro,Embedded Software Engineer Intern,swe,Hardware,Summer 2027,"Westminster, CO",Other,2026-09-16,2026-09-16,2026-09-16,,1,https://jobs.lever.co/CesiumAstro/96e97f22-a5b2-4e95-af84-b4f765343663/apply,Simplify
Lawrence Livermore National Laboratory (LLNL),Data Science Undergraduate Student Intern - Summer 2027,data,AI/ML/Data,Summer 2027,"Livermore, CA",Other,2026-09-16,2026-09-16,2026-09-16,,1,https://jobs.smartrecruiters.com/LLNL/3743990015289136,Simplify
Jabil,Server Platform Intern,swe,Hardware,Summer 2027,"Austin, TX",Other,2026-09-16,2026-09-16,2026-09-16,,1,https://jabil.wd5.myworkdayjobs.com/Jabil_Careers/job/Austin-TX/Server-Platform-Intern_J2464685,Simplify
Louisiana Blue,Value Based Operations Analyst Intern - Spring 2027,data,AI/ML/Data,Spring 2027,LA,Other,2026-09-16,2026-09-16,2026-09-16,,1,https://bcbsla.wd1.myworkdayjobs.com/Generation_Blue/job/Remote-LA/CW-Value-Based-Operations-Analyst-Intern--Spring-2027-_R12138,Simplify
Bass Pro Shops,IT Developer Intern,swe,Software,Summer 2027,"Springfield, MO",Other,2026-09-16,2026-09-16,2026-09-16,,1,https://basspro.wd1.myworkdayjobs.com/careers/job/Springfield-MO-Bass-Pro-Shops-Base-Camp/IT-Developer-Intern-Summer-2027_R267441-1,Simplify
Sun Life,Reporting Analyst Co-op,data,AI/ML/Data,Summer 2027,"Wellesley, MA",Other,2026-09-16,2026-09-16,2026-09-17,,1,https://sunlife.wd3.myworkdayjobs.com/en-US/Campus/job/Wellesley-Hills-Massachusetts/Reporting-Analyst-Co-op---Spring-2027_JR00127633,Simplify
Altar'd State,IT Data Intern,data,AI/ML/Data,Spring 2027,"Knoxville, TN",Other,2026-09-16,2026-09-16,2026-09-17,,1,https://standoutforgood.wd12.myworkdayjobs.com/StandOutForGood/job/Knoxville-TN/Spring-2027-IT-Data-Intern_SOSJ12488-1,Simplify
Tokyo Electron,Decision Analysis & AI Intern,swe,Software,Summer 2027,"Chaska, MN",Other,2026-09-16,2026-09-16,2026-09-17,,1,https://tel.wd3.myworkdayjobs.com/tel-careers/job/Chaska/Decision-Analysis---AI-Summer-2027-Intern_R26-01574,Simplify
Nasdaq,Software Developer/Engineer Intern,swe,Software,Summer 2027,"Atlanta, GA",Other,2026-09-16,2026-09-16,2026-09-17,,1,https://nasdaq.wd1.myworkdayjobs.com/Global_External_Site/job/GA---Glenridge-Point/Software-Developer--Engineer-Intern---2027-Summer-Internship_R0026972,Simplify
Tokyo Electron,Software Engineer Intern,swe,Software,Summer 2027,"Chaska, MN",Other,2026-09-16,2026-09-16,2026-09-17,,1,https://tel.wd3.myworkdayjobs.com/tel-careers/job/Chaska/Software-Engineer-2027-Summer-Intern_R26-01573,Simplify
City of Virginia Beach,GIS Intern - Fire Department,data,AI/ML/Data,Winter 2027,"Virginia Beach, VA",Other,2026-09-16,2026-09-16,2026-09-17,,1,https://wd5.myworkdaysite.com/recruiting/vbgov/City_Of_Virginia_Beach_Careers/job/Municipal-Center-Bldg-21/Virginia-Beach-Fire-Department-GIS-Intern_JR-01061,Simplify
ATC,Asset Management Intern,data,AI/ML/Data,Summer 2027,"De Pere, WI, Cottage Grove, WI, Kingsford, MI, Pewaukee, WI",Other,2026-09-16,2026-09-16,2026-09-17,,1,https://atcllc.wd5.myworkdayjobs.com/atcllc/job/Pewaukee-WI/Intern-Asset-Management-Summer-2027_R0003301,Simplify
Charter Manufacturing,Automation & Analytics Intern,data,AI/ML/Data,Summer 2027,"Milwaukee, WI",Other,2026-09-16,2026-09-16,2026-09-17,,1,https://chartermfg.wd5.myworkdayjobs.com/Charter_Careers/job/Charter-Wire---Menomonee-Valley---Milwaukee-WI/Automation---Analytics-Intern--Year-Round-_R08112,Simplify
Ciena,AI Engineer Intern - Winter 2027,swe,Software,Winter 2027,"Ottawa, ON, Canada",Other,2026-09-16,2026-09-16,2026-09-17,,1,https://ciena.wd5.myworkdayjobs.com/Careers/job/Ottawa/AI-Engineer-Intern--Winter-2027-_R031667,Simplify
Teledyne,Systems Engineering Intern - Summer 2027,swe,Software,Summer 2027,"Huntsville, AL",Other,2026-09-16,2026-09-16,2026-09-17,,1,https://flir.wd1.myworkdayjobs.com/flircareers/job/US---Huntsville-AL/EADSIM-MBSE-Intern--Summer-2027-_REQ36670-1,Simplify
Royal Bank of Canada,Data Analyst Intern,data,AI/ML/Data,N/A,"Toronto, ON, Canada",Other,2026-09-16,2026-09-16,2026-09-09,,1,https://rbc.wd3.myworkdayjobs.com/RBCEARLYTALENT1/job/TORONTO-Ontario-Canada/XMLNAME-2027-Investor-Services--PEY-Data-Analyst----12-16-months-_R-0000188126,Simplify
Royal Bank of Canada,Software Engineer Intern - Investor Services - Months,swe,Software,N/A,"Toronto, ON, Canada",Other,2026-09-16,2026-09-16,2026-09-17,,1,https://rbc.wd3.myworkdayjobs.com/RBCEARLYTALENT1/job/TORONTO-Ontario-Canada/XMLNAME-2027-Investor-Services--PEY-Software-Engineer--12-months-_R-0000188109,Simplify
Wellington Management,Corporate Access & Research Services Co-op,data,AI/ML/Data,Winter 2027,"Boston, MA",Other,2026-09-16,2026-09-16,2026-09-17,,1,https://wellington.wd5.myworkdayjobs.com/external/job/Boston-MA-United-States/Corporate-Access---Research-Services-Co-Op_R94844-1,Simplify
Wellington Management,Investment Strategy Technology Co-op,swe,Software,Winter 2027,"Boston, MA",Other,2026-09-16,2026-09-16,2026-09-17,,1,https://wellington.wd5.myworkdayjobs.com/Campus/job/Boston-MA-United-States/Investment-Strategy-Technology-Co-Op_R94831,Simplify
Farm Credit Canada,Data Analyst Student - Valuations,data,AI/ML/Data,N/A,"Drummondville, QC, Canada, Montreal, QC, Canada, Winnipeg, MB, Canada, Edmonton, AB, Canada, Regina, SK, Canada, Essex, ON, Canada, Rivière-du-Loup, QC, Canada",Other,2026-09-16,2026-09-16,2026-09-17,,1,https://fccfac.wd3.myworkdayjobs.com/careers-carrieres/job/Regina-Saskatchewan/Student--Data-Analyst--Valuations-_R-1008821,Simplify
Farm Credit Canada,Data Analyst Student - Business Reporting,data,AI/ML/Data,N/A,"Regina, SK, Canada",Other,2026-09-16,2026-09-16,2026-09-17,,1,https://fccfac.wd3.myworkdayjobs.com/careers-carrieres/job/Regina-Saskatchewan/Student--Data-Analyst--Business-Reporting-_R-1008822-1,Simplify
Louisiana Blue,Healthcare Data Science Intern - Spring 2027,data,AI/ML/Data,Spring 2027,"Baton Rouge, LA",Other,2026-09-16,2026-09-16,2026-09-17,,1,https://bcbsla.wd1.myworkdayjobs.com/Generation_Blue/job/Corporate---Baton-Rouge-LA/CW-Healthcare-Data-Science-Intern--Spring-2027-_R12151,Simplify
AspenTech,Project Engineering Intern - Digital Grid Management,swe,Software,Summer 2027,"Medina, MN",Other,2026-09-16,2026-09-16,2026-09-17,,1,https://aspentech.wd5.myworkdayjobs.com/aspentech/job/Medina-Minnesota/Project-Engineering-Intern---Digital-Grid-Management---Summer-2027_R9457,Simplify
AspenTech,Software Development Intern,swe,Software,Summer 2027,"Medina, MN",Other,2026-09-16,2026-09-16,2026-09-17,,1,https://aspentech.wd5.myworkdayjobs.com/aspentech/job/Medina-Minnesota/Software-Development-Intern---Digital-Grid-Management---Summer-2027_R9456,Simplify
Wellington Management,People Analytics Co-op - Human Resources,data,AI/ML/Data,Winter 2027,"Boston, MA",Other,2026-09-16,2026-09-16,2026-09-17,,1,https://wellington.wd5.myworkdayjobs.com/external/job/Boston-MA-United-States/HR--People-Analytics-Co-Op_R94815-1,Simplify
Gordon Food Service,Data Science Engineer Intern,data,AI/ML/Data,Summer 2027,"Atlanta, GA",Other,2026-09-16,2026-09-16,2026-09-17,,1,https://gfs.wd5.myworkdayjobs.com/usjobs-gen-gfs/job/Atlanta-Georgia/Data-Science-Engineer-Internship_R-57243-1,Simplify
Wellington Management,Portfolio Reference Data Analyst Co-op,data,AI/ML/Data,Winter 2027,"Boston, MA",Other,2026-09-16,2026-09-16,2026-09-17,,1,https://wellington.wd5.myworkdayjobs.com/external/job/Boston-MA-United-States/Portfolio-Reference-Data-Analyst-Co-op_R94829,Simplify
Wellington Management,Global Risk & Performance Strategy Co-op - Multi-Asset and Hedge Fund Risk - Fixed Income Risk,quant,Quant,Winter 2027,"Boston, MA",Other,2026-09-16,2026-09-17,2026-09-17,,1,https://wellington.wd5.myworkdayjobs.com/external/job/Boston-MA-United-States/Global-Risk---Performance-Strategy-Co-Op_R94868-1,Simplify
Wellington Management,People Analytics Co-op - HR,data,AI/ML/Data,Winter 2027,"Boston, MA",Other,2026-09-16,2026-09-17,2026-09-17,,1,https://wellington.wd5.myworkdayjobs.com/Campus/job/Boston-MA-United-States/HR--People-Analytics-Co-Op_R94815,Simplify
Sun Life,Data Engineer Student,data,AI/ML/Data,N/A,"Montreal, QC, Canada, Toronto, ON, Canada, Waterloo, ON, Canada",Other,2026-09-16,2026-09-17,2026-09-17,,1,https://sunlife.wd3.myworkdayjobs.com/en-US/Campus/job/Toronto-Ontario/Student--Data-Engineer--Winter-and-Summer-2027-_JR00127385,Simplify
Lowe's,Store Operations Corporate Facilities Intern,data,AI/ML/Data,Summer 2027,"Mooresville, NC",Other,2026-09-16,2026-09-22,2026-09-22,,1,https://lowes.wd5.myworkdayjobs.com/en-US/LWS_External_CS/job/Mooresville-NC-SSC-1999/Store-Operations-Corporate-Facilities---Undergrad-Internship---Summer-2027_JR-02650834-1,Simplify
SpaceX,"Software Engineer, Internal Applications",swe,,,"Hawthorne, CA",,2026-09-15,2026-09-15,2026-09-16,,1,https://boards.greenhouse.io/spacex/jobs/8812137002?gh_jid=8812137002,greenhouse:spacex
Duolingo,Software Engineer Intern - Thrive,swe,Software,Summer 2027,"Pittsburgh, PA",Other,2026-09-15,2026-09-15,2026-09-16,,1,https://job-boards.greenhouse.io/duolingounirecruitment/jobs/8806115002,Simplify
Duolingo,Software Engineer Intern,swe,Software,Summer 2027,"Seattle, WA, Pittsburgh, PA, NYC",Other,2026-09-15,2026-09-15,2026-09-16,,1,https://careers.duolingo.com/jobs/8805925002?gh_jid=8805925002,Simplify
Qualcomm,Sensors Subsystem Engineering Intern - Low-Power AI - Audio,data,Hardware,Summer 2027,"Markham, ON, Canada",Other,2026-09-15,2026-09-15,2026-09-16,,1,https://qualcomm.eightfold.ai/careers/job/446721109229,Simplify
Tyler Technologies,Software Development Intern - Summer 2027,swe,Software,Summer 2027,"Lakewood, CO",Other,2026-09-15,2026-09-15,2026-09-16,,1,https://jobs.jobvite.com/tylertech/job/oqQJAfwj?nl=1&nl=1&fr=false,Simplify
Ambrook,Software Engineer Co-op,swe,Software,Spring 2027,NYC,Other,2026-09-15,2026-09-15,2026-09-16,,1,https://jobs.ashbyhq.com/ambrook/29ffbcea-17c3-4488-9d57-a9f7249b49a5/application?embed=true,Simplify
APEX Analytix,Data Science Intern,data,AI/ML/Data,Summer 2027,"Greensboro, NC",Other,2026-09-15,2026-09-15,2026-09-16,,1,https://ats.rippling.com/apexanalytix-careers/jobs/0cfde729-9d23-4186-91a7-464a4b87af53,Simplify
APEX Analytix,Data Engineering Intern - Summer 2027,data,AI/ML/Data,Summer 2027,"Greensboro, NC",Other,2026-09-15,2026-09-15,2026-09-16,,1,https://ats.rippling.com/apexanalytix-careers/jobs/52353bce-cb36-423f-ae0a-f2057ef3b5d9,Simplify
APEX Analytix,Data Analyst Intern - Summer 2027,data,AI/ML/Data,Summer 2027,"Greensboro, NC",Other,2026-09-15,2026-09-15,2026-09-16,,1,https://ats.rippling.com/apexanalytix-careers/jobs/e275fd70-45a3-4a64-8688-cace8a3f87ef,Simplify
APEX Analytix,Automation Developer Intern,swe,Software,Summer 2027,"Greensboro, NC",Other,2026-09-15,2026-09-15,2026-09-16,,1,https://ats.rippling.com/apexanalytix-careers/jobs/40e4727d-e132-4de0-89ba-b4fdbd5860a7,Simplify
Lunar Outpost,Robotics Engineer Intern,data,AI/ML/Data,Summer 2027,"Golden, CO",Other,2026-09-15,2026-09-15,2026-09-16,,1,https://lunaroutpost.bamboohr.com/careers/391/,Simplify
Lunar Outpost,Ground Software Engineer Intern - Summer 2027,swe,Software,Summer 2027,"Golden, CO",Other,2026-09-15,2026-09-15,2026-09-16,,1,https://lunaroutpost.bamboohr.com/careers/398/,Simplify
Lunar Outpost,Simulation Engineering Intern,data,AI/ML/Data,Summer 2027,"Golden, CO",Other,2026-09-15,2026-09-15,2026-09-16,,1,https://lunaroutpost.bamboohr.com/careers/390/,Simplify
Lunar Outpost,Embedded Software Engineer Intern - Summer 2027,swe,Hardware,Summer 2027,"Golden, CO",Other,2026-09-15,2026-09-15,2026-09-16,,1,https://lunaroutpost.bamboohr.com/careers/392/,Simplify
Elire,AI Software Developer Intern - Multiple Teams,swe,Software,Summer 2027,"Remote in USA, Minneapolis, MN",Other,2026-09-15,2026-09-15,2026-09-16,,1,https://jobs.jobvite.com/elire/job/oM5LAfwW?nl=1&nl=1&fr=false,Simplify
Elire,AI Data Science Consulting Intern - Knowledge Graphs & Enterprise Data,data,AI/ML/Data,Summer 2027,"Remote in USA, Minneapolis, MN",Other,2026-09-15,2026-09-15,2026-09-16,,1,https://jobs.jobvite.com/elire/job/oppLAfwT?nl=1&nl=1&fr=false,Simplify
Gecko Robotics,Embedded Software Engineer Intern - RoboSPLAT - Field Infra,swe,Hardware,Summer 2027,"Pittsburgh, PA",Other,2026-09-15,2026-09-15,2026-09-16,,1,https://jobs.ashbyhq.com/gecko-robotics/24561868-f075-4edf-a991-59ff0174e92a/application?embed=true,Simplify
NOV,Software Engineer Intern - Rig Technologies,swe,Software,Summer 2027,"Houston, TX",Other,2026-09-15,2026-09-15,2026-09-16,,1,https://egay.fa.us6.oraclecloud.com/hcmUI/CandidateExperience/en/sites/CX_4001/job/44449,Simplify
Equitable Bank,Credit Risk Intern,quant,Quant,Winter 2027,"Toronto, ON, Canada",Other,2026-09-15,2026-09-15,2026-09-16,,1,https://jobs.lever.co/eqbank/de711d74-f78a-4cdd-a4a1-fdaa6e6602c3/apply,Simplify
Equitable Bank,Data Scientist Intern - Winter 2027,data,AI/ML/Data,Winter 2027,"Toronto, ON, Canada",Other,2026-09-15,2026-09-15,2026-09-16,,1,https://jobs.lever.co/eqbank/b152bad3-df48-4049-9d44-ba7e57ea6499/apply,Simplify
Nokia,Incubation Developer Student Intern,swe,Software,N/A,"Ottawa, ON, Canada",Other,2026-09-15,2026-09-15,2026-09-16,,1,https://fa-evmr-saasfaprod1.fa.ocs.oraclecloud.com/hcmUI/CandidateExperience/en/sites/CX_1/job/39968,Simplify
National Information Solutions Cooperative,Software Development Intern - AI Development,swe,Software,Summer 2027,"Lake St Louis, MO, Cedar Rapids, IA",Other,2026-09-15,2026-09-15,2026-09-16,,1,https://job-boards.greenhouse.io/nisc/jobs/8204086,Simplify
Hometap,Full Stack Engineer Co-op,swe,Software,Spring 2027,"Boston, MA",Other,2026-09-15,2026-09-15,2026-09-15,,1,https://job-boards.greenhouse.io/hometapjobs/jobs/4927882007,Simplify
ATCO,"IT Co-op - Cloud Platforms, Tools & Automation",swe,Software,Winter 2027,"Edmonton, AB, Canada",Other,2026-09-15,2026-09-15,2026-09-15,,1,https://eezy.fa.ca2.oraclecloud.com/hcmUI/CandidateExperience/en/sites/CX/job/20646,Simplify
Entergy,AI Developer Intern,swe,Software,Spring 2027,"New Orleans, LA, The Woodlands, TX, Hammond, LA",Other,2026-09-15,2026-09-15,2026-09-16,,1,https://jobs.entergy.com/job/New-Orleans-Student-Intern-AI-Developer-Spring-2027-Loui/1430299700/?ats=successfactors,Simplify
SimVentions,Software Development Intern,swe,Software,Summer 2027,"Fredericksburg, VA",Other,2026-09-15,2026-09-15,2026-09-15,,1,https://simventions.jibeapply.com/jobs/1631?icims=1,Simplify
Anduril,Software Engineer Co-op,swe,Software,Winter 2027,"Quincy, MA",Other,2026-09-15,2026-09-15,2026-09-15,,1,https://boards.greenhouse.io/andurilindustries/jobs/5236563007,Simplify
Anduril,Flight Software Engineer Intern,swe,Hardware,Summer 2027,"Costa Mesa, CA",Other,2026-09-15,2026-09-15,2026-09-16,,1,https://boards.greenhouse.io/andurilindustries/jobs/5239083007,Simplify
Cohere,"Senior Full-Stack Engineer, Internal Applications",swe,,,Toronto,,2026-09-15,2026-09-15,2026-09-15,,1,https://jobs.ashbyhq.com/cohere/7133d205-5421-4336-a8e2-6037b5f55073,ashby:cohere
Five Rings Capital,Trading Operations Engineer Intern,quant,Quant,Summer 2027,NYC,Other,2026-09-15,2026-09-15,2026-09-15,,1,https://job-boards.greenhouse.io/fiveringsllc/jobs/5420708008,Simplify
HF Sinclair,Reporting & Analytics Intern,data,AI/ML/Data,Summer 2027,"Dallas, TX",Other,2026-09-15,2026-09-15,2026-09-15,,1,https://careers.hfsinclair.com/job/Dallas-Reporting-&-Analytics-Intern-TX-75219/1430067400/?ats=successfactors,Simplify
HF Sinclair,IT Data Analytics Intern,data,AI/ML/Data,Summer 2027,"Dallas, TX",Other,2026-09-15,2026-09-15,2026-09-15,,1,https://careers.hfsinclair.com/job/Dallas-IT-Data-Analytics-Intern-TX-75219/1430072400/?ats=successfactors,Simplify
Huntington Ingalls Industries,Computer Engineering Intern,swe,Software,Summer 2027,"Pascagoula, MS",Other,2026-09-15,2026-09-15,2026-09-15,,1,https://careers.huntingtoningalls.com/job/Pascagoula-2027-COLLEGE-SUMMER-INTERN-COMPUTER-ENGINEERING-Miss/1430053700/?ats=successfactors,Simplify
Tighe & Bond,GIS Intern - Geographic Information Systems,data,AI/ML/Data,Summer 2027,"Worcester, MA",Other,2026-09-15,2026-09-15,2026-09-15,,1,https://careers-tighebond.icims.com/jobs/1892/job?mobile=true&needsRedirect=false,Simplify
DoorDash,Software Engineer Intern,swe,Software,Summer 2027,"Toronto, ON, Canada",Other,2026-09-15,2026-09-15,2026-09-15,,1,https://job-boards.greenhouse.io/doordashcanada/jobs/8170944,Simplify
Superhuman,Software Engineer Intern,swe,Software,Summer 2027,"Toronto, ON, Canada",Other,2026-09-15,2026-09-15,2026-09-15,,1,https://jobs.ashbyhq.com/Superhuman%20Platform%20Inc/5f1f25ee-709d-4ae0-ada4-d1f243bde89c/application?embed=true,Simplify
DoorDash,Software Engineer Intern - Summer 2027,swe,Software,Summer 2027,"Seattle, WA, SF, LA, NYC, Sunnyvale, CA",Other,2026-09-15,2026-09-15,2026-09-15,,1,https://job-boards.greenhouse.io/doordashusa/jobs/8171041,Simplify
Superhuman,Software Engineer Intern - Summer 2027,swe,Software,Summer 2027,"Seattle, WA, SF, NYC",Other,2026-09-15,2026-09-15,2026-09-15,,1,https://jobs.ashbyhq.com/Superhuman%20Platform%20Inc/e6b917b1-325a-47d0-b267-b279b0efdad0/application?embed=true,Simplify
A Thinking Ape,Software Development Engineer Co-op,swe,Software,Winter 2027,Remote in Canada,Other,2026-09-15,2026-09-15,2026-09-15,,1,https://job-boards.greenhouse.io/athinkingape/jobs/8203048,Simplify
Johns Hopkins Applied Physics Laboratory,Computer Engineer Intern - Shipboard Systems Group,swe,Software,Summer 2027,"Laurel, MD",Other,2026-09-15,2026-09-15,2026-09-15,,1,https://careers.jhuapl.edu/jobs/60049?icims=1,Simplify
Definity Financial,Technology Solutions Co-op Intern - Data Platform & Engineering,swe,AI/ML/Data,Winter 2027,"Toronto, ON, Canada",Other,2026-09-15,2026-09-15,2026-09-15,,1,https://hdks.fa.ca2.oraclecloud.com/hcmUI/CandidateExperience/en/sites/CX_1/job/9324,Simplify
Tesla,Computer Vision Engineer Intern - Cell Engineering,data,AI/ML/Data,Spring 2027,"Palo Alto, CA",Other,2026-09-15,2026-09-15,2026-09-15,,1,https://www.tesla.com/careers/search/job/283290,Simplify
Tesla,Internship - Software Integration Engineer - Factory Firmware Team - Winter/Spring 2027,swe,Software,Winter 2027,"Palo Alto, CA",Other,2026-09-15,2026-09-15,2026-09-15,,1,https://www.tesla.com/careers/search/job/283447,Simplify
BlackRock,Quantitative Master's Intern - Investments - Quantitative Investing,quant,Quant,Summer 2027,"London, UK",Other,2026-09-15,2026-09-15,2026-09-15,,1,https://blackrock.wd1.myworkdayjobs.com/en-US/BlackRock_Professional/job/London-Greater-London/XMLNAME-2027-Quantitative-Masters-Internship-Programme---Investments---Quantitative-Investing---London_R266465,Simplify
Howden,Analytics Intern,data,AI/ML/Data,Summer 2027,"London, UK",Other,2026-09-15,2026-09-15,2026-09-15,,1,https://hyperiongrp.wd3.myworkdayjobs.com/Hyperion_External/job/London---One-Creechurch-Place/Analytics-Summer-Internship-2027_R0019272,Simplify
Howden,Business Intelligence Intern,data,AI/ML/Data,Summer 2027,"London, UK",Other,2026-09-15,2026-09-15,2026-09-15,,1,https://hyperiongrp.wd3.myworkdayjobs.com/Hyperion_External/job/London---One-Creechurch-Place/Business-Intelligence-Summer-Internship-2027_R0019273,Simplify
BlackRock,Quantitative Master’s Intern - Investments - Portfolio Management,quant,Quant,Summer 2027,SF,Other,2026-09-15,2026-09-15,2026-09-15,,1,https://blackrock.wd1.myworkdayjobs.com/en-US/BlackRock_Professional/job/San-Francisco-CA/XMLNAME-2027-Quantitative-Masters-Internship-Program---Investments---Portfolio-Management---San-Francisco_R266472,Simplify
BlackRock,Quantitative Master’s Intern - Investments - Quantitative Investing,quant,Quant,Summer 2027,NYC,Other,2026-09-15,2026-09-15,2026-09-15,,1,https://blackrock.wd1.myworkdayjobs.com/en-US/BlackRock_Professional/job/New-York-NY/XMLNAME-2027-Quantitative-Masters-Internship-Program---Investments---Quantitative-Investing---New-York_R266473,Simplify
BlackRock,Quantitative Master’s Intern - Investments - Global Capital Markets,quant,Quant,Summer 2027,NYC,Other,2026-09-15,2026-09-15,2026-09-15,,1,https://blackrock.wd1.myworkdayjobs.com/en-US/BlackRock_Professional/job/New-York-NY/XMLNAME-2027-Quantitative-Masters-Internship-Program---Investments---Global-Capital-Markets---New-York_R266468,Simplify
BlackRock,Quantitative Master's Intern - Investments - Global Capital Markets,quant,Quant,Summer 2027,SF,Other,2026-09-15,2026-09-15,2026-09-15,,1,https://blackrock.wd1.myworkdayjobs.com/en-US/BlackRock_Professional/job/San-Francisco-CA/XMLNAME-2027-Quantitative-Masters-Internship-Program---Investments---Global-Capital-Markets---San-Francisco_R266469,Simplify
BlackRock,Quantitative Masters Intern - Investments - Portfolio Management,quant,Quant,Summer 2027,NYC,Other,2026-09-15,2026-09-15,2026-09-15,,1,https://blackrock.wd1.myworkdayjobs.com/en-US/BlackRock_Professional/job/New-York-NY/XMLNAME-2027-Quantitative-Masters-Internship-Program---Investments---Portfolio-Management---New-York_R266471,Simplify
BlackRock,Quantitative Masters Intern - Technology - Analytics & Modeling,quant,Quant,Summer 2027,NYC,Other,2026-09-15,2026-09-15,2026-09-15,,1,https://blackrock.wd1.myworkdayjobs.com/en-US/BlackRock_Professional/job/New-York-NY/XMLNAME-2027-Quantitative-Masters-Internship-Program---Technology---Analytics---Modeling---New-York_R266477,Simplify
BlackRock,Quantitative Master’s Internship - Technology - Analytics & Modeling,quant,Quant,Summer 2027,SF,Other,2026-09-15,2026-09-15,2026-09-15,,1,https://blackrock.wd1.myworkdayjobs.com/en-US/BlackRock_Professional/job/San-Francisco-CA/XMLNAME-2027-Quantitative-Masters-Internship-Program---Technology---Analytics---Modeling---San-Francisco_R266476,Simplify
Johnson & Johnson,Commercial Analyst Placement Student,data,AI/ML/Data,N/A,"Wokingham, UK",Other,2026-09-15,2026-09-15,2026-09-15,,1,https://jj.wd5.myworkdayjobs.com/JJ/job/Wokingham-Berkshire-United-Kingdom/Commercial-Analyst---Placement-Student-2027_R-091175,Simplify
General Dynamics Information Technology,Software Development Intern,swe,Software,Summer 2027,"Falls Church, VA",Other,2026-09-15,2026-09-15,2026-09-15,,1,https://gdit.wd5.myworkdayjobs.com/external_career_site/job/USA-VA-Falls-Church/Summer-2027-Software-Development-Internship_RQ228406,Simplify
QTS,Tableau Analytics and Business Intelligence Intern,data,AI/ML/Data,Summer 2027,"Overland Park, KS",Other,2026-09-15,2026-09-15,2026-09-15,,1,https://qtsdatacenters.wd5.myworkdayjobs.com/qts/job/Overland-Park-KS/Summer-2027-Internship--Tableau-Analytics-and-Business-Intelligence_R2026-2090,Simplify
Brevan Howard,Quantitative Analyst Intern,quant,Quant,N/A,"London, UK",Other,2026-09-15,2026-09-15,2026-09-15,,1,https://wd3.myworkdaysite.com/recruiting/brevanhoward/BH_ExternalCareers/job/London/AI---Quantitative-Analyst--London_JR101605,Simplify
CIBC,Risk Analytics Co-op,quant,Quant,Winter 2027,"Toronto, ON, Canada",Other,2026-09-15,2026-09-15,2026-09-15,,1,https://cibc.wd3.myworkdayjobs.com/search/job/Toronto-ON/Risk-Analytics-Co-op-Winter-2027_2618885-1,Simplify
NVIDIA,PhD Research Intern - Generative AI for Physical AI,data,AI/ML/Data,Summer 2027,"Santa Clara, CA",Other,2026-09-15,2026-09-15,2026-09-15,,1,https://nvidia.wd5.myworkdayjobs.com/NVIDIAExternalCareerSite/job/US-CA-Santa-Clara/PhD-Research-Intern--Generative-AI-for-Physical-AI---2027_JR2025025,Simplify
The Toro Company,ISC Analytics Intern,data,AI/ML/Data,Summer 2027,"Bloomington, MN",Other,2026-09-15,2026-09-15,2026-09-15,,1,https://ttc.wd1.myworkdayjobs.com/Toro_External_Careers/job/Bloomington-MN/ISC-Analytics-Intern---The-Toro-Company_JR17246,Simplify
LexisNexis Legal & Professional,Software Engineer Intern,swe,Software,Summer 2027,"Raleigh, NC",Other,2026-09-15,2026-09-15,2026-09-15,,1,https://relx.wd3.myworkdayjobs.com/en-US/LexisNexisLegal/job/Raleigh-NC/Software-Engineer-Internship_R118692,Simplify
LexisNexis Legal & Professional,Data Science Intern,data,AI/ML/Data,Summer 2027,"Raleigh, NC",Other,2026-09-15,2026-09-15,2026-09-15,,1,https://relx.wd3.myworkdayjobs.com/en-US/LexisNexisLegal/job/Raleigh-NC/Data-Science-Internship_R118691-1,Simplify
Altar'd State,Store Operations Data Analyst Intern,data,AI/ML/Data,Summer 2027,"Knoxville, TN",Other,2026-09-15,2026-09-15,2026-09-15,,1,https://standoutforgood.wd12.myworkdayjobs.com/StandOutForGood/job/Knoxville-TN/Spring-2027-Store-Operations-Intern_SOSJ12464,Simplify
Xcel Energy,"Data Governance, Visualization and Automation Intern - Financial Data Governance - Data Visualization",data,AI/ML/Data,Summer 2027,"Eau Claire, WI, Minneapolis, MN, Denver, CO",Other,2026-09-15,2026-09-15,2026-09-16,,1,https://xcelenergy.wd1.myworkdayjobs.com/External/job/Denver-CO-80205/Data-Governance--Visualization-and-Automation-Intern_JR116628-2,Simplify
Royal Bank of Canada,Capital Markets Quantitative Technology Services Summer Analyst,quant,Quant,Summer 2027,"Jersey City, NJ",Other,2026-09-15,2026-09-15,2026-09-16,,1,https://rbc.wd3.myworkdayjobs.com/RBCEARLYTALENT1/job/Jersey-City-New-Jersey-United-States-of-America/XMLNAME-2027-Capital-Markets--Quantitative-Technology-Services-Summer-Analyst_R-0000187859,Simplify
Procter & Gamble,PhD Summer Intern - Beauty Care,data,AI/ML/Data,Summer 2027,"Mason, OH",Other,2026-09-15,2026-09-15,2026-09-16,,1,https://pg.wd5.myworkdayjobs.com/1000/job/MASON-BUS-AND-INNOVATION-CTR/R-D-PhD-Summer-Intern--Life-Science-Modeling--Beauty-Care_R000158986,Simplify
Royal Bank of Canada,Quantitative Trading Summer Analyst - Global Markets,quant,Quant,Summer 2027,NYC,Other,2026-09-15,2026-09-15,2026-09-16,,1,https://rbc.wd3.myworkdayjobs.com/RBCEARLYTALENT1/job/New-York-New-York-United-States-of-America/XMLNAME-2027-Capital-Markets--Global-Markets-Quantitative-Trading-Summer-Analyst_R-0000183468-1,Simplify
U.S. Bank,Engineering Intern,swe,Software,Summer 2027,"Hopkins, MN",Other,2026-09-15,2026-09-15,2026-09-16,,1,https://usbank.wd1.myworkdayjobs.com/US_Bank_Careers/job/Hopkins-MN/XMLNAME-2027-Engineering-Summer-Intern_2026-0025769,Simplify
RTX,Software Developer Intern - Digital Engine Services - Ground Cloud Software Developer,swe,Software,Winter 2027,"Longueuil, QC, Canada",Other,2026-09-15,2026-09-15,2026-09-16,,1,https://globalhr.wd5.myworkdayjobs.com/rec_rtx_ext_gateway/job/CA-QC-LONGUEUIL-MD--1000-Blvd-Marie-Victorin--MD-BLDG/Stage---Hiver-2027---Service-Numriques-pour-les-Moteurs---Dveloppeur-logiciel--Internship---Winter-2027-Digital-Engine-Services--DES----Ground-cloud-software-developer_01874389,Simplify
Huntington Bancshares,Business Innovation & AI Products Intern,data,Product,Summer 2027,"Austin, TX, Chicago, IL, Columbus, OH",Other,2026-09-15,2026-09-15,2026-09-16,,1,https://huntington.wd12.myworkdayjobs.com/HNBcareers/job/Austin-TX/Summer-2027-Business-Innovation---AI-Products-Intern_R0075876,Simplify
Dallas Fort Worth International Airport,Undergraduate Internship - Geospatial Data,data,AI/ML/Data,Summer 2027,"Dallas, TX",Other,2026-09-15,2026-09-15,2026-09-16,,1,https://dfwairport.wd5.myworkdayjobs.com/External/job/DFW-Intl-Airport-Board/XMLNAME-2027-Undergraduate-Internship---Geospatial-Data_JR102119-1,Simplify
Dallas Fort Worth International Airport,Undergraduate Summer Intern,data,AI/ML/Data,Summer 2027,"Dallas, TX",Other,2026-09-15,2026-09-15,2026-09-16,,1,https://dfwairport.wd5.myworkdayjobs.com/External/job/DFW-Intl-Airport-Board/XMLNAME-2027-Undergraduate-Summer-Internship---Customer-Experience-Insights---Analytics_JR102114,Simplify
AspenTech,Data Science Intern,data,AI/ML/Data,Summer 2027,"Bedford, MA",Other,2026-09-15,2026-09-15,2026-09-16,,1,https://aspentech.wd5.myworkdayjobs.com/aspentech/job/Bedford-Massachusetts/Data-Science-Intern---Summer-2027---Bedford--MA_R9459,Simplify
Johnson & Johnson,Software Engineer Intern - Robotics R&D,swe,Software,Summer 2027,"Santa Clara, CA",Other,2026-09-15,2026-09-15,2026-09-16,,1,https://jj.wd5.myworkdayjobs.com/JJ/job/Santa-Clara-California-United-States-of-America/Software-Engineering-Intern---Robotics-R-D_R-099919,Simplify
Q2,Data Science Intern,data,AI/ML/Data,Summer 2027,"Austin, TX",Other,2026-09-15,2026-09-15,2026-09-16,,1,https://q2ebanking.wd5.myworkdayjobs.com/Q2/job/Austin-Texas/XMLNAME-2027-Summer-Internship---Data-Science_REQ-12796,Simplify
Q2,Software Engineer Intern,swe,Software,Summer 2027,"Austin, TX",Other,2026-09-15,2026-09-15,2026-09-16,,1,https://q2ebanking.wd5.myworkdayjobs.com/Q2/job/Austin-Texas/XMLNAME-2027-Summer-Internship---Software-Engineer_REQ-12794,Simplify
Q2,Machine Learning Intern,data,AI/ML/Data,Summer 2027,"Austin, TX",Other,2026-09-15,2026-09-15,2026-09-16,,1,https://q2ebanking.wd5.myworkdayjobs.com/Q2/job/Austin-Texas/XMLNAME-2027-Summer-Internship---Machine-Learning-Engineer_REQ-12797,Simplify
NJM Insurance Group,Data Science Intern,data,AI/ML/Data,Summer 2027,"Trenton, NJ",Other,2026-09-15,2026-09-16,2026-09-16,,1,https://njm.wd1.myworkdayjobs.com/njm/job/NJM---Trenton/IT-Data-Science-Intern_R2008284,Simplify
RSM,Business Intelligence Consulting Intern,data,AI/ML/Data,Summer 2027,"Des Moines, IA, Irvine, CA, Dallas, TX, Chicago, IL, Denver, CO",Other,2026-09-15,2026-09-16,2026-09-16,,1,https://rsm.wd1.myworkdayjobs.com/RSMCareers/job/Des-Moines/Business-Intelligence-Consulting-Intern---Summer-2027_JR121327,Simplify
The Aerospace Corporation,Aerospace Software Engineer Intern,swe,Hardware,Summer 2027,"El Segundo, CA",Other,2026-09-15,2026-09-16,2026-09-16,,1,https://aero.wd5.myworkdayjobs.com/external/job/El-Segundo-CA/XMLNAME-2027-Aerospace-Software-Engineer-Undergraduate-Intern_R016605,Simplify
Lowe's,Merchandising Analyst Intern,data,AI/ML/Data,Summer 2027,"Mooresville, NC",Other,2026-09-15,2026-09-21,2026-09-21,,1,https://lowes.wd5.myworkdayjobs.com/en-US/LWS_External_CS/job/Mooresville-NC-SSC-1999/Merchandising-Analyst---Undergrad-Internship---Summer-2027_JR-02650526,Simplify
DoorDash USA,"Software Engineer, Intern (Summer 2027) - US",swe,,,"New York, NY; San Francisco, CA; Sunnyvale, CA; Los Angeles, CA; Seattle, WA",,2026-09-14,2026-09-14,2026-09-14,,1,https://job-boards.greenhouse.io/doordashusa/jobs/8171041,greenhouse:doordashusa
Waymo,Software Engineering Intern - Commercialization,swe,Software,Summer 2027,"SF, Mountain View, CA",Other,2026-09-14,2026-09-14,2026-09-14,,1,https://careers.withwaymo.com/jobs?gh_jid=8198218,Simplify
ibotta,Data Engineer Intern,data,AI/ML/Data,Summer 2027,"Denver, CO",Other,2026-09-14,2026-09-14,2026-09-14,,1,https://jobs.ashbyhq.com/ibotta/666cac72-9e06-46ee-aea0-576f766338b2/application?embed=true,Simplify
Awardco,Back-End Software Engineer Intern,swe,Software,Summer 2027,"Lindon, UT",Other,2026-09-14,2026-09-14,2026-09-14,,1,https://award.co/position?gh_jid=4322220004,Simplify
Highgate,Data Services Intern - Summer 2027,data,AI/ML/Data,Summer 2027,"Irving, TX",Other,2026-09-14,2026-09-14,2026-09-14,,1,https://externalhourly-highgate.icims.com/jobs/82546/job?hub=7&mobile=true&needsRedirect=false,Simplify
Western Digital,Systems Architecture Co-op - AI Systems Strategy,swe,Software,Summer 2027,"Rochester, MN",Other,2026-09-14,2026-09-14,2026-09-14,,1,https://jobs.smartrecruiters.com/WesternDigital/744000149367234,Simplify
Workshop,Software Engineer Intern,swe,Software,Summer 2027,"Omaha, NE",Other,2026-09-14,2026-09-14,2026-09-14,,1,https://job-boards.greenhouse.io/workshop/jobs/5237900007,Simplify
Ernst & Young,Data Engineer Intern - Multiple Teams,data,AI/ML/Data,Summer 2027,"Chicago, IL, NYC",Other,2026-09-14,2026-09-14,2026-09-14,,1,https://eyglobal.yello.co/jobs/nuM1c7MBNjknCC8oSMvZMg?job_board_id=c1riT--B2O-KySgYWsZO1Q,Simplify
Waymo,"2027 Summer Intern, BS/MS, Software Engineering, Commercialization",swe,,,"Mountain View, California, United States; San Francisco, California, United States",,2026-09-14,2026-09-14,2026-09-14,,1,https://careers.withwaymo.com/jobs?gh_jid=8198218,greenhouse:waymo
DEKA Research & Development Corp.,Software Engineer Co-op,swe,Hardware,Spring 2027,"Manchester, NH",Other,2026-09-14,2026-09-14,2026-09-14,,1,https://deka.applytojob.com/apply/ulNhn2xOvG/Software-Engineering-CoOp-Spring-2027,Simplify
OpenGov,Software Engineer Intern,swe,Software,Summer 2027,"Boston, MA",Other,2026-09-14,2026-09-14,2026-09-14,,1,https://jobs.ashbyhq.com/opengov/c31622c1-be01-4d4a-b7cf-d116be84cc08/application?embed=true,Simplify
John Deere,Part-Time Student - Channel AI,swe,Software,N/A,"Ames, IL",Other,2026-09-14,2026-09-14,2026-09-14,,1,https://johndeere.eightfold.ai/careers/job/137483400279,Simplify
Space Dynamics Laboratory,Web Developer Assistant - Enterprise Application Support Team,swe,Software,N/A,"North Logan, UT",Other,2026-09-14,2026-09-14,2026-09-14,,1,https://spacedynamicslaboratory.applytojob.com/apply/nWr4gII3yE/Student-Web-Developer-Assistant,Simplify
Pace,Member of Technical Staff Intern,swe,Software,Summer 2027,NYC,Other,2026-09-14,2026-09-14,2026-09-14,,1,https://jobs.ashbyhq.com/withpace/9acdae91-3834-4c08-8579-fd14ff40a76b/application?embed=true,Simplify
Tesla,Software Engineer Intern - Camera & Robotics,swe,Hardware,Winter 2027,"Palo Alto, CA",Other,2026-09-14,2026-09-14,2026-09-14,,1,https://www.tesla.com/careers/search/job/283274,Simplify
Intuit,Mobile Software Engineer Intern - iOS,swe,Software,Summer 2027,"Charlotte, NC, NYC, Mountain View, CA, Atlanta, GA, San Diego, CA",Other,2026-09-14,2026-09-14,2026-09-14,,1,https://jobs.intuit.com/job/mountain-view/summer-2027-mobile-software-engineering-intern-ios/27595/100620927568,Simplify
Intuit,AI Scientist Intern,data,AI/ML/Data,Summer 2027,"NYC, Mountain View, CA, Atlanta, GA, San Diego, CA",Other,2026-09-14,2026-09-14,2026-09-14,,1,https://jobs.intuit.com/job/mountain-view/summer-2027-ai-science-intern/27595/100620927536,Simplify
Intuit,Fraud & Risk Intern,data,AI/ML/Data,Summer 2027,"NYC, Mountain View, CA",Other,2026-09-14,2026-09-14,2026-09-14,,1,https://jobs.intuit.com/job/mountain-view/summer-2027-ms-fraud-and-risk-intern/27595/100620927744,Simplify
Intuit,Mobile Software Engineer Intern - Android,swe,Software,Summer 2027,"Charlotte, NC, NYC, Mountain View, CA, Atlanta, GA, San Diego, CA",Other,2026-09-14,2026-09-14,2026-09-14,,1,https://jobs.intuit.com/job/mountain-view/summer-2027-mobile-software-engineering-intern-android/27595/100620927552,Simplify
Intuit,AI Research Intern,data,AI/ML/Data,Summer 2027,"Mountain View, CA",Other,2026-09-14,2026-09-14,2026-09-14,,1,https://jobs.intuit.com/job/mountain-view/summer-2027-phd-ai-research-intern/27595/100620927776,Simplify
Intuit,Software Engineer Intern - Cybersecurity,swe,Software,Summer 2027,"Mountain View, CA",Other,2026-09-14,2026-09-14,2026-09-14,,1,https://jobs.intuit.com/job/mountain-view/summer-2027-software-engineering-intern-cybersecurity/27595/100620927616,Simplify
Tesla,Software Integration Engineer Intern - Factory Firmware,swe,Software,Spring 2027,"Palo Alto, CA",Other,2026-09-14,2026-09-14,2026-09-14,,1,https://www.tesla.com/careers/search/job/283395,Simplify
Google,User Experience Engineer Intern - PhD - Summer 2027,swe,Software,Summer 2027,"Palo Alto, CA, Cambridge, MA, Madison, WI, Seattle, WA, Washington, DC, SF, Austin, TX, LA, Irvine, CA, San Bruno, CA, Redmond, WA, Santa Cruz, CA, Chicago, IL, Goleta, CA, Pittsburgh, PA, Kirkland, WA, Reston, VA, NYC, Bellevue, WA, Sunnyvale, CA, Mountain View, CA, Portland, OR, Boulder, CO, Atlanta, GA, San Diego, CA",Other,2026-09-14,2026-09-14,2026-09-14,,1,https://www.google.com/about/careers/applications/jobs/results/117572151191446214,Simplify
Google,Data Scientist Intern - Product,data,AI/ML/Data,Summer 2027,"Palo Alto, CA, Cambridge, MA, Madison, WI, Seattle, WA, Washington, DC, SF, Austin, TX, LA, San Jose, CA, Irvine, CA, South SF, Redwood City, CA, Raleigh, NC, San Bruno, CA, Redmond, WA, Durham, NC, Ann Arbor, MI, Santa Cruz, CA, Chicago, IL, Goleta, CA, Pittsburgh, PA, Kirkland, WA, Reston, VA, NYC, Bellevue, WA, Sunnyvale, CA, Mountain View, CA, Portland, OR, Boulder, CO, Atlanta, GA, San Diego, CA",Other,2026-09-14,2026-09-14,2026-09-14,,1,https://www.google.com/about/careers/applications/jobs/results/119184035237765830,Simplify
Google,Student Researcher - BS/MS,data,AI/ML/Data,N/A,"Montreal, QC, Canada",Other,2026-09-14,2026-09-14,2026-09-14,,1,https://www.google.com/about/careers/applications/jobs/results/104405499448828614,Simplify
Google,Business Data Scientist Intern,data,AI/ML/Data,Summer 2027,"Palo Alto, CA, Cambridge, MA, Madison, WI, Seattle, WA, Washington, DC, SF, Austin, TX, LA, San Jose, CA, Irvine, CA, South SF, Redwood City, CA, Raleigh, NC, San Bruno, CA, Redmond, WA, Durham, NC, Ann Arbor, MI, Santa Cruz, CA, Chicago, IL, Goleta, CA, Pittsburgh, PA, Kirkland, WA, Reston, VA, NYC, Bellevue, WA, Sunnyvale, CA, Mountain View, CA, Portland, OR, Boulder, CO, Atlanta, GA, San Diego, CA",Other,2026-09-14,2026-09-14,2026-09-14,,1,https://www.google.com/about/careers/applications/jobs/results/134577198026629830,Simplify
Flagship Pioneering,AI Automation Engineering Co-op,swe,Software,Winter 2027,"Cambridge, MA",Other,2026-09-14,2026-09-14,2026-09-14,,1,https://job-boards.greenhouse.io/fspco-op012325/jobs/8796996002,Simplify
Google,Student Researcher - PhD,data,AI/ML/Data,N/A,"Toronto, ON, Canada, Waterloo, ON, Canada",Other,2026-09-14,2026-09-14,2026-09-14,,1,https://www.google.com/about/careers/applications/jobs/results/75043041429070534,Simplify
Google,Data Scientist Research Intern - PhD,data,AI/ML/Data,Summer 2027,"Palo Alto, CA, Cambridge, MA, Madison, WI, Seattle, WA, Washington, DC, SF, Austin, TX, LA, San Jose, CA, Irvine, CA, South SF, Redwood City, CA, Raleigh, NC, San Bruno, CA, Redmond, WA, Durham, NC, Ann Arbor, MI, Santa Cruz, CA, Chicago, IL, Goleta, CA, Pittsburgh, PA, Kirkland, WA, Reston, VA, NYC, Bellevue, WA, Sunnyvale, CA, Mountain View, CA, Portland, OR, Boulder, CO, Atlanta, GA, San Diego, CA",Other,2026-09-14,2026-09-14,2026-09-14,,1,https://www.google.com/about/careers/applications/jobs/results/89965613241246406,Simplify
Google,User Experience Engineer Intern,swe,Software,Summer 2027,"Palo Alto, CA, Cambridge, MA, Madison, WI, Seattle, WA, Washington, DC, SF, Austin, TX, LA, Irvine, CA, San Bruno, CA, Redmond, WA, Santa Cruz, CA, Chicago, IL, Goleta, CA, Pittsburgh, PA, Kirkland, WA, Reston, VA, NYC, Bellevue, WA, Sunnyvale, CA, Mountain View, CA, Portland, OR, Boulder, CO, Atlanta, GA, San Diego, CA",Other,2026-09-14,2026-09-14,2026-09-14,,1,https://www.google.com/about/careers/applications/jobs/results/112499004540887750,Simplify
EquipmentShare,Software Engineer Intern,swe,Software,Summer 2027,"Columbia, MO",Other,2026-09-14,2026-09-14,2026-09-14,,1,https://www.equipmentshare.com/careers/openings/?gh_jid=8188474,Simplify
GSK,Web App Developer Co-op,swe,Software,Winter 2027,"Cambridge, MA",Other,2026-09-14,2026-09-14,2026-09-14,,1,https://gsk-us-earlytalent.icims.com/jobs/11013/job?mobile=true&needsRedirect=false,Simplify
National Life,IT Application Development Intern,swe,Software,Summer 2027,"Montpelier, VT, Addison, TX",Other,2026-09-14,2026-09-14,2026-09-14,,1,https://job-boards.greenhouse.io/nationallifeinsurancecompany/jobs/4402184009,Simplify
Tive,Software Engineer Co-op,swe,Software,Summer 2027,"Boston, MA",Other,2026-09-14,2026-09-14,2026-09-14,,1,https://ats.rippling.com/tive-careers/jobs/c88ab3d3-a8e7-4639-b95b-d6c9b5290dd0,Simplify
Waymo,Human Behavior Analytics Intern - Safety Research,data,AI/ML/Data,Summer 2027,"Mountain View, CA",Other,2026-09-14,2026-09-14,2026-09-14,,1,https://careers.withwaymo.com/jobs?gh_jid=8197899,Simplify
Figma,Software Engineer Intern - Multiple Teams,swe,Software,Summer 2027,"London, UK",Other,2026-09-14,2026-09-14,2026-09-14,,1,https://boards.greenhouse.io/figma/jobs/6152695004,Simplify
Figma,Software Engineer Intern,swe,Software,Summer 2027,"SF, NYC",Other,2026-09-14,2026-09-14,2026-09-14,,1,https://boards.greenhouse.io/figma/jobs/6143238004,Simplify
Equitable Bank,Commercial Lending AI Engineer Intern - Winter 2027,swe,Software,Winter 2027,"Toronto, ON, Canada",Other,2026-09-14,2026-09-14,2026-09-14,,1,https://jobs.lever.co/eqbank/54045eae-334a-4486-8e97-96e49e6a1487/apply,Simplify
Equitable Bank,Retail Lending AI Engineer Intern,swe,Software,Winter 2027,"Toronto, ON, Canada",Other,2026-09-14,2026-09-14,2026-09-14,,1,https://jobs.lever.co/eqbank/1c46930a-7ffe-4760-9d31-e08ea191ddea/apply,Simplify
Definity Financial,Technology Business Administration Co-op Intern - IT Business Management,data,AI/ML/Data,Winter 2027,"Toronto, ON, Canada, Waterloo, ON, Canada",Other,2026-09-14,2026-09-14,2026-09-14,,1,https://hdks.fa.ca2.oraclecloud.com/hcmUI/CandidateExperience/en/sites/CX_1/job/9345,Simplify
North Atlantic Industries,Full Stack Software Engineer Intern - Summer 2027,swe,Software,Summer 2027,"Bohemia, NY",Other,2026-09-14,2026-09-14,2026-09-14,,1,https://recruiting.paylocity.com/Recruiting/Jobs/Details/4501054,Simplify
Constellation Energy,PMO/Data Analyst Intern,data,AI/ML/Data,Summer 2027,"Chicago, IL",Other,2026-09-14,2026-09-14,2026-09-14,,1,https://jobs.constellationenergy.com/jobs/138735?icims=1,Simplify
Highgate,Revenue Management Intern - Summer 2027,data,AI/ML/Data,Summer 2027,NYC,Other,2026-09-14,2026-09-14,2026-09-14,,1,https://externalhourly-highgate.icims.com/jobs/82508/job?hub=7&mobile=true&needsRedirect=false,Simplify
Highgate,Revenue Management Intern,data,AI/ML/Data,Summer 2027,LA,Other,2026-09-14,2026-09-25,2026-09-25,,1,https://externalhourly-highgate.icims.com/jobs/82509/job?hub=7&mobile=true&needsRedirect=false,Simplify
Hudson River Trading,Trading and Technology Internship - Witti,quant,Quant,Winter 2027,NYC,Other,2026-09-14,2026-09-14,2026-09-14,,1,https://www.hudsonrivertrading.com/careers/job/?gh_jid=8188637,Simplify
Openai,"Applied AI Engineer, Government, International",data,,,"London, UK",,2026-09-14,2026-09-14,2026-09-14,,1,https://jobs.ashbyhq.com/openai/6c01266f-6ddb-42d1-a529-84736ae8587a,ashby:openai
Figma,Data Science Intern (2027),data,,,"San Francisco, CA • New York, NY",,2026-09-14,2026-09-14,2026-09-14,,1,https://boards.greenhouse.io/figma/jobs/6178857004?gh_jid=6178857004,greenhouse:figma
Figma,"Software Engineer Intern (London, United Kingdom) (Summer 2027)",swe,,,"London, England",,2026-09-14,2026-09-14,2026-09-14,,1,https://boards.greenhouse.io/figma/jobs/6152695004?gh_jid=6152695004,greenhouse:figma
Figma,Software Engineer Intern (Summer 2027),swe,,,"San Francisco, CA • New York, NY",,2026-09-14,2026-09-14,2026-09-14,,1,https://boards.greenhouse.io/figma/jobs/6143238004?gh_jid=6143238004,greenhouse:figma
Waymo,Software Engineer Intern - BS/MS,swe,Software,Summer 2027,SF,Other,2026-09-14,2026-09-14,2026-09-14,,1,https://careers.withwaymo.com/jobs?gh_jid=8193731,Simplify
Waymo,"2027 Summer Intern, BS/MS, Software Engineer",swe,,,"San Francisco, California",,2026-09-14,2026-09-14,2026-09-14,,1,https://careers.withwaymo.com/jobs?gh_jid=8193731,greenhouse:waymo
Principal Financial Group,Data and Analytics Intern - Multiple Teams,data,AI/ML/Data,Summer 2027,"Des Moines, IA, Remote in USA, Raleigh, NC, Charlotte, NC",Other,2026-09-14,2026-09-14,2026-09-14,,1,https://careers.principal.com/jobs/52574?icims=1,Simplify
Principal Financial Group,Data Engineer Intern,data,AI/ML/Data,Summer 2027,"Des Moines, IA",Other,2026-09-14,2026-09-14,2026-09-14,,1,https://careers.principal.com/jobs/52561?icims=1,Simplify
Robinhood,Software Engineer Intern - iOS - Summer 2027,swe,Software,Summer 2027,"Menlo Park, CA, NYC",Other,2026-09-14,2026-09-14,2026-09-14,,1,https://boards.greenhouse.io/robinhood/jobs/8142959,Simplify
Robinhood,Software Developer Intern,swe,Software,Summer 2027,"Toronto, ON, Canada",Other,2026-09-14,2026-09-14,2026-09-14,,1,https://boards.greenhouse.io/robinhood/jobs/8199744,Simplify
Robinhood,Software Engineer Intern - Backend,swe,Software,Summer 2027,"Menlo Park, CA, NYC, Bellevue, WA",Other,2026-09-14,2026-09-14,2026-09-14,,1,https://boards.greenhouse.io/robinhood/jobs/8123225,Simplify
Robinhood,Software Engineer Intern - Web,swe,Software,Summer 2027,"Menlo Park, CA, NYC",Other,2026-09-14,2026-09-14,2026-09-14,,1,https://boards.greenhouse.io/robinhood/jobs/8142963,Simplify
Robinhood,Software Developer Intern/Co-op,swe,Software,Winter 2027,"Toronto, ON, Canada",Other,2026-09-14,2026-09-14,2026-09-14,,1,https://boards.greenhouse.io/robinhood/jobs/8194428,Simplify
Robinhood,Software Engineer Intern - Android - Summer 2027,swe,Software,Summer 2027,"Menlo Park, CA, NYC",Other,2026-09-14,2026-09-14,2026-09-14,,1,https://boards.greenhouse.io/robinhood/jobs/8142961,Simplify
Robinhood,iOS Software Developer Intern,swe,Software,Summer 2027,"Toronto, ON, Canada",Other,2026-09-14,2026-09-14,2026-09-14,,1,https://boards.greenhouse.io/robinhood/jobs/8199729,Simplify
Robinhood,People Insights & Analytics Intern - Summer 2027,data,AI/ML/Data,Summer 2027,"Menlo Park, CA",Other,2026-09-14,2026-09-14,2026-09-14,,1,https://boards.greenhouse.io/robinhood/jobs/8198255,Simplify
SEP,Software Engineer Intern,swe,Software,Summer 2027,"Westfield, IN",Other,2026-09-14,2026-09-14,2026-09-14,,1,https://jobs.lever.co/sep/4efbdbce-a753-41b5-8ed7-0661cd193178/apply,Simplify
Cloudflare,"Senior Software Engineer, Internal Fraud Platform",swe,,,Hybrid,,2026-09-14,2026-09-14,2026-09-14,,1,https://boards.greenhouse.io/cloudflare/jobs/8185561?gh_jid=8185561,greenhouse:cloudflare
URBN,Data Science Intern,data,AI/ML/Data,Summer 2027,"Philadelphia, PA",Other,2026-09-14,2026-09-14,2026-09-14,,1,https://homeoffice-na-urbn.icims.com/jobs/30444/job?mobile=true&needsRedirect=false,Simplify
URBN,Software Engineer Intern,swe,Software,Summer 2027,"Philadelphia, PA",Other,2026-09-14,2026-09-14,2026-09-14,,1,https://homeoffice-na-urbn.icims.com/jobs/30602/job?mobile=true&needsRedirect=false,Simplify
American Express,Software Engineer Intern - Undergraduate,swe,Software,Summer 2027,"London, UK",Other,2026-09-14,2026-09-14,2026-09-14,,1,https://egug.fa.us2.oraclecloud.com/hcmUI/CandidateExperience/en/sites/CX_1/job/26013769,Simplify
American Express,AI Engineer Intern,swe,Software,Summer 2027,"London, UK",Other,2026-09-14,2026-09-14,2026-09-14,,1,https://egug.fa.us2.oraclecloud.com/hcmUI/CandidateExperience/en/sites/CX_1/job/26013758,Simplify
American Express,AI Engineer Intern - Undergraduate,swe,Software,Summer 2027,"Burgess Hill, UK",Other,2026-09-14,2026-09-14,2026-09-14,,1,https://egug.fa.us2.oraclecloud.com/hcmUI/CandidateExperience/en/sites/CX_1/job/26013756,Simplify
Scale AI,Software Engineering Intern (Summer 2027),swe,,,"Doha, Qatar ",,2026-09-14,2026-09-14,2026-09-04,,1,https://job-boards.greenhouse.io/scaleai/jobs/4730834005,greenhouse:scaleai
Robinhood,"Software Developer Intern, Web (Summer 2027)",swe,,,"Toronto, Canada",,2026-09-14,2026-09-14,2026-09-14,,1,https://boards.greenhouse.io/robinhood/jobs/8199744?t=gh_src=&gh_jid=8199744,greenhouse:robinhood
Robinhood,"Software Engineering Intern, Android (Summer 2027)",swe,,,"Menlo Park, CA; New York, NY",,2026-09-14,2026-09-14,2026-09-14,,1,https://boards.greenhouse.io/robinhood/jobs/8142961?t=gh_src=&gh_jid=8142961,greenhouse:robinhood
Robinhood,"Software Engineering Intern, iOS (Summer 2027)",swe,,,"Menlo Park, CA; New York, NY",,2026-09-14,2026-09-14,2026-09-14,,1,https://boards.greenhouse.io/robinhood/jobs/8142959?t=gh_src=&gh_jid=8142959,greenhouse:robinhood
Robinhood,"Software Developer Intern, Backend (Summer 2027)",swe,,,"Toronto, Canada",,2026-09-14,2026-09-14,2026-09-14,,1,https://boards.greenhouse.io/robinhood/jobs/8142930?t=gh_src=&gh_jid=8142930,greenhouse:robinhood
Robinhood,"Software Developer Intern/Co-op, Backend (Winter 2027)",swe,,,"Toronto, Canada",,2026-09-14,2026-09-14,2026-09-14,,1,https://boards.greenhouse.io/robinhood/jobs/8194428?t=gh_src=&gh_jid=8194428,greenhouse:robinhood
Robinhood,"Software Developer Intern, iOS (Summer 2027)",swe,,,"Toronto, Canada",,2026-09-14,2026-09-14,2026-09-14,,1,https://boards.greenhouse.io/robinhood/jobs/8199729?t=gh_src=&gh_jid=8199729,greenhouse:robinhood
Robinhood,"Software Engineering Intern, Backend (Summer 2027)",swe,,,"Bellevue, WA; Menlo Park, CA; New York, NY",,2026-09-14,2026-09-14,2026-09-14,,1,https://boards.greenhouse.io/robinhood/jobs/8123225?t=gh_src=&gh_jid=8123225,greenhouse:robinhood
Robinhood,"Software Engineering Intern, Web (Summer 2027)",swe,,,"Menlo Park, CA; New York, NY",,2026-09-14,2026-09-14,2026-09-14,,1,https://boards.greenhouse.io/robinhood/jobs/8142963?t=gh_src=&gh_jid=8142963,greenhouse:robinhood
Interstates,Data Analyst Intern,data,AI/ML/Data,Spring 2027,"Sioux Center, IA, Sioux Falls, SD",Other,2026-09-14,2026-09-14,2026-09-09,,1,https://www.interstates.com/careers/jobs?gh_jid=4056077009&gh_jid=4056077009,Simplify
Guardian Life,Data Engineering Intern - Digital & Technology,data,AI/ML/Data,Summer 2027,"Holmdel, NJ, NYC, Bethlehem, PA",Other,2026-09-14,2026-09-14,2026-09-14,,1,https://guardianlife.wd5.myworkdayjobs.com/guardian-life-careers/job/New-York/XMLNAME-2027-Guardian-Summer-Intern--Digital---Technology---Data-Engineering_R000110202,Simplify
Guardian Life,Application Development Intern - Digital & Technology,swe,Software,Summer 2027,"Holmdel, NJ, NYC, Bethlehem, PA",Other,2026-09-14,2026-09-14,2026-09-14,,1,https://guardianlife.wd5.myworkdayjobs.com/guardian-life-careers/job/New-York/XMLNAME-2027-Guardian-Summer-Intern--Digital---Technology---Application-Development_R000110209,Simplify
Guardian Life,Summer Intern - Digital & Technology - AI & Machine Learning,swe,Software,Summer 2027,"Holmdel, NJ, NYC, Bethlehem, PA",Other,2026-09-14,2026-09-14,2026-09-14,,1,https://guardianlife.wd5.myworkdayjobs.com/guardian-life-careers/job/New-York/XMLNAME-2027-Guardian-Summer-Intern--Digital---Technology---AI---Machine-Learning_R000110205,Simplify
LSEG,Engineering Intern - Multiple Teams,swe,Software,Summer 2027,"London, UK",Other,2026-09-14,2026-09-14,2026-09-14,,1,https://lseg.wd3.myworkdayjobs.com/Graduate_Careers/job/London-United-Kingdom/Engineering-Summer-Internship-Programme_R0123389,Simplify
Johnson & Johnson,Postdoctoral Scientist - AI/ML,data,AI/ML/Data,N/A,"Cambridge, MA, Spring House, PA, Madrid, Spain",Other,2026-09-14,2026-09-14,2026-09-14,,1,https://jj.wd5.myworkdayjobs.com/JJ/job/Beerse-Antwerp-Belgium/Postdoctoral-Scientist---AI-ML_R-098519,Simplify
Oshkosh,Autonomy Engineering Intern - Summer 2027,data,AI/ML/Data,Summer 2027,"New Hudson, MI",Other,2026-09-14,2026-09-14,2026-09-14,,1,https://oshkoshcorporation.wd5.myworkdayjobs.com/Oshkosh/job/New-Hudson-Michigan-United-States/Autonomy-Intern---Summer-2027_R50320,Simplify
BP,Data Strategist Intern - Global Data Strategists Team,quant,Quant,N/A,NYC,Other,2026-09-14,2026-09-14,2026-09-14,,1,https://bpinternational.wd3.myworkdayjobs.com/bpPrivateExternalCareersSite/job/United-States-of-America---New-York---New-York/Data-Strategist-Programme_RQ115837,Simplify
Wells Fargo,Software Engineer Intern - Early Careers - Software Engineering,swe,Software,Summer 2027,"Iselin, Woodbridge Township, NJ, Charlotte, NC, St. Louis, MO, Phoenix, AZ, Chandler, AZ, Irving, TX",Other,2026-09-14,2026-09-14,2026-09-14,,1,https://wd1.myworkdaysite.com/recruiting/wf/WellsFargoJobs/job/CHARLOTTE-NC/XMLNAME-2027-Technology-Summer-Internship---Early-Careers--Software-Engineering-_R-574285,Simplify
Cleveland-Cliffs,Computer Science Engineer Intern,swe,Software,Summer 2027,"Rockport, IN",Other,2026-09-14,2026-09-14,2026-09-14,,1,https://aksteel.wd1.myworkdayjobs.com/careers/job/Rockport-Works/Computer-Science-Engineering-Intern_R13553,Simplify
CoStar Group,Technology Intern - Multiple Teams,swe,Software,Summer 2027,"Nashville, TN",Other,2026-09-14,2026-09-14,2026-09-14,,1,https://costar.wd1.myworkdayjobs.com/Costar_Campus/job/US-TN-Nashville/Technology-Intern---Nashville--TN--Summer-2027-_R39670,Simplify
Ciena,Software Engineering Intern - Optical Transport and IP Networking,swe,Software,Winter 2027,"Ottawa, ON, Canada",Other,2026-09-14,2026-09-14,2026-09-14,,1,https://ciena.wd5.myworkdayjobs.com/Careers/job/Ottawa/Software-Engineering--Optical-Transport-and-IP-Networking-Intern_R031631,Simplify
CoStar Group,Technology Intern - Summer 2027,swe,Software,Summer 2027,"Richmond, VA",Other,2026-09-14,2026-09-14,2026-09-14,,1,https://costar.wd1.myworkdayjobs.com/Costar_Campus/job/US-VA-Richmond---CoStar-Tower/Technology-Intern---Richmond--VA--Summer-2027-_R39665,Simplify
CoStar Group,Technology Intern,swe,Software,Summer 2027,"Arlington County, Arlington, VA",Other,2026-09-14,2026-09-14,2026-09-14,,1,https://costar.wd1.myworkdayjobs.com/Costar_Campus/job/US-VA-Arlington/Technology-Intern---Arlington--VA--Summer-2027-_R39666,Simplify
AWE,Data Scientist - Nuclear Threat Reduction,data,AI/ML/Data,N/A,"Aldermaston, Reading, UK",Other,2026-09-14,2026-09-14,2026-09-14,,1,https://awepeople.wd3.myworkdayjobs.com/Grad_Careers/job/Reading-area/Year-in-Industry--Data-Scientist_R30359,Simplify
FNBO,Technology Intern,swe,Software,Summer 2027,"Omaha, NE",Other,2026-09-14,2026-09-14,2026-09-14,,1,https://firstnational.wd12.myworkdayjobs.com/fnbocareers/job/Omaha---FN-Tower/Summer-2027---Technology-Intern_R-20261653,Simplify
Brevan Howard,Quantitative Analyst Intern - AI,quant,Quant,Summer 2027,NYC,Other,2026-09-14,2026-09-14,2026-09-14,,1,https://wd3.myworkdaysite.com/recruiting/brevanhoward/BH_ExternalCareers/job/New-York/XMLNAME-2027-Summer-Internship-Program---AI---Quantitative-Analyst--New-York_JR101602,Simplify
Johnson & Johnson,Technology and Digital Quality Intern,data,AI/ML/Data,Summer 2027,"Horsham, PA, Raritan, NJ",Other,2026-09-14,2026-09-14,2026-09-14,,1,https://jj.wd5.myworkdayjobs.com/JJ/job/Raritan-New-Jersey-United-States-of-America/TDQ-Intern_R-098463,Simplify
Johnson & Johnson,Business Intelligence Co-op,data,AI/ML/Data,Summer 2027,"Irving, TX",Other,2026-09-14,2026-09-14,2026-09-14,,1,https://jj.wd5.myworkdayjobs.com/JJ/job/Irving-Texas-United-States-of-America/Business-Intelligence-Co-Op_R-097003-1,Simplify
Johnson & Johnson,Technology and Digital Quality Co-op,data,AI/ML/Data,Spring 2027,"Horsham, PA, Raritan, NJ",Other,2026-09-14,2026-09-14,2026-09-14,,1,https://jj.wd5.myworkdayjobs.com/JJ/job/Raritan-New-Jersey-United-States-of-America/TDQ-Co-Op_R-098461,Simplify
Clarios,People Analytics Intern - Summer 2027,data,AI/ML/Data,Summer 2027,"Milwaukee, WI",Other,2026-09-14,2026-09-14,2026-09-14,,1,https://clarios.wd5.myworkdayjobs.com/clarioscareers/job/United-States-Wisconsin-Milwaukee/People-Analytics---AI-Intern--Summer-2027-_WD50216,Simplify
Dow Jones,Data Analyst Intern - Internship Program,data,AI/ML/Data,Summer 2027,NYC,Other,2026-09-14,2026-09-14,2026-09-14,,1,https://dowjones.wd1.myworkdayjobs.com/en-US/Dow_Jones_Career/job/NYC---1211-Ave-of-the-Americas/Summer-2027-Internship-Program---Data-Analyst-Intern_Job_Req_55294,Simplify
Xcel Energy,Load Research & Energy and Demand Forecasting Intern,data,AI/ML/Data,Summer 2027,"Denver, CO",Other,2026-09-14,2026-09-14,2026-09-14,,1,https://xcelenergy.wd1.myworkdayjobs.com/External/job/Denver-CO-80205/Load-Research---Energy-and-Demand-Forecasting-Intern_JR116604-1,Simplify
Dow Jones,Research Analyst Intern - Summer Internship Program,data,AI/ML/Data,Summer 2027,"Houston, TX",Other,2026-09-14,2026-09-14,2026-09-14,,1,https://dowjones.wd1.myworkdayjobs.com/en-US/Dow_Jones_Career/job/Houston-TX---OPIS/Summer-2027-Internship-Program---Research-Analyst-Intern_Job_Req_55298,Simplify
Freddie Mac,Multifamily Business Analysis Graduate Intern - Summer 2027,quant,Quant,Summer 2027,"McLean, VA",Other,2026-09-14,2026-09-14,2026-09-14,,1,https://freddiemac.wd5.myworkdayjobs.com/External/job/McLean-VA/Multifamily-Business-Analysis-Graduate-Intern---Summer-2027_JR17638,Simplify
BDO Canada,Full-Stack Developer Co-op Intern,swe,Software,Winter 2027,"Toronto, ON, Canada, Oakville, ON, Canada, Ottawa, ON, Canada",Other,2026-09-14,2026-09-14,2026-09-14,,1,https://bdo.wd3.myworkdayjobs.com/BDO/job/Toronto---Bay-St/Co-op-or-Intern--Full-Stack-Developer--January-2027-_JR7057,Simplify
Royal Bank of Canada,Algorithmic Trading Developer Co-op - Global Equities,quant,Quant,Summer 2027,"Toronto, ON, Canada",Other,2026-09-14,2026-09-14,2026-09-14,,1,https://rbc.wd3.myworkdayjobs.com/RBCEARLYTALENT1/job/TORONTO-Ontario-Canada/XMLNAME-2027-Capital-Markets--Global-Equities--Algorithmic-Trading-Developer--16-Months--Co-op-_R-0000187792,Simplify
Royal Bank of Canada,AI Engineer Co-op - Global Equities,data,AI/ML/Data,Summer 2027,"Toronto, ON, Canada",Other,2026-09-14,2026-09-14,2026-09-14,,1,https://rbc.wd3.myworkdayjobs.com/RBCEARLYTALENT1/job/TORONTO-Ontario-Canada/XMLNAME-2027-Capital-Markets--Global-Equities--AI-Engineer--16-Months--Co-op-_R-0000187401-1,Simplify
Baird,Software Developer Intern,swe,Software,Summer 2027,"Madison, WI, Milwaukee, WI",Other,2026-09-14,2026-09-14,2026-09-14,,1,https://baird.wd1.myworkdayjobs.com/careers/job/WI-Milwaukee/Internship---Software-Developer--Year-Round-_R20261024-1,Simplify
Lowe's,Software Engineer Intern,swe,Software,Summer 2027,"Charlotte, NC",Other,2026-09-14,2026-09-14,2026-09-14,,1,https://lowes.wd5.myworkdayjobs.com/en-US/LWS_External_CS/job/Lowes-Charlotte-Technology-Hub-3505/Software-Engineer---Undergrad-Internship---Summer-2027_JR-02623576,Simplify
Lowe's,Exploratory Software Engineer Intern,swe,Software,Summer 2027,"Charlotte, NC",Other,2026-09-14,2026-09-14,2026-09-14,,1,https://lowes.wd5.myworkdayjobs.com/en-US/LWS_External_CS/job/Lowes-Charlotte-Technology-Hub-3505/Exploratory-Software-Engineering---Undergrad-Internship---Summer-2027_JR-02623542,Simplify
BDO Canada,Data & Analytics Co-op Intern,data,AI/ML/Data,Winter 2027,"Montreal, QC, Canada, Toronto, ON, Canada, Calgary, AB, Canada, Oakville, ON, Canada, Ottawa, ON, Canada, Vancouver, BC, Canada, Halifax Regional Municipality, NS, Canada",Other,2026-09-14,2026-09-14,2026-09-14,,1,https://bdo.wd3.myworkdayjobs.com/BDO/job/Toronto---Bay-St/Co-op-or-Intern--Data---Analytics--January-2027-_JR7061,Simplify
MBDA,Weapon Systems Algorithms Engineer - Undergraduate Placement,swe,Software,N/A,"Bristol, UK, Stevenage, UK",Other,2026-09-14,2026-09-14,2026-09-14,,1,https://mbda.wd3.myworkdayjobs.com/MBDA-UK/job/Bristol/Weapon-Systems-Algorithms-Engineer---Undergraduate-Placement-2027_R37726,Simplify
MBDA,Software Engineer - Undergraduate Placement,swe,Software,N/A,"Stevenage, UK",Other,2026-09-14,2026-09-14,2026-09-14,,1,https://mbda.wd3.myworkdayjobs.com/MBDA-UK/job/Stevenage/Software-Engineer---Undergraduate-Placement-2027_R37757,Simplify
MBDA,Weapon System Simulation & Experimentation Engineer - Undergraduate Placement,swe,Software,N/A,"Bristol, UK, Stevenage, UK",Other,2026-09-14,2026-09-14,2026-09-14,,1,https://mbda.wd3.myworkdayjobs.com/MBDA-UK/job/Stevenage/Weapon-System-Simulation---Experimentation-Engineer---Undergraduate-Placement-2027_R37568,Simplify
MBDA,Simulation and Modelling Engineer - Undergraduate Placement,swe,Software,N/A,"Bristol, UK, Stevenage, UK",Other,2026-09-14,2026-09-14,2026-09-14,,1,https://mbda.wd3.myworkdayjobs.com/MBDA-UK/job/Stevenage/Simulation-and-Modelling-Engineer---Undergraduate-Placement-2027_R38688,Simplify
MBDA,Computer Vision and Artificial Intelligence Engineer - Image Processing UK,data,AI/ML/Data,N/A,"Bristol, UK",Other,2026-09-14,2026-09-14,2026-09-14,,1,https://mbda.wd3.myworkdayjobs.com/MBDA-UK/job/Bristol/Computer-Vision-and-Artificial-Intelligence-Engineer---Summer-Placement-2027_R37483,Simplify
MBDA,Software Engineer,swe,Software,N/A,"Stevenage, UK",Other,2026-09-14,2026-09-14,2026-09-14,,1,https://mbda.wd3.myworkdayjobs.com/MBDA-UK/job/Stevenage/Software-Engineer---Summer-Placement-2027_R37759,Simplify
Gordon Food Service,Material Master Data Intern,data,AI/ML/Data,Summer 2027,"Wyoming, MI",Other,2026-09-14,2026-09-14,2026-09-14,,1,https://gfs.wd5.myworkdayjobs.com/usjobs-gen-gfs/job/Wyoming-Michigan/Material-Master-Data-Internship_R-57186,Simplify
Gordon Food Service,Category Technology Intern - MMSC,data,AI/ML/Data,Summer 2027,"Wyoming, MI",Other,2026-09-14,2026-09-14,2026-09-14,,1,https://gfs.wd5.myworkdayjobs.com/usjobs-gen-gfs/job/Wyoming-Michigan/MMSC-Category-Technology-Internship_R-57187,Simplify
Booz Allen,Applied AI Intern,swe,Software,N/A,"Washington, DC",Other,2026-09-14,2026-09-14,2026-09-14,,1,https://bah.wd1.myworkdayjobs.com/Confidential/job/Washington-DC/University---Applied-AI-Specialist_R0249409,Simplify
MBDA,Weapon Systems Algorithms Engineer - Summer Placement 2027,swe,Software,N/A,"Bristol, UK",Other,2026-09-14,2026-09-14,2026-09-14,,1,https://mbda.wd3.myworkdayjobs.com/MBDA-UK/job/Bristol/Weapon-Systems-Algorithms-Engineer---Summer-Placement-2027_R37727,Simplify
General Motors,Summer Intern - Performance Analysis,data,AI/ML/Data,Summer 2027,"Concord, NC",Other,2026-09-14,2026-09-14,2026-09-14,,1,https://generalmotors.wd5.myworkdayjobs.com/en-CA/Careers_GM/job/Concord-North-Carolina-United-States-of-America/XMLNAME-2027-Summer-Intern---Performance-Analysis_JR-202619985,Simplify
General Motors,Race Strategy & Analytics Intern - IndyCar,data,AI/ML/Data,Summer 2027,"Concord, NC",Other,2026-09-14,2026-09-14,2026-09-14,,1,https://generalmotors.wd5.myworkdayjobs.com/Careers_GM/job/Concord-North-Carolina-United-States-of-America/XMLNAME-2027-Summer-Intern---IndyCar-Race-Strategy---Analytics_JR-202619990,Simplify
Xcel Energy,Energy Programs Strategy & Analytics Intern,data,AI/ML/Data,Summer 2027,"Minneapolis, MN, Denver, CO",Other,2026-09-14,2026-09-14,2026-09-14,,1,https://xcelenergy.wd1.myworkdayjobs.com/External/job/Minneapolis-MN-55401/Energy-Programs-Strategy---Analytics-Intern---MN_JR115669-1,Simplify
General Motors,Motorsports Strategy Intern - Sportscar Motorsports Strategy,data,AI/ML/Data,Summer 2027,"Concord, NC",Other,2026-09-14,2026-09-14,2026-09-14,,1,https://generalmotors.wd5.myworkdayjobs.com/en-CA/Careers_GM/job/Concord-North-Carolina-United-States-of-America/XMLNAME-2027-Summer-Intern---Sportscar-Motorsports-Strategy_JR-202619859,Simplify
Xcel Energy,Customer Insight Intern,data,AI/ML/Data,Summer 2027,"Minneapolis, MN, Denver, CO",Other,2026-09-14,2026-09-14,2026-09-14,,1,https://xcelenergy.wd1.myworkdayjobs.com/External/job/Minneapolis-MN-55401/Customer-Insight-Intern---MN--CO_JR115814-1,Simplify
Xcel Energy,AI and Analytics Intern,data,AI/ML/Data,Summer 2027,"Minneapolis, MN, Denver, CO",Other,2026-09-14,2026-09-14,2026-09-14,,1,https://xcelenergy.wd1.myworkdayjobs.com/External/job/Minneapolis-MN-55401/AI-and-Analytics-Intern-MN--CO_JR115877-1,Simplify
BlueCross BlueShield of Nebraska,Healthcare Analytics Intern,data,AI/ML/Data,Summer 2027,"Omaha, NE",Other,2026-09-14,2026-09-14,2026-09-14,,1,https://nebraskablue.wd1.myworkdayjobs.com/BCBSNE/job/Omaha-NE/Healthcare-Analytics-Intern--Starts-Summer-2027_JR101437,Simplify
CIBC,Global Markets Analyst or Associate - Months,quant,Quant,Summer 2027,"Toronto, ON, Canada",Other,2026-09-14,2026-09-14,2026-09-14,,1,https://cibc.wd3.myworkdayjobs.com/campus/job/Toronto-ON/Global-Markets--Summer-2027-Analyst-or-Associate--12-months-_2618796,Simplify
CIBC,Global Markets Analyst - Electronic Trading,quant,Software,Summer 2027,"Toronto, ON, Canada",Other,2026-09-14,2026-09-14,2026-09-14,,1,https://cibc.wd3.myworkdayjobs.com/campus/job/Toronto-ON/Global-Markets--Electronic-Trading---Summer-2027-Analyst--4-months-_2618801,Simplify
AtkinsRéalis,Data Scientist Intern - Summer 2027,data,AI/ML/Data,Summer 2027,"Tempe, AZ",Other,2026-09-14,2026-09-14,2026-09-14,,1,https://slihrms.wd3.myworkdayjobs.com/careers/job/USAZTempe/Data-Scientist-Intern---Summer-2027_R-161183-1,Simplify
Sun Life,Medical Intelligence Co-op,data,AI/ML/Data,Summer 2027,"Wellesley, MA",Other,2026-09-14,2026-09-14,2026-09-14,,1,https://sunlife.wd3.myworkdayjobs.com/en-US/Campus/job/Wellesley-Hills-Massachusetts/Medical-Intelligence-Co-op---Spring-2027_JR00127676,Simplify
Oshkosh,Advanced Analytics Intern,data,AI/ML/Data,Summer 2027,"Frederick, MD",Other,2026-09-14,2026-09-14,2026-09-14,,1,https://oshkoshcorporation.wd5.myworkdayjobs.com/Oshkosh/job/Frederick-Maryland-United-States/Summer-2027-Advanced-Analytics-Intern_R49541,Simplify
Johnson & Johnson,Robotics Controls & Autonomy Intern - Robotics R&D,data,AI/ML/Data,Summer 2027,"Santa Clara, CA",Other,2026-09-14,2026-09-15,2026-09-15,,1,https://jj.wd5.myworkdayjobs.com/JJ/job/Santa-Clara-California-United-States-of-America/RC---A---Robotics-R-D_R-099654-1,Simplify
Wex,AI & Data Platform Engineering Intern - Undergraduate,swe,AI/ML/Data,Summer 2027,Remote in USA,Other,2026-09-14,2026-09-15,2026-09-15,,1,https://wexinc.wd5.myworkdayjobs.com/en-US/WEXInc/job/US---Remote/AI---Data-Platform-Engineering-Intern--Undergraduate-_R23055,Simplify
Repsol,Energy Assessment Intern,data,AI/ML/Data,Summer 2027,"Houston, TX",Other,2026-09-14,2026-09-15,2026-09-15,,1,https://repsol.wd3.myworkdayjobs.com/Repsol/job/Downtown-Houston/Energy-Assesment-Intern_84105,Simplify
Repsol,GIS Intern,data,AI/ML/Data,Summer 2027,"Houston, TX",Other,2026-09-14,2026-09-15,2026-09-15,,1,https://repsol.wd3.myworkdayjobs.com/Repsol/job/Downtown-Houston/GIS-Intern_84106,Simplify
3M,Business Analyst Intern - Consumer Business Group,data,AI/ML/Data,Summer 2027,"Maplewood, MN",Other,2026-09-14,2026-09-15,2026-09-15,,1,https://3m.wd1.myworkdayjobs.com/en-US/Search/job/US-Minnesota-Maplewood/Internship---2027-Undergraduate-Business-Analytics-Intern---Consumer-Business-Group--CBG-_R01171049,Simplify
TD Bank,Software Engineer Intern - Global Technology & Solutions,swe,Software,Summer 2027,"Mt Laurel Township, NJ",Other,2026-09-13,2026-09-14,2026-09-14,,1,https://td.wd3.myworkdayjobs.com/TD_Bank_Careers/job/Mount-Laurel-New-Jersey/XMLNAME-2027-Summer-Internship-Program---Global-Technology---Solutions---Software-Engineer--SWE-_R_1510796-1,Simplify
TD Bank,Data Engineer Intern - Global Technology & Solutions,data,AI/ML/Data,Summer 2027,"Mt Laurel Township, NJ",Other,2026-09-13,2026-09-14,2026-09-14,,1,https://td.wd3.myworkdayjobs.com/TD_Bank_Careers/job/Mount-Laurel-New-Jersey/XMLNAME-2027-Summer-Internship-Program---Global-Technology---Solutions---Data-Engineer_R_1510797,Simplify
TD Bank,Data Analyst Intern - Global Technology & Solutions,data,AI/ML/Data,Summer 2027,"Mt Laurel Township, NJ",Other,2026-09-13,2026-09-14,2026-09-14,,1,https://td.wd3.myworkdayjobs.com/TD_Bank_Careers/job/Mount-Laurel-New-Jersey/XMLNAME-2027-Summer-Internship-Program---Global-Technology---Solutions---Data-Analyst_R_1510800,Simplify
AnaVation,Computer Science Intern - Summer 2027,swe,Software,Summer 2027,"Chantilly, VA",Other,2026-09-12,2026-09-12,2026-09-12,,1,https://jobs.lever.co/anavationllc/4a82ae00-30f0-410c-bf3c-f1cdd18739e7/apply,Simplify
Klaviyo,Software Engineer Co-op,swe,Software,Spring 2027,"Boston, MA",Other,2026-09-12,2026-09-12,2026-09-12,,1,https://job-boards.greenhouse.io/klaviyocampus/jobs/7989365003,Simplify
Klaviyo,Software Engineer Intern - Summer 2027,swe,Software,Summer 2027,"Boston, MA",Other,2026-09-12,2026-09-12,2026-09-12,,1,https://job-boards.greenhouse.io/klaviyocampus/jobs/7989364003,Simplify
Axon,Software Engineer Intern - R&D Program,swe,Software,N/A,"Seattle, WA",Other,2026-09-12,2026-09-12,2026-09-12,,1,https://job-boards.greenhouse.io/axontalentcommunity/jobs/7993376003,Simplify
Energy Transfer Partners,Power Optimization Intern,data,AI/ML/Data,Summer 2027,"Houston, TX",Other,2026-09-12,2026-09-12,2026-09-12,,1,https://energytransfer.taleo.net/careersection/etp_ext/jobdetail.ftl?job=2610003535,Simplify
Constellation Energy,Information Technology Software Development Intern,swe,Software,Summer 2027,"Baltimore, MD",Other,2026-09-12,2026-09-12,2026-09-12,,1,https://jobs.constellationenergy.com/jobs/138708?icims=1,Simplify
Constellation Energy,IT Data Engineering Intern,data,AI/ML/Data,Summer 2027,"Baltimore, MD",Other,2026-09-12,2026-09-12,2026-09-12,,1,https://jobs.constellationenergy.com/jobs/138716?icims=1,Simplify
Energy Transfer Partners,Business Transformation and Integration Intern,data,AI/ML/Data,Summer 2027,"Dallas, TX",Other,2026-09-12,2026-09-12,2026-09-12,,1,https://energytransfer.taleo.net/careersection/etp_ext/jobdetail.ftl?job=2610003511,Simplify
Energy Transfer Partners,Commodity Trading Analyst Intern,quant,Quant,Summer 2027,"Overland Park, KS",Other,2026-09-12,2026-09-12,2026-09-12,,1,https://energytransfer.taleo.net/careersection/etp_ext/jobdetail.ftl?job=2610003520,Simplify
John Deere,Student - OEM/Marine Applications,swe,Software,N/A,"Waterloo, IA",Other,2026-09-11,2026-09-12,2026-09-12,,1,https://johndeere.eightfold.ai/careers/job/137483396343,Simplify
Qualcomm,Machine Learning Compiler & Performance Engineering Intern - Systems,swe,Software,Summer 2027,"Markham, ON, Canada",Other,2026-09-11,2026-09-12,2026-09-12,,1,https://qualcomm.eightfold.ai/careers/job/446721064018,Simplify
MegazoneCloud,Software Engineer Co-op,swe,Software,Summer 2027,"Rochester, NY",Other,2026-09-11,2026-09-11,2026-09-12,,1,https://jobs.ashbyhq.com/megazone/e2889469-cf20-4227-bf24-2a6e885f8dca/application?embed=true,Simplify
ibotta,Software Engineer Intern,swe,Software,Summer 2027,"Denver, CO",Other,2026-09-11,2026-09-11,2026-09-12,,1,https://jobs.ashbyhq.com/ibotta/3130669e-16aa-4f63-834d-b83571c8d269/application?embed=true,Simplify
Cozey,Data Science Intern,data,AI/ML/Data,N/A,"Mount Royal, QC, Canada",Other,2026-09-11,2026-09-11,2026-09-12,,1,https://ats.rippling.com/cozey-internships/jobs/d19a9f0b-e828-436b-890f-a6f2216c6888,Simplify
Tesla,Data Engineer Intern - Fleet Analytics,data,AI/ML/Data,Winter 2027,"Palo Alto, CA",Other,2026-09-11,2026-09-11,2026-09-12,,1,https://www.tesla.com/careers/search/job/283138,Simplify
DV Trading,Software Developer Intern,swe,Software,Summer 2027,NYC,Other,2026-09-11,2026-09-11,2026-09-12,,1,https://job-boards.greenhouse.io/dvtrading/jobs/4733138005,Simplify
DV Trading,Quantitative Research Intern - DV Equities,quant,Quant,Summer 2027,NYC,Other,2026-09-11,2026-09-11,2026-09-12,,1,https://job-boards.greenhouse.io/dvtrading/jobs/4733133005,Simplify
DV Trading,Quantitative Trading Intern - DV Equities,quant,Quant,Summer 2027,NYC,Other,2026-09-11,2026-09-11,2026-09-12,,1,https://job-boards.greenhouse.io/dvtrading/jobs/4702083005,Simplify
Perpay,Data Science Intern,data,AI/ML/Data,Summer 2027,"Philadelphia, PA",Other,2026-09-11,2026-09-11,2026-09-12,,1,https://job-boards.greenhouse.io/perpay/jobs/4076978007,Simplify
Perpay,Data Engineering Intern,data,AI/ML/Data,Summer 2027,"Philadelphia, PA",Other,2026-09-11,2026-09-11,2026-09-12,,1,https://job-boards.greenhouse.io/perpay/jobs/4076965007,Simplify
Tesla,Content Integration Engineer Intern - Vehicle Firmware,swe,Software,Winter 2027,"Palo Alto, CA",Other,2026-09-11,2026-09-11,2026-09-12,,1,https://www.tesla.com/careers/search/job/283220,Simplify
Veeam Software,Software Engineer Intern - Summer 2027,swe,Software,Summer 2027,"San Jose, CA",Other,2026-09-11,2026-09-11,2026-09-12,,1,https://job-boards.eu.greenhouse.io/veeamsoftware/jobs/4955293101,Simplify
Veeam Software,Policy Engineering Intern,swe,Software,Summer 2027,"San Jose, CA",Other,2026-09-11,2026-09-11,2026-09-12,,1,https://job-boards.eu.greenhouse.io/veeamsoftware/jobs/4955482101,Simplify
Veeam Software,Security & AI Engineer Intern,swe,Software,Summer 2027,"San Jose, CA",Other,2026-09-11,2026-09-11,2026-09-12,,1,https://job-boards.eu.greenhouse.io/veeamsoftware/jobs/4952609101,Simplify
Veeam Software,Engineering Intern,swe,Software,Summer 2027,California,Other,2026-09-11,2026-09-11,2026-09-12,,1,https://job-boards.eu.greenhouse.io/veeamsoftware/jobs/4951792101,Simplify
Veeam Software,Data Analytics & Programs Intern,data,AI/ML/Data,Summer 2027,Georgia,Other,2026-09-11,2026-09-11,2026-09-12,,1,https://job-boards.eu.greenhouse.io/veeamsoftware/jobs/4955300101,Simplify
Veeam Software,Customer Care AI Analyst Intern - Summer 2027,data,AI/ML/Data,Summer 2027,"Columbus, OH",Other,2026-09-11,2026-09-11,2026-09-12,,1,https://job-boards.eu.greenhouse.io/veeamsoftware/jobs/4972324101,Simplify
Veeam Software,Machine Learning Intern - AI,data,AI/ML/Data,Summer 2027,"San Jose, CA",Other,2026-09-11,2026-09-11,2026-09-12,,1,https://job-boards.eu.greenhouse.io/veeamsoftware/jobs/4971207101,Simplify
Veeam Software,AI & Automation Engineering Intern - Summer 2027,swe,Software,Summer 2027,Georgia,Other,2026-09-11,2026-09-11,2026-09-12,,1,https://job-boards.eu.greenhouse.io/veeamsoftware/jobs/4955296101,Simplify
Amazon,Machine Learning Systems Software Development Engineer Intern - Annapurna Labs,swe,Software,Summer 2027,"Toronto, ON, Canada",Other,2026-09-11,2026-09-11,2026-09-12,,1,https://amazon.jobs/en/jobs/10538066/ml-systems-software-development-engineer-intern-annapurna-labs-2027,Simplify
Nokia,Data Scientist Co-op/Intern,swe,Software,Winter 2027,"Ottawa, ON, Canada",Other,2026-09-11,2026-09-11,2026-09-12,,1,https://fa-evmr-saasfaprod1.fa.ocs.oraclecloud.com/hcmUI/CandidateExperience/en/sites/CX_1/job/39965,Simplify
AMD,AI Systems & GPU Performance Engineer Intern,data,AI/ML/Data,Summer 2027,"San Jose, CA, Santa Clara, CA",Other,2026-09-11,2026-09-11,2026-09-12,,1,https://careers.amd.com/jobs/92354?icims=1,Simplify
AMD,Machine Learning System Engineering Intern/Co-op,data,AI/ML/Data,Summer 2027,"San Jose, CA, Santa Clara, CA",Other,2026-09-11,2026-09-11,2026-09-12,,1,https://careers.amd.com/jobs/92342?icims=1,Simplify
Xcimer Energy,Computational and Software Engineering Intern,swe,Software,Summer 2027,"Denver, CO",Other,2026-09-11,2026-09-11,2026-09-12,,1,https://jobs.lever.co/xcimer/fee9965c-8040-4614-8fd1-10bddfe3b911/apply,Simplify
Kinder Morgan,ESG Intern,data,AI/ML/Data,Summer 2027,"Houston, TX",Other,2026-09-11,2026-09-11,2026-09-12,,1,https://careers.kindermorgan.com/jobs/6176?icims=1,Simplify
The Friedkin Group,IT Data Analytics Intern - Business Systems & AI,data,AI/ML/Data,Summer 2027,"Houston, TX",Other,2026-09-11,2026-09-11,2026-09-12,,1,https://external-careers-friedkin.icims.com/jobs/6759/job?mobile=true&needsRedirect=false,Simplify
Lyft,Software Engineer Intern - Backend,swe,Software,Summer 2027,SF,Other,2026-09-11,2026-09-11,2026-09-12,,1,https://app.careerpuck.com/job-board/lyft/job/8767726002?gh_jid=8767726002,Simplify
Lyft,Software Engineer Intern - Machine Learning,swe,AI/ML/Data,Summer 2027,"Toronto, ON, Canada",Other,2026-09-11,2026-09-11,2026-09-12,,1,https://app.careerpuck.com/job-board/lyft/job/8802332002?gh_jid=8802332002,Simplify
Lyft,Software Engineer Intern,swe,Software,Summer 2027,"Toronto, ON, Canada",Other,2026-09-11,2026-09-11,2026-09-12,,1,https://app.careerpuck.com/job-board/lyft/job/8767710002?gh_jid=8767710002,Simplify
Lyft,Software Engineer Intern - Fullstack,swe,Software,Summer 2027,"Toronto, ON, Canada",Other,2026-09-11,2026-09-11,2026-09-12,,1,https://app.careerpuck.com/job-board/lyft/job/8797859002?gh_jid=8797859002,Simplify
Lyft,Data Engineer Intern,data,AI/ML/Data,Summer 2027,"Toronto, ON, Canada",Other,2026-09-11,2026-09-11,2026-09-12,,1,https://app.careerpuck.com/job-board/lyft/job/8797376002?gh_jid=8797376002,Simplify
Lyft,Data Analyst Intern,data,AI/ML/Data,Summer 2027,NYC,Other,2026-09-11,2026-09-11,2026-09-12,,1,https://app.careerpuck.com/job-board/lyft/job/8802198002?gh_jid=8802198002,Simplify
Lyft,Data Science Intern - Algorithms,data,AI/ML/Data,Summer 2027,"Toronto, ON, Canada",Other,2026-09-11,2026-09-11,2026-09-12,,1,https://app.careerpuck.com/job-board/lyft/job/8767697002?gh_jid=8767697002,Simplify
Lyft,Software Developer Intern - Backend,swe,Software,N/A,"Montreal, QC, Canada",Other,2026-09-11,2026-09-11,2026-09-12,,1,https://app.careerpuck.com/job-board/lyft/job/8796052002?gh_jid=8796052002,Simplify
TTP,Software Engineering Intern,swe,Software,Summer 2027,"Melbourn, Royston, UK",Other,2026-09-11,2026-09-11,2026-09-12,,1,https://jobs.smartrecruiters.com/TTP1/744000149038758,Simplify
Kinaxis,Software Engineer Co-op/Intern - Data Modeling & Integration,swe,Software,Winter 2027,"Ottawa, ON, Canada",Other,2026-09-11,2026-09-11,2026-09-12,,1,https://careers-kinaxis.icims.com/jobs/35349/job?mobile=true&needsRedirect=false,Simplify
Lyft,"Software Engineer Intern, Machine Learning (Summer 2027 - Toronto)",swe,,,"Toronto, Canada",,2026-09-11,2026-09-11,2026-09-17,,1,https://app.careerpuck.com/job-board/lyft/job/8802332002?gh_jid=8802332002,greenhouse:lyft
Lyft,"Software Engineer Intern, Frontend (Summer 2027)",swe,,,"Mexico City, Mexico",,2026-09-11,2026-09-11,2026-09-11,,1,https://app.careerpuck.com/job-board/lyft/job/8797819002?gh_jid=8797819002,greenhouse:lyft
Lyft,"Software Engineer Intern, Backend (Summer 2027 - Mexico)",swe,,,"Mexico City, Mexico",,2026-09-11,2026-09-11,2026-09-17,,1,https://app.careerpuck.com/job-board/lyft/job/8767715002?gh_jid=8767715002,greenhouse:lyft
Lyft,"Software Engineer Intern, Backend (Summer 2027 - Montreal)",swe,,,"Montreal, Canada",,2026-09-11,2026-09-11,2026-09-17,,1,https://app.careerpuck.com/job-board/lyft/job/8796054002?gh_jid=8796054002,greenhouse:lyft
Lyft,"Software Engineer Intern, Test Automation (Summer 2027)",swe,,,"Montreal, Canada",,2026-09-11,2026-09-11,2026-09-11,,1,https://app.careerpuck.com/job-board/lyft/job/8767534002?gh_jid=8767534002,greenhouse:lyft
Lyft,Data Engineer Intern (Summer 2027),data,,,"Toronto, Canada",,2026-09-11,2026-09-11,2026-09-11,,1,https://app.careerpuck.com/job-board/lyft/job/8797376002?gh_jid=8797376002,greenhouse:lyft
Lyft,"Software Engineer Intern, Fullstack (Summer 2027 - Toronto)",swe,,,"Toronto, Canada",,2026-09-11,2026-09-11,2026-09-17,,1,https://app.careerpuck.com/job-board/lyft/job/8797859002?gh_jid=8797859002,greenhouse:lyft
Lyft,"Data Science Intern, Algorithms (Summer 2027 - Toronto)",data,,,"Toronto, Canada",,2026-09-11,2026-09-11,2026-09-17,,1,https://app.careerpuck.com/job-board/lyft/job/8767697002?gh_jid=8767697002,greenhouse:lyft
Lyft,"Software Engineer Intern, Backend (Summer 2027 - Toronto)",swe,,,"Toronto, Canada",,2026-09-11,2026-09-11,2026-09-17,,1,https://app.careerpuck.com/job-board/lyft/job/8767710002?gh_jid=8767710002,greenhouse:lyft
Lyft,"Data Science Intern, Algorithms (Summer 2027 - SF/NYC)",data,,,"San Francisco, CA",,2026-09-11,2026-09-11,2026-09-17,,1,https://app.careerpuck.com/job-board/lyft/job/8767723002?gh_jid=8767723002,greenhouse:lyft
Lyft,"Software Engineer Intern, Backend (Summer 2027 - SF)",swe,,,"San Francisco, CA",,2026-09-11,2026-09-11,2026-09-17,,1,https://app.careerpuck.com/job-board/lyft/job/8767726002?gh_jid=8767726002,greenhouse:lyft
Westinghouse Electric Company,Finance Analyst Intern,data,AI/ML/Data,Summer 2027,"Madison, PA",Other,2026-09-11,2026-09-11,2026-09-11,,1,https://careers.westinghousenuclear.com/job/Madison-Summer-Intern-Finance-Analyst-PA-15663/1427820800/?ats=successfactors,Simplify
Johns Hopkins Applied Physics Laboratory,Decision Science Intern - Software Engineer,swe,Software,Summer 2027,"Laurel, MD",Other,2026-09-11,2026-09-11,2026-09-11,,1,https://careers.jhuapl.edu/jobs/60040?icims=1,Simplify
DV Trading,Software Developer Intern - Summer 2027 (DV Equities),swe,,,New York,,2026-09-11,2026-09-11,2026-09-11,,1,https://job-boards.greenhouse.io/dvtrading/jobs/4733138005,greenhouse:dvtrading
DV Trading,Quantitative Research Intern - Summer 2027 (DV Equities),quant,,,New York,,2026-09-11,2026-09-11,2026-09-11,,1,https://job-boards.greenhouse.io/dvtrading/jobs/4733133005,greenhouse:dvtrading
DV Trading,Quantitative Trading Intern - Summer 2027 (DV Equities),quant,,,New York,,2026-09-11,2026-09-11,2026-09-03,,1,https://job-boards.greenhouse.io/dvtrading/jobs/4702083005,greenhouse:dvtrading
Tesla,Software Engineer Intern - Data Platforms,swe,Software,Spring 2027,"Palo Alto, CA",Other,2026-09-11,2026-09-11,2026-09-11,,1,https://www.tesla.com/careers/search/job/283117,Simplify
Tesla,Robotics Physics Modeling Engineer Intern - Model Based Design - Optimus,data,AI/ML/Data,Spring 2027,"Palo Alto, CA",Other,2026-09-11,2026-09-11,2026-09-11,,1,https://www.tesla.com/careers/search/job/283128,Simplify
Citizens Financial Group,Data Management Intern - Multiple Teams,data,AI/ML/Data,Summer 2027,"Boston, MA, Johnston, RI, Columbus, OH",Other,2026-09-11,2026-09-11,2026-09-11,,1,https://hcgn.fa.us2.oraclecloud.com/hcmUI/CandidateExperience/en/sites/CX_1/job/49277,Simplify
Citizens Financial Group,Software Engineer Intern,swe,Software,Summer 2027,"Plano, TX, Johnston, RI, Phoenix, AZ",Other,2026-09-11,2026-09-11,2026-09-11,,1,https://hcgn.fa.us2.oraclecloud.com/hcmUI/CandidateExperience/en/sites/CX_1/job/49286,Simplify
Citizens Financial Group,Data Management Intern - Enterprise Data and Analytics,data,AI/ML/Data,Summer 2027,"Boston, MA, Johnston, RI, Columbus, OH",Other,2026-09-11,2026-09-11,2026-09-11,,1,https://hcgn.fa.us2.oraclecloud.com/hcmUI/CandidateExperience/en/sites/CX_1/job/49281,Simplify
Citizens Financial Group,Business Insights Intern - Multiple Teams,data,AI/ML/Data,Summer 2027,"Boston, MA, Johnston, RI, Columbus, OH",Other,2026-09-11,2026-09-11,2026-09-11,,1,https://hcgn.fa.us2.oraclecloud.com/hcmUI/CandidateExperience/en/sites/CX_1/job/49283,Simplify
Citizens Financial Group,Data Analyst Intern - Multiple Teams,data,AI/ML/Data,Summer 2027,"Boston, MA, Johnston, RI, Columbus, OH",Other,2026-09-11,2026-09-11,2026-09-11,,1,https://hcgn.fa.us2.oraclecloud.com/hcmUI/CandidateExperience/en/sites/CX_1/job/49282,Simplify
Citizens Financial Group,Data Engineer Intern - Enterprise Technology & Security,data,AI/ML/Data,Summer 2027,"Plano, TX, Johnston, RI, Phoenix, AZ",Other,2026-09-11,2026-09-11,2026-09-11,,1,https://hcgn.fa.us2.oraclecloud.com/hcmUI/CandidateExperience/en/sites/CX_1/job/49285,Simplify
Citizens Financial Group,Data Science Intern - Multiple Teams,data,AI/ML/Data,Summer 2027,"Boston, MA, Johnston, RI, Columbus, OH",Other,2026-09-11,2026-09-11,2026-09-11,,1,https://hcgn.fa.us2.oraclecloud.com/hcmUI/CandidateExperience/en/sites/CX_1/job/49280,Simplify
Kinaxis,Developer Intern - Clients - Front End Technologies,swe,Software,Winter 2027,"Ottawa, ON, Canada",Other,2026-09-11,2026-09-11,2026-09-11,,1,https://careers-kinaxis.icims.com/jobs/35320/job?mobile=true&needsRedirect=false,Simplify
Wellmark,Data Analytics & Governance Internship,data,AI/ML/Data,Summer 2027,"Des Moines, IA",Other,2026-09-11,2026-09-11,2026-09-11,,1,https://jobs.smartrecruiters.com/WellmarkInc/744000148917718,Simplify
Wellmark,Software Engineer Intern,swe,Software,Summer 2027,"Des Moines, IA",Other,2026-09-11,2026-09-11,2026-09-11,,1,https://jobs.smartrecruiters.com/WellmarkInc/744000148915793,Simplify
Tanium,Software Engineer Intern - Summer 2027,swe,Software,Summer 2027,"Emeryville, CA, Durham, NC",Other,2026-09-11,2026-09-11,2026-09-11,,1,https://job-boards.greenhouse.io/tanium/jobs/8181017,Simplify
Waymo,Summer Intern - Multiple Teams,data,AI/ML/Data,Summer 2027,"Mountain View, CA",Other,2026-09-11,2026-09-11,2026-09-11,,1,https://careers.withwaymo.com/jobs?gh_jid=8193295,Simplify
GrayMatter Robotics,Robotics Engineering Intern - Systems & Applications,data,AI/ML/Data,Fall 2026,"LA, Carson, CA",Other,2026-09-11,2026-09-11,2026-09-11,,1,https://jobs.ashbyhq.com/graymatter-robotics/aa7c2419-7bb9-4080-9403-937c4db01bb6/application?embed=true,Simplify
Vertiv,Innovation Lab Intern,swe,Software,Summer 2027,"Delaware, OH",Other,2026-09-11,2026-09-11,2026-09-11,,1,https://egup.fa.us2.oraclecloud.com/hcmUI/CandidateExperience/en/sites/CX/job/20280126,Simplify
Definity Financial,Business Intelligence Co-op,data,AI/ML/Data,Winter 2027,"Toronto, ON, Canada, Waterloo, ON, Canada",Other,2026-09-11,2026-09-11,2026-09-11,,1,https://hdks.fa.ca2.oraclecloud.com/hcmUI/CandidateExperience/en/sites/CX_1/job/9351,Simplify
Definity Financial,Commercial Insurance Portfolio Analyst Co-op Intern,data,AI/ML/Data,Winter 2027,"Toronto, ON, Canada, Waterloo, ON, Canada",Other,2026-09-11,2026-09-11,2026-09-11,,1,https://hdks.fa.ca2.oraclecloud.com/hcmUI/CandidateExperience/en/sites/CX_1/job/9349,Simplify
Definity Financial,Analyst Co-op Intern - Consumer Insights & Market Research,data,AI/ML/Data,Winter 2027,"Toronto, ON, Canada",Other,2026-09-11,2026-09-11,2026-09-11,,1,https://hdks.fa.ca2.oraclecloud.com/hcmUI/CandidateExperience/en/sites/CX_1/job/9344,Simplify
Visier Solutions,Software Developer Co-op,swe,Software,Summer 2027,"Vancouver, BC, Canada",Other,2026-09-11,2026-09-11,2026-09-11,,1,https://job-boards.greenhouse.io/visiersolutionsinc/jobs/4711071006,Simplify
Emerson Electric,Software Engineer Co-op,swe,Software,Summer 2027,"Eden Prairie, MN",Other,2026-09-11,2026-09-11,2026-09-11,,1,https://hdjq.fa.us2.oraclecloud.com/hcmUI/CandidateExperience/en/sites/CX_1/job/26010738,Simplify
TD Bank,Data Analyst Co-op - Global Technology & Solutions,data,AI/ML/Data,Winter 2027,"Mt Laurel Township, NJ",Other,2026-09-11,2026-09-11,2026-09-11,,1,https://td.wd3.myworkdayjobs.com/TD_Bank_Careers/job/Mount-Laurel-New-Jersey/XMLNAME-2027-Spring-Co-op---Global-Technology---Solutions---Data-Analyst_R_1510236,Simplify
TD Bank,Data Engineer Co-op - Global Technology & Solutions,data,AI/ML/Data,Spring 2027,"Mt Laurel Township, NJ",Other,2026-09-11,2026-09-11,2026-09-11,,1,https://td.wd3.myworkdayjobs.com/TD_Bank_Careers/job/Mount-Laurel-New-Jersey/XMLNAME-2027-Spring-Co-op---Global-Technology---Solutions---Data-Engineer_R_1510111,Simplify
TD Bank,Software Engineer Co-op - Global Technology & Solutions,swe,Software,Spring 2027,"Mt Laurel Township, NJ",Other,2026-09-11,2026-09-11,2026-09-11,,1,https://td.wd3.myworkdayjobs.com/TD_Bank_Careers/job/Mount-Laurel-New-Jersey/XMLNAME-2027-Spring-Co-op---Global-Technology---Solutions---Software-Engineer--SWE-_R_1509773,Simplify
The Toro Company,Robotics Engineer Intern,data,AI/ML/Data,Summer 2027,"Bloomington, MN",Other,2026-09-11,2026-09-11,2026-09-11,,1,https://ttc.wd1.myworkdayjobs.com/Toro_External_Careers/job/Bloomington-MN/Robotics-Engineering-Intern---The-Toro-Company_JR17194,Simplify
The Toro Company,Spatial Data R&D Intern,data,AI/ML/Data,Summer 2027,"Bloomington, MN",Other,2026-09-11,2026-09-11,2026-09-11,,1,https://ttc.wd1.myworkdayjobs.com/Toro_External_Careers/job/Bloomington-MN/Spatial-Data-R-D-Intern---The-Toro-Company_JR17187,Simplify
Evolito,Software Engineering Industrial Placement,swe,Hardware,N/A,"Bicester, UK",Other,2026-09-11,2026-09-11,2026-09-11,,1,https://evolito.wd3.myworkdayjobs.com/Evolito_Career_Site/job/Bicester/Industrial-Placement-Programme---Software-Engineering_JR100197,Simplify
The Toro Company,Enterprise Analytics Intern,data,AI/ML/Data,Summer 2027,"Bloomington, MN",Other,2026-09-11,2026-09-11,2026-09-11,,1,https://ttc.wd1.myworkdayjobs.com/Toro_External_Careers/job/Bloomington-MN/Enterprise-Analytics-Intern---The-Toro-Company_JR17104,Simplify
The Toro Company,Embedded Software Engineer Intern,swe,Hardware,Summer 2027,"Bloomington, MN",Other,2026-09-11,2026-09-11,2026-09-11,,1,https://ttc.wd1.myworkdayjobs.com/Toro_External_Careers/job/Bloomington-MN/Embedded-Software-Engineering-Intern---The-Toro-Company_JR17114,Simplify
RTX,Business & Data Analyst Intern,data,AI/ML/Data,Winter 2027,"Longueuil, QC, Canada",Other,2026-09-11,2026-09-11,2026-09-12,,1,https://globalhr.wd5.myworkdayjobs.com/rec_rtx_ext_gateway/job/CA-QC-LONGUEUIL-J01--1000-Blvd-Marie-Victorin--J01-BLDG/Stage---Hiver-2027----Analyste-d-affaires-et-de-Donnes---Internship---Winter-2027----Business---Data-Analyst_01863946,Simplify
AES,Performance and Reliability Engineering Intern - Summer 2027,data,AI/ML/Data,Summer 2027,"Dayton, OH, Indianapolis, IN",Other,2026-09-11,2026-09-11,2026-09-12,,1,https://aes.wd1.myworkdayjobs.com/AES_US/job/US-Dayton-OH/T-D-Performance-and-Reliability-Engineering-Intern--Summer-2027-_R1064841,Simplify
Momentive,Web Content Support and Administration Intern,data,AI/ML/Data,Summer 2027,"Pearl River, NY",Other,2026-09-11,2026-09-11,2026-09-12,,1,https://momentive.wd1.myworkdayjobs.com/MC/job/US-NY-Pearl-River/Summer-2027-Intern-Web-Content-Support-and-Administration_R9796,Simplify
Corteva,AI Engineer Intern,swe,Software,Summer 2027,"Indianapolis, IN",Other,2026-09-11,2026-09-11,2026-09-12,,1,https://corteva.wd5.myworkdayjobs.com/corteva/job/Indianapolis-Indiana-United-States/Agentic-AI-Engineer-Intern_248210W,Simplify
USAA,Decision Science Analyst Intern,data,AI/ML/Data,Summer 2027,"San Antonio, TX",Other,2026-09-11,2026-09-11,2026-09-12,,1,https://usaa.wd1.myworkdayjobs.com/en-US/USAAJOBSWD/job/San-Antonio-Home-Office-I/Decision-Science-Analyst-Intern_R0120923,Simplify
Genworth Financial,Data Analytics Intern - Summer 2027,data,AI/ML/Data,Summer 2027,"Richmond, VA",Other,2026-09-11,2026-09-11,2026-09-12,,1,https://gnw.wd1.myworkdayjobs.com/GNW/job/Richmond-Virginia/Data-Analytics-Intern---Summer-2027_REQ-260288-1,Simplify
HNTB,GIS Intern,data,AI/ML/Data,Summer 2027,"Nashville, TN",Other,2026-09-11,2026-09-11,2026-09-12,,1,https://hntb.wd5.myworkdayjobs.com/hntb_careers/job/Nashville-TN-City-Center/GIS-Intern---Summer-2027_R-31562,Simplify
HNTB,GIS Intern - Summer 2027,data,AI/ML/Data,Summer 2027,"Nashville, TN",Other,2026-09-11,2026-09-11,2026-09-12,,1,https://hntb.wd5.myworkdayjobs.com/hntb_university_careers/job/Nashville-TN-City-Center/GIS-Intern---Summer-2027_R-31562-2,Simplify
Oshkosh,Autonomy & Active Safety Engineer Intern,data,AI/ML/Data,Summer 2027,"Oshkosh, WI, Pittsburgh, PA",Other,2026-09-11,2026-09-11,2026-09-12,,1,https://oshkoshcorporation.wd5.myworkdayjobs.com/Oshkosh/job/Pittsburgh-Pennsylvania-United-States/Autonomy---Active-Safety-Engineering-Intern_R50266,Simplify
Oshkosh,AI Engineer Intern,data,AI/ML/Data,Summer 2027,"Oshkosh, WI",Other,2026-09-11,2026-09-11,2026-09-12,,1,https://oshkoshcorporation.wd5.myworkdayjobs.com/Oshkosh/job/Oshkosh-Wisconsin-United-States/AI-Intern_R50265,Simplify
Alcoa,Computer Science or Software Engineering or Computer Engineering Intern - Carbon,swe,Software,N/A,"Bécancour, QC, Canada",Other,2026-09-11,2026-09-11,2026-09-12,,1,https://alcoa.wd5.myworkdayjobs.com/Careers/job/Canada-QC-Bcancour/Stagiaire-en-informatique-ou-gnie-logiciel-ou-informatique---Carbone--Hiver-2027-_Req-39195,Simplify
Nationwide,Personal Lines Business Insights Intern,data,AI/ML/Data,Summer 2027,"Columbus, OH",Other,2026-09-11,2026-09-11,2026-09-12,,1,https://nationwide.wd1.myworkdayjobs.com/Nationwide_Career/job/Ohio---Columbus-One-Nationwide-Plaza/Summer-2027-Personal-Lines-Business-Insights-Intern_100197,Simplify
Amgen,Machine Learning Engineer Intern,data,AI/ML/Data,Summer 2027,Remote in USA,Other,2026-09-11,2026-09-11,2026-09-12,,1,https://amgen.wd1.myworkdayjobs.com/careers/job/United-States---Remote/Grad-Intern---Machine-Learning-Engineer---Amgen-s-Technology---Medical-Organizations--Summer-2027-_R-255743,Simplify
Amgen,Machine Learning Engineer Intern - Technology & Medical Organizations,data,AI/ML/Data,Summer 2027,Remote in USA,Other,2026-09-11,2026-09-11,2026-09-12,,1,https://amgen.wd1.myworkdayjobs.com/careers/job/United-States---Remote/Undergrad-Intern---Machine-Learning-Engineer---Amgen-s-Technology---Medical-Organizations--Summer-2027-_R-255709,Simplify
Amgen,Data Scientist Intern,data,AI/ML/Data,Summer 2027,Remote in USA,Other,2026-09-11,2026-09-11,2026-09-12,,1,https://amgen.wd1.myworkdayjobs.com/careers/job/United-States---Remote/Undergrad-Intern---Data-Scientist---Amgen-s-Technology---Medical-Organizations--Summer-2027-_R-255704,Simplify
Amgen,Data Scientist Intern - Amgen’s Technology & Medical Organizations,data,AI/ML/Data,Summer 2027,Remote in USA,Other,2026-09-11,2026-09-11,2026-09-12,,1,https://amgen.wd1.myworkdayjobs.com/careers/job/United-States---Remote/Grad-Intern---Data-Scientist---Amgen-s-Technology---Medical-Organizations--Summer-2027-_R-255722,Simplify
Amgen,Software Engineer Intern - Technology & Medical Organizations,swe,Software,Summer 2027,Remote in USA,Other,2026-09-11,2026-09-11,2026-09-12,,1,https://amgen.wd1.myworkdayjobs.com/careers/job/United-States---Remote/Undergrad-Intern---Software-Engineer---Amgen-s-Technology---Medical-Organizations--Summer-2027-_R-255719,Simplify
Booz Allen,Software Engineer Intern - Summer 2027,swe,Software,Summer 2027,"Fayetteville, NC",Other,2026-09-11,2026-09-11,2026-09-12,,1,https://bah.wd1.myworkdayjobs.com/bah_jobs/job/Fayetteville-NC/University---Summer-2027--Software-Engineer-Intern_R0249225,Simplify
Amgen,Software Engineer Intern - Amgen’s Technology & Medical Organizations,swe,Software,Summer 2027,Remote in USA,Other,2026-09-11,2026-09-11,2026-09-12,,1,https://amgen.wd1.myworkdayjobs.com/careers/job/United-States---Remote/Grad-Intern---Software-Engineer---Amgen-s-Technology---Medical-Organizations--Summer-2027-_R-255745,Simplify
Merck,Data Analytics and Insights Intern,data,AI/ML/Data,Summer 2027,"Rahway, NJ",Other,2026-09-11,2026-09-11,2026-09-12,,1,https://msd.wd5.myworkdayjobs.com/searchjobs/job/USA---New-Jersey---Rahway/XMLNAME-2027-Future-Talent-Program---Data-Analytics-and-Insights---Intern_R413657,Simplify
LabCorp,Financial Analytics & Technology Intern - Financial Analytics Team,data,AI/ML/Data,Summer 2027,Remote in USA,Other,2026-09-11,2026-09-11,2026-09-12,,1,https://labcorp.wd1.myworkdayjobs.com/external/job/Remote_United-States/Intern---Financial-Analytics---Technology_2630761,Simplify
Amcor,Business Intelligence Intern,data,AI/ML/Data,Fall 2026,"Oshkosh, WI",Other,2026-09-11,2026-09-11,2026-09-12,,1,https://amcor.wd5.myworkdayjobs.com/amcor_external_career_site/job/AF-Oshkosh-Division-Head-Office-WI/Business-Intelligence-Internship_REQ_95255,Simplify
Motorola,Software Engineering Intern,swe,Hardware,Summer 2027,"Plantation, FL",Other,2026-09-11,2026-09-11,2026-09-12,,1,https://motorolasolutions.wd5.myworkdayjobs.com/Careers/job/Plantation-FL/XMLNAME-2027-Software-Engineering-Summer-Internship_R68125,Simplify
Baird,IT Data & Analytics Intern,data,AI/ML/Data,Summer 2027,"Madison, WI, Milwaukee, WI",Other,2026-09-11,2026-09-11,2026-09-12,,1,https://baird.wd1.myworkdayjobs.com/careers/job/WI-Milwaukee/Internship---IT-Data---Analytics--Year-Round-_R20261012-1,Simplify
Motorola,Digital Signal Processing Software Engineering Intern - Digital Signal Processing,swe,Hardware,Summer 2027,"Plantation, FL",Other,2026-09-11,2026-09-11,2026-09-12,,1,https://motorolasolutions.wd5.myworkdayjobs.com/Careers/job/Plantation-FL/DSP--Digital-Signal-Processing--Software-Engineering-Intern---Summer-2027_R68734,Simplify
Avis Budget Group,Revenue Management Intern - Accelerate,data,AI/ML/Data,Summer 2027,"Parsippany-Troy Hills, NJ",Other,2026-09-11,2026-09-11,2026-09-12,,1,https://avisbudget.wd1.myworkdayjobs.com/abg_careers/job/379-Interpace-Pkwy-Parsippany-07054/Accelerate---Revenue-Management-Summer-2027-Intern_R0190482,Simplify
Avis Budget Group,Transformation Engineer Intern - Accelerate,swe,Software,Summer 2027,"Parsippany-Troy Hills, NJ",Other,2026-09-11,2026-09-11,2026-09-12,,1,https://avisbudget.wd1.myworkdayjobs.com/abg_careers/job/379-Interpace-Pkwy-Parsippany-07054/Accelerate---Transformation-Engineer-Summer-2027-Intern_R0190388,Simplify
EMC Insurance,Data Science Intern,data,AI/ML/Data,Summer 2027,Iowa,Other,2026-09-11,2026-09-11,2026-09-12,,1,https://emcins.wd5.myworkdayjobs.com/en-US/EMC_Careers/job/Iowa/Intern--Data-Science_R6524,Simplify
Draper,Systems Engineering Co-op - Spring 2027,swe,Hardware,Spring 2027,"Cambridge, MA",Other,2026-09-11,2026-09-12,2026-09-12,,1,https://draper.wd5.myworkdayjobs.com/Draper_Careers/job/Cambridge-MA/Systems-Engineering-Co-Op--Spring-2027-_JR002882,Simplify
Waymo,"2027 Summer Intern, PhD, Machine Learning, Computer Vision",data,,,"Mountain View, California",,2026-09-10,2026-09-10,2026-09-11,,1,https://careers.withwaymo.com/jobs?gh_jid=8193295,greenhouse:waymo
RF-SMART,Software Developer Intern - Product Engineering,swe,Software,Summer 2027,"Jacksonville, FL",Other,2026-09-10,2026-09-10,2026-09-11,,1,https://job-boards.greenhouse.io/rfsmart/jobs/5407206008,Simplify
Hudl,Software Engineer Intern,swe,Software,Summer 2027,"Lincoln, NE",Other,2026-09-10,2026-09-10,2026-09-11,,1,https://job-boards.greenhouse.io/hudl/jobs/8114314,Simplify
Waymo,Vehicle Intent and Prediction Intern,data,AI/ML/Data,Summer 2027,"Mountain View, CA",Other,2026-09-10,2026-09-10,2026-09-11,,1,https://careers.withwaymo.com/jobs?gh_jid=8189848,Simplify
Zipline,Change Management Intern - Summer 2027,swe,Software,Summer 2027,South SF,Other,2026-09-10,2026-09-10,2026-09-11,,1,https://www.zipline.com/open-roles/7991435003?gh_jid=7991435003,Simplify
Zipline,Change Management Intern - Spring 2027,swe,Software,Spring 2027,South SF,Other,2026-09-10,2026-09-10,2026-09-11,,1,https://www.zipline.com/open-roles/7990677003?gh_jid=7990677003,Simplify
Zipline,Data Analytics Intern,data,AI/ML/Data,Summer 2027,South SF,Other,2026-09-10,2026-09-10,2026-09-11,,1,https://www.zipline.com/open-roles/7990632003?gh_jid=7990632003,Simplify
Zipline,Data Analytics Intern - Spring 2027,data,AI/ML/Data,Spring 2027,South SF,Other,2026-09-10,2026-09-10,2026-09-11,,1,https://www.zipline.com/open-roles/7990420003?gh_jid=7990420003,Simplify
Bedrock Robotics,Onboard Infrastructure Engineer Intern - ML Inference,swe,AI/ML/Data,Summer 2027,SF,Other,2026-09-10,2026-09-10,2026-09-11,,1,https://jobs.ashbyhq.com/bedrock-robotics/0331551e-c18e-428a-8e91-e6cb25c9c2e8/application?embed=true,Simplify
Bedrock Robotics,Behavior Machine Learning Engineer Intern - World Models,data,AI/ML/Data,Summer 2027,SF,Other,2026-09-10,2026-09-10,2026-09-11,,1,https://jobs.ashbyhq.com/bedrock-robotics/c51d682e-58ee-44de-886f-4cfacb56d2e1/application?embed=true,Simplify
Impulse Space,Flight Software Engineer Intern - Summer 2027,swe,Hardware,Summer 2027,"Redondo Beach, CA",Other,2026-09-10,2026-09-10,2026-09-11,,1,https://impulsespace.pinpointhq.com/en/postings/d4fdab1d-254b-44a4-96bf-875ebd5b8cd7?ats=pinpointhq,Simplify
Impulse Space,Ground Software Engineering Intern - Summer 2027,swe,Software,Summer 2027,"Redondo Beach, CA",Other,2026-09-10,2026-09-10,2026-09-11,,1,https://impulsespace.pinpointhq.com/en/postings/56c98c48-25a5-4af7-ab9d-388c28bdbd50?ats=pinpointhq,Simplify
The MJ Companies,Enterprise Data Intern,data,AI/ML/Data,Summer 2027,"Carmel, IN",Other,2026-09-10,2026-09-10,2026-09-11,,1,https://job-boards.greenhouse.io/themjcos/jobs/5418283008,Simplify
Perpay,Software Engineer Intern,swe,Software,Summer 2027,"Philadelphia, PA",Other,2026-09-10,2026-09-10,2026-09-21,,1,https://job-boards.greenhouse.io/perpay/jobs/4076988007,Simplify
Geneva Trading,Quantitative Trading Intern,quant,Quant,Summer 2027,"Chicago, IL",Other,2026-09-10,2026-09-10,2026-09-11,,1,https://job-boards.greenhouse.io/genevatrading/jobs/5232641007,Simplify
Tesla,Data Engineer Intern - Fleet Data - Self-Driving,data,AI/ML/Data,Spring 2027,"Palo Alto, CA",Other,2026-09-10,2026-09-10,2026-09-11,,1,https://www.tesla.com/careers/search/job/281612,Simplify
Johns Hopkins Applied Physics Laboratory,AI & Data Science Intern - Analytic Capabilities,data,AI/ML/Data,Summer 2027,"Laurel, MD",Other,2026-09-10,2026-09-10,2026-09-11,,1,https://careers.jhuapl.edu/jobs/60008?icims=1,Simplify
Johns Hopkins Applied Physics Laboratory,Software Engineer/Data Scientist/Ontologist Intern - Threat Analytic Systems,swe,Software,Summer 2027,"Laurel, MD",Other,2026-09-10,2026-09-10,2026-09-11,,1,https://careers.jhuapl.edu/jobs/59997?icims=1,Simplify
Johns Hopkins Applied Physics Laboratory,Engineering/Science Intern - Tailored Autonomous Systems,data,AI/ML/Data,Summer 2027,"Laurel, MD",Other,2026-09-10,2026-09-10,2026-09-11,,1,https://careers.jhuapl.edu/jobs/59968?icims=1,Simplify
State Farm,Data Science Intern - Magnet Program - Online MS Analytics,data,AI/ML/Data,Summer 2027,"Athens, GA",Other,2026-09-10,2026-09-10,2026-09-11,,1,https://jobs.statefarm.com/jobs/46057?icims=1,Simplify
Epiroc,Data Analyst Intern - Digital Solutions Division,data,AI/ML/Data,Spring 2027,"Broomfield, CO",Other,2026-09-10,2026-09-10,2026-09-11,,1,https://www.careerprofile.epiroc.com/job/Broomfield-Intern-Data-Analyst-CO-80020/1435969833/?ats=successfactors,Simplify
National Information Solutions Cooperative,Database Conversion Programming Intern,data,AI/ML/Data,Summer 2027,"Lake St Louis, MO, Mandan, ND",Other,2026-09-10,2026-09-10,2026-09-11,,1,https://job-boards.greenhouse.io/nisc/jobs/8094408,Simplify
Geotab,Embedded Developer Intern - Engine Data Reliability,swe,Hardware,Winter 2027,"Oakville, ON, Canada",Other,2026-09-10,2026-09-10,2026-09-11,,1,https://job-boards.greenhouse.io/internshiplist2000/jobs/5396891008,Simplify
Zoox,Digital Engineer Student Worker,data,AI/ML/Data,N/A,"Foster City, CA",Other,2026-09-10,2026-09-10,2026-09-11,,1,https://jobs.lever.co/zoox/cfb9dff3-844f-443e-9be8-46133eb9e656/apply,Simplify
Geneva Trading,Quantitative Trading Internship – Summer 2027,quant,,,Chicago Office,,2026-09-10,2026-09-10,2026-09-10,,1,https://job-boards.greenhouse.io/genevatrading/jobs/5232641007,greenhouse:genevatrading
Schonfeld ,2027 Platform Engineering Intern,swe,,,"New York, New York, United States",,2026-09-10,2026-09-10,2026-09-10,,1,https://job-boards.greenhouse.io/schonfeld/jobs/8171699,greenhouse:schonfeld
Demco Products,IT Intern,swe,Software,Summer 2027,"Boyden, IA",Other,2026-09-10,2026-09-14,2026-09-14,,1,https://recruiting.paylocity.com/Recruiting/Jobs/Details/4492652,Simplify
Mackenzie Investments,Winter Intern - Investment Management - Multi-Asset,swe,Software,Winter 2027,"Winnipeg, MB, Canada, Toronto, ON, Canada",Other,2026-09-10,2026-09-10,2026-09-10,,1,https://careersen-mackenzieinvestments.icims.com/jobs/6008/job?mobile=true&needsRedirect=false,Simplify
Planview,Software Engineer Intern,swe,Software,Summer 2027,"Austin, TX",Other,2026-09-10,2026-09-10,2026-09-10,,1,https://careers.planview.com/jobs/5128?icims=1,Simplify
DV Trading,Client Platforms Engineer Intern - Summer 2027,swe,,,Chicago,,2026-09-10,2026-09-10,2026-09-10,,1,https://job-boards.greenhouse.io/dvtrading/jobs/4732683005,greenhouse:dvtrading
Celonis,Intern Technology Consultant - Data & AI,data,,,"Munich, Germany",,2026-09-10,2026-09-10,2026-09-10,,1,https://job-boards.greenhouse.io/celonis/jobs/7977924003?gh_jid=7977924003,greenhouse:celonis
Celonis,Intern Deployment Engineer - Data & AI,data,,,"Munich, Germany",,2026-09-10,2026-09-10,2026-09-10,,1,https://job-boards.greenhouse.io/celonis/jobs/7990983003?gh_jid=7990983003,greenhouse:celonis
Constellation Energy,Business Performance & Analytics Intern,data,AI/ML/Data,Summer 2027,"Houston, TX",Other,2026-09-10,2026-09-10,2026-09-10,,1,https://jobs.constellationenergy.com/jobs/138770?icims=1,Simplify
Rocket Lab USA,Flight Software Intern,swe,Hardware,Summer 2027,"Littleton, CO",Other,2026-09-10,2026-09-10,2026-09-10,,1,https://job-boards.greenhouse.io/rocketlab/jobs/7989722003,Simplify
Epic Games,Backend Services Programmer Intern - Epic Games Services,swe,Software,Summer 2027,"Cary, NC",Other,2026-09-10,2026-09-10,2026-09-10,,1,https://epicgames.com/careers/jobs/6183293004?gh_jid=6183293004,Simplify
Shield AI,Software Engineer Intern,swe,Software,Summer 2027,"San Diego, CA",Other,2026-09-10,2026-09-10,2026-09-10,,1,https://jobs.lever.co/shieldai/8c850c75-081d-4d09-bebf-096379a93010/apply,Simplify
Epic Games,Backend Services Programmer Intern,swe,,,"Cary,North Carolina,United States",,2026-09-10,2026-09-10,2026-09-10,,1,https://epicgames.com/careers/jobs/6183293004?gh_jid=6183293004,greenhouse:epicgames
Barr,GIS Specialist Intern,data,AI/ML/Data,Summer 2027,"Salt Lake City, UT",Other,2026-09-10,2026-09-10,2026-09-10,,1,https://barr.wd1.myworkdayjobs.com/barrcareers/job/Salt-Lake-City-UT/Internship---GIS-Specialist--Hybrid-_R-102305-1,Simplify
Entegris,Lab Automation & AI Engineering Co-op,swe,Software,Spring 2027,"Billerica, MA",Other,2026-09-10,2026-09-10,2026-09-10,,1,https://entegris.wd1.myworkdayjobs.com/entegriscareers/job/Billerica-MA/Lab-Automation---AI-Engineering-Co-Op_REQ-14498-1,Simplify
CACI,Configuration Control/Data Management Co-op - Engineering Department,swe,Software,Summer 2027,"Danbury, CT",Other,2026-09-10,2026-09-10,2026-09-10,,1,https://caci.wd1.myworkdayjobs.com/external/job/Danbury-CT-US/Configuration-Control-Data-Management-Co-op---Spring---Summer-2027_331440,Simplify
USAA,Data Intern - Future Leaders Program,data,AI/ML/Data,Summer 2027,"Charlotte, NC, San Antonio, TX",Other,2026-09-10,2026-09-10,2026-09-11,,1,https://usaa.wd1.myworkdayjobs.com/en-US/USAAJOBSWD/job/San-Antonio-Home-Office-I/Future-Leaders-Program---Data-Intern_R0120824,Simplify
Cox,Data Governance and Management Intern,data,AI/ML/Data,Summer 2027,"Atlanta, GA",Other,2026-09-10,2026-09-10,2026-09-11,,1,https://cox.wd1.myworkdayjobs.com/Cox_External_Career_Site_1/job/Atlanta-GA/Data-Governance-and-Management-Intern---Summer-2027_R202682353,Simplify
Meijer,Risk Intelligence Intern - Asset Protection,data,AI/ML/Data,Summer 2027,"Grand Rapids, MI",Other,2026-09-10,2026-09-10,2026-09-11,,1,https://meijer.wd5.myworkdayjobs.com/en-US/Meijer/job/Grand-Rapids-MI/Risk-Intelligence-Intern--Summer-2027_R000700477,Simplify
Walmart,Data Science Intern 3,data,AI/ML/Data,Summer 2027,"Bentonville, AR",Other,2026-09-10,2026-09-10,2026-09-11,,1,https://walmart.wd504.myworkdayjobs.com/WalmartExternal/job/USA-ISD-Office---DGTC-AR-BENTONVILLE-Home-Office/Summer-2027-Intern---Data-Science-III_R-2630030,Simplify
Insulet,Embedded Software Engineering Co-op,swe,Hardware,Winter 2027,"Acton, MA",Other,2026-09-10,2026-09-10,2026-09-11,,1,https://insulet.wd5.myworkdayjobs.com/insuletcareers/job/Acton-Massachusetts/Co-op--Embedded-Software-Engineering--January-June-2027--Onsite-_REQ-2026-17966,Simplify
Danaher,Data Analytics Intern,data,AI/ML/Data,Summer 2027,"Logan, UT",Other,2026-09-10,2026-09-10,2026-09-11,,1,https://danaher.wd1.myworkdayjobs.com/danaherjobs/job/Logan-Utah-United-States/Data-Analytics-Intern-Summer-2027_R1317525,Simplify
Wellington Management,Technology Undergraduate Intern,swe,Software,Summer 2027,"Boston, MA",Other,2026-09-10,2026-09-10,2026-09-11,,1,https://wellington.wd5.myworkdayjobs.com/Campus/job/Boston-MA-United-States/Technology-Undergraduate-Summer-Internship_R94778,Simplify
Walmart,Senior Data Scientist Intern,data,AI/ML/Data,Summer 2027,"Bentonville, AR",Other,2026-09-10,2026-09-10,2026-09-11,,1,https://walmart.wd504.myworkdayjobs.com/WalmartExternal/job/USA-ISD-Office---DGTC-AR-BENTONVILLE-Home-Office/Summer-2027-Intern--Intern--Sr-Data-Science_R-2630032,Simplify
Humana,Analytics Intern,data,AI/ML/Data,Summer 2027,"Louisville, KY, Nashville, TN, Chicago, IL, Fort Lauderdale, FL, Arlington County, Arlington, VA, NYC",Other,2026-09-10,2026-09-10,2026-09-11,,1,https://humana.wd5.myworkdayjobs.com/humana_external_career_site/job/Louisville-KY/Graduate-Analytics-Internship---Summer-2027_R-429772,Simplify
The Toro Company,Robotics System Test Intern,data,AI/ML/Data,Summer 2027,"Frederick, CO",Other,2026-09-10,2026-09-10,2026-09-11,,1,https://ttc.wd1.myworkdayjobs.com/Toro_External_Careers/job/Frederick-CO/Robotics-System-Test-Intern---The-Toro-Company_JR17004,Simplify
Securian Financial Group,Data Science and Advanced Analytics Intern - Multiple Teams,data,AI/ML/Data,Summer 2027,"St Paul, MN",Other,2026-09-10,2026-09-10,2026-09-11,,1,https://hq.wd12.myworkdayjobs.com/Securian_External/job/Saint-Paul-MN-Campus/Data-Science-and-Advanced-Analytics-Internship---Summer-2027_R-010894,Simplify
Brevan Howard,Summer Internship Program - Systematic Trading Technology Software Engineer,quant,Software,Summer 2027,NYC,Other,2026-09-10,2026-09-10,2026-09-11,,1,https://wd3.myworkdaysite.com/recruiting/brevanhoward/BH_ExternalCareers/job/New-York/XMLNAME-2027-Summer-Internship-Program---Systematic-Trading-Technology-Software-Engineer--New-York_JR101597,Simplify
Brevan Howard,Systematic Data Strategy Intern,quant,AI/ML/Data,Summer 2027,NYC,Other,2026-09-10,2026-09-10,2026-09-11,,1,https://wd3.myworkdaysite.com/recruiting/brevanhoward/BH_ExternalCareers/job/New-York/XMLNAME-2027-Summer-Internship-Program---Systematic-Data-Strategy--New-York_JR101596,Simplify
Brevan Howard,Execution Research Intern - Systematic Execution Research,quant,Quant,Summer 2027,NYC,Other,2026-09-10,2026-09-10,2026-09-11,,1,https://wd3.myworkdaysite.com/recruiting/brevanhoward/BH_ExternalCareers/job/New-York/XMLNAME-2027-Summer-Internship-Program---Systematic-Execution-Research--New-York_JR101595,Simplify
General Motors,Economics Intern,data,AI/ML/Data,Summer 2027,"Washington, DC, Warren, MI",Other,2026-09-10,2026-09-10,2026-09-11,,1,https://generalmotors.wd5.myworkdayjobs.com/Careers_GM/job/Warren-Michigan-United-States-of-America/XMLNAME-2027-Summer-Intern---General-Motors-Economics-Intern_JR-202619691,Simplify
Ketjen,Data Science Intern,data,AI/ML/Data,Summer 2027,"Houston, TX",Other,2026-09-10,2026-09-10,2026-09-11,,1,https://albemarle.wd5.myworkdayjobs.com/en-US/ketjenexternal/job/Houston-Texas-United-States-of-America/Ketjen-Summer-2027-Data-Science-Internship_REQ-31411,Simplify
Procter & Gamble,Data Science and Machine Learning PhD Intern,data,AI/ML/Data,Summer 2027,"Mason, OH",Other,2026-09-10,2026-09-10,2026-09-11,,1,https://pg.wd5.myworkdayjobs.com/1000/job/MASON-BUS-AND-INNOVATION-CTR/R-D-PhD-Summer-Intern--Data-Science-and-Machine-Learning_R000158138,Simplify
Procter & Gamble,Intern,data,AI/ML/Data,Summer 2027,Ohio,Other,2026-09-10,2026-09-10,2026-09-11,,1,https://pg.wd5.myworkdayjobs.com/1000/job/WHBC---WINTON-HILL-BUS-CENTER/PhD-Intern---Data-Scientist---Generative-AI-in-Femcare_R000158406,Simplify
Repsol,Middle Office Risk and Valuation Intern,quant,Quant,Summer 2027,"Houston, TX",Other,2026-09-10,2026-09-10,2026-09-11,,1,https://repsol.wd3.myworkdayjobs.com/Repsol/job/Houston/Middle-Office--Risk-and-Valuation-Intern_83841,Simplify
Entegris,Portfolio Analytics Co-op,data,AI/ML/Data,Spring 2027,"Danbury, CT",Other,2026-09-10,2026-09-11,2026-09-11,,1,https://entegris.wd1.myworkdayjobs.com/entegriscareers/job/Danbury-CT/Portfolio-Analytics-Analyst-Co-Op_REQ-14499,Simplify
Tesla,Software Engineer Intern - IT Apps,swe,Software,Spring 2027,"Fremont, CA",Other,2026-09-09,2026-09-09,2026-09-10,,1,https://www.tesla.com/careers/search/job/282774,Simplify
Tesla,Software Engineer Intern - Autonomy Systems Foundations,swe,Software,Winter 2027,"Palo Alto, CA",Other,2026-09-09,2026-09-09,2026-09-10,,1,https://www.tesla.com/careers/search/job/282825,Simplify
General Dynamics Mission Systems,Payload Control System Software/Systems Engineering Intern - Summer 2027,swe,Software,Summer 2027,"Middletown, RI, Manassas, VA",Other,2026-09-09,2026-09-09,2026-09-10,,1,https://careers-gdms.icims.com/jobs/74848/job?mobile=true&needsRedirect=false,Simplify
Barnes & Thornburg,Information Technology AI Intern,data,AI/ML/Data,Summer 2027,"Indianapolis, IN",Other,2026-09-09,2026-09-09,2026-09-10,,1,https://jobs.ashbyhq.com/barnes/af9258a6-b6e6-4714-92dc-a9952c0590a7/application?embed=true,Simplify
Barnes & Thornburg,Information Technology Data Intern,data,AI/ML/Data,Summer 2027,"Indianapolis, IN",Other,2026-09-09,2026-09-09,2026-09-10,,1,https://jobs.ashbyhq.com/barnes/1881dbc0-846e-4805-968f-4e27d663f7b0/application?embed=true,Simplify
Saronic,Forward Deployed Engineer Intern - Summer 2027,swe,Software,Summer 2027,"Austin, TX",Other,2026-09-09,2026-09-09,2026-09-10,,1,https://jobs.ashbyhq.com/saronic/cffe4bc2-5f34-45bf-904d-e9a6c8a8e5ce/application?embed=true,Simplify
Saronic,Software Engineer Intern,swe,Hardware,Summer 2027,"Austin, TX",Other,2026-09-09,2026-09-09,2026-09-10,,1,https://jobs.ashbyhq.com/saronic/60afb634-5515-4347-824a-3816735541c2/application?embed=true,Simplify
Collier Aerospace,Software Engineer Intern - Web Applications - Summer 2027,swe,Software,Summer 2027,"Newport News, VA",Other,2026-09-09,2026-09-09,2026-09-10,,1,https://ats.rippling.com/collieraerospace/jobs/4981b0ba-5b6f-4ebe-95c0-9d1cda036b77,Simplify
Collier Aerospace,Software Engineer Intern,swe,Software,Summer 2027,"Newport News, VA",Other,2026-09-09,2026-09-09,2026-09-10,,1,https://ats.rippling.com/collieraerospace/jobs/b666dbfe-34e5-422f-8879-4d53c0ae1f51,Simplify
Grass Valley,Software Development Intern - Core Platform,swe,Software,Winter 2027,"Montreal, QC, Canada",Other,2026-09-09,2026-09-09,2026-09-10,,1,https://grassvalley.applytojob.com/apply/r0V942NWEh/Stagiaire-Dveloppement-De-Logiciel-C-Intern-Software-Development-C,Simplify
Tesla,Machine Learning Engineer Intern - Factory Software,swe,AI/ML/Data,Spring 2027,"Fremont, CA",Other,2026-09-09,2026-09-09,2026-09-10,,1,https://www.tesla.com/careers/search/job/282916,Simplify
Delta Dental of Iowa,Data Analyst Intern,data,AI/ML/Data,Summer 2027,"Johnston, IA",Other,2026-09-09,2026-09-09,2026-09-10,,1,https://recruiting.paylocity.com/Recruiting/Jobs/Details/4491829,Simplify
Nova-Tech,Software Development Co-op,swe,Software,Summer 2027,"Willmar, MN",Other,2026-09-09,2026-09-09,2026-09-10,,1,https://novatechengineering.applytojob.com/apply/prjzDfwzEE/Software-Development-CoOp-Located-Onsite-In-Willmar-MN,Simplify
Stand Together,Strategic Research Intern - Pacific Legal Foundation,data,AI/ML/Data,Summer 2027,"Arlington County, Arlington, VA",Other,2026-09-09,2026-09-12,2026-09-12,,1,https://jobs.lever.co/standtogether/e4dd1d3c-79a0-435d-87b3-eac542b4c2b5/apply,Simplify
DV Trading,AI Engineer Intern,swe,Software,Summer 2027,"Chicago, IL",Other,2026-09-09,2026-09-09,2026-09-10,,1,https://job-boards.greenhouse.io/dvtrading/jobs/4732429005,Simplify
Immuta,Product Research Intern,data,AI/ML/Data,Summer 2027,"College Park, MD",Other,2026-09-09,2026-09-09,2026-09-10,,1,https://jobs.lever.co/immuta/18aabf0a-8b27-4b7d-8a96-6995a7f8847b/apply,Simplify
Immuta,Product Engineering Intern,swe,Software,Summer 2027,"College Park, MD",Other,2026-09-09,2026-09-09,2026-09-10,,1,https://jobs.lever.co/immuta/bf3c9d23-8da9-4a11-adf6-ecb7bce82ad4/apply,Simplify
Immuta,Full-Stack Engineering Intern - Summer 2027,swe,Software,Summer 2027,"Columbus, OH",Other,2026-09-09,2026-09-09,2026-09-10,,1,https://jobs.lever.co/immuta/b9b21075-74a4-4b64-8f1b-f0be1fb0b24d/apply,Simplify
Pacific Fusion,Software Engineer Intern,swe,Software,Summer 2027,"Fremont, CA, Los Lunas, NM, San Leandro, CA",Other,2026-09-09,2026-09-09,2026-09-10,,1,https://job-boards.greenhouse.io/pacificfusion/jobs/4398373009,Simplify
Smartly.io,Business Analytics Intern,data,AI/ML/Data,Fall 2026,"Chicago, IL",Other,2026-09-09,2026-09-09,2026-09-10,,1,https://job-boards.greenhouse.io/smartlyio/jobs/6186905004,Simplify
Shure,Application Software Engineer Intern,swe,Software,Summer 2027,"Niles, IL",Other,2026-09-09,2026-09-09,2026-09-03,,1,https://careersus-shure.icims.com/jobs/4956/job?mobile=true&needsRedirect=false,Simplify
Tradeweb,Java Developer Intern,swe,Software,Summer 2027,"London, UK",Other,2026-09-09,2026-09-09,2026-09-10,,1,https://ecnf.fa.us2.oraclecloud.com/hcmUI/CandidateExperience/en/sites/CX/job/301901,Simplify
Tradeweb,AI Engineering Intern,data,AI/ML/Data,Summer 2027,"London, UK",Other,2026-09-09,2026-09-09,2026-09-10,,1,https://ecnf.fa.us2.oraclecloud.com/hcmUI/CandidateExperience/en/sites/CX/job/301900,Simplify
Publicis Groupe,Software Engineer Intern,swe,Software,Summer 2027,"Chicago, IL",Other,2026-09-09,2026-09-09,2026-09-10,,1,https://careers.publicisgroupe.com/jobs/172577?icims=1,Simplify
Tradeweb,C++ Developer Intern,swe,Software,Summer 2027,"London, UK",Other,2026-09-09,2026-09-09,2026-09-10,,1,https://ecnf.fa.us2.oraclecloud.com/hcmUI/CandidateExperience/en/sites/CX/job/301899,Simplify
GoMaterials,Data Quality Intern - Winter 2027,data,AI/ML/Data,Winter 2027,"Montreal, QC, Canada",Other,2026-09-09,2026-09-09,2026-09-10,,1,https://jobs.lever.co/gomaterials/be3fb0e8-54a1-43de-b998-99dd071eed19/apply,Simplify
Domino Data Lab,Forward Deployed Engineer Intern - Campus Recruiting 2027,swe,Software,Spring 2027,NYC,Other,2026-09-09,2026-09-10,2026-09-10,,1,https://app.careerpuck.com/job-board/domino-data-lab/job/7992534?gh_jid=7992534,Simplify
Federated Insurance,IT Intern,swe,Software,Summer 2027,"Owatonna, MN",Other,2026-09-09,2026-09-09,2026-09-10,,1,https://careers-federatedinsurance.icims.com/jobs/5718/job?mobile=true&needsRedirect=false,Simplify
Domino Data Lab,Software Engineer Intern,swe,Software,Summer 2027,NYC,Other,2026-09-09,2026-09-09,2026-09-10,,1,https://app.careerpuck.com/job-board/domino-data-lab/job/7992560?gh_jid=7992560,Simplify
Pilot Company,Data Governance Intern,data,AI/ML/Data,Summer 2027,"Knoxville, TN",Other,2026-09-09,2026-09-09,2026-09-10,,1,https://jobs.smartrecruiters.com/PilotCompany/744000148572871,Simplify
Pilot Company,Application Development Intern,swe,Software,Summer 2027,"Knoxville, TN",Other,2026-09-09,2026-09-09,2026-09-10,,1,https://jobs.smartrecruiters.com/PilotCompany/744000148575429,Simplify
Pilot Company,Process Automation Intern - Process Automation,swe,Software,Summer 2027,"Knoxville, TN",Other,2026-09-09,2026-09-09,2026-09-10,,1,https://jobs.smartrecruiters.com/PilotCompany/744000148576544,Simplify
Pilot Company,GIS Intern - GIS,data,AI/ML/Data,Summer 2027,"Knoxville, TN",Other,2026-09-09,2026-09-09,2026-09-10,,1,https://jobs.smartrecruiters.com/PilotCompany/744000148576444,Simplify
Pilot Company,Revenue Growth Management Intern - Revenue Growth Management,data,AI/ML/Data,Summer 2027,"Knoxville, TN",Other,2026-09-09,2026-09-09,2026-09-10,,1,https://jobs.smartrecruiters.com/PilotCompany/744000148576829,Simplify
Solidigm,Talent Acquisition Data Engineering & Analytics Intern,data,AI/ML/Data,Fall 2026,"Rancho Cordova, CA",Other,2026-09-09,2026-09-09,2026-09-10,,1,https://jobs.smartrecruiters.com/Solidigm/744000148610610,Simplify
DV Trading,AI Engineer Intern - Summer 2027,data,,,Chicago,,2026-09-09,2026-09-09,2026-09-09,,1,https://job-boards.greenhouse.io/dvtrading/jobs/4732429005,greenhouse:dvtrading
Zions Bank,Quantitative Modeling Analyst Intern - Corporate Quantitative Analytics,quant,Quant,Summer 2027,United States,Other,2026-09-09,2026-09-09,2026-09-09,,1,https://zionsbancorp.taleo.net/careersection/joinexternalmobile/jobdetail.ftl?job=071620,Simplify
Peraton,Engineer Co-op,swe,Software,Spring 2027,"Blacksburg, VA, Herndon, VA",Other,2026-09-09,2026-09-09,2026-09-09,,1,https://careers-peraton.icims.com/jobs/170319/job?mobile=true&needsRedirect=false,Simplify
Peraton,Data Science Intern,data,AI/ML/Data,Summer 2027,"Blacksburg, VA, Herndon, VA",Other,2026-09-09,2026-09-09,2026-09-09,,1,https://careers-peraton.icims.com/jobs/170320/job?mobile=true&needsRedirect=false,Simplify
Navy Federal,Business Intelligence Analyst Intern,data,AI/ML/Data,Summer 2027,"Vienna, VA",Other,2026-09-09,2026-09-09,2026-09-09,,1,https://fa-etbx-saasfaprod1.fa.ocs.oraclecloud.com/hcmUI/CandidateExperience/en/sites/nfcu/job/32290,Simplify
Navy Federal,Payments AI Engineer Intern,swe,Software,Summer 2027,"Pensacola, FL, Vienna, VA",Other,2026-09-09,2026-09-09,2026-09-09,,1,https://fa-etbx-saasfaprod1.fa.ocs.oraclecloud.com/hcmUI/CandidateExperience/en/sites/nfcu/job/32400,Simplify
Navy Federal,Associate Intern,data,AI/ML/Data,Summer 2027,"Pensacola, FL, Vienna, VA",Other,2026-09-09,2026-09-09,2026-09-09,,1,https://fa-etbx-saasfaprod1.fa.ocs.oraclecloud.com/hcmUI/CandidateExperience/en/sites/nfcu/job/32324,Simplify
Navy Federal,Security Workflow Engineer Intern,swe,Software,Summer 2027,"Vienna, VA",Other,2026-09-09,2026-09-09,2026-09-09,,1,https://fa-etbx-saasfaprod1.fa.ocs.oraclecloud.com/hcmUI/CandidateExperience/en/sites/nfcu/job/32382,Simplify
Navy Federal,Mobile Developer Intern - Summer Associate,swe,Software,Summer 2027,"Winchester, VA, Pensacola, FL, Vienna, VA, San Diego, CA",Other,2026-09-09,2026-09-09,2026-09-09,,1,https://fa-etbx-saasfaprod1.fa.ocs.oraclecloud.com/hcmUI/CandidateExperience/en/sites/nfcu/job/32368,Simplify
Navy Federal,Fraud Analyst Intern,data,AI/ML/Data,Summer 2027,"Vienna, VA",Other,2026-09-09,2026-09-09,2026-09-09,,1,https://fa-etbx-saasfaprod1.fa.ocs.oraclecloud.com/hcmUI/CandidateExperience/en/sites/nfcu/job/32293,Simplify
Navy Federal,Associate Data Engineer Intern,data,AI/ML/Data,Summer 2027,"Vienna, VA",Other,2026-09-09,2026-09-09,2026-09-09,,1,https://fa-etbx-saasfaprod1.fa.ocs.oraclecloud.com/hcmUI/CandidateExperience/en/sites/nfcu/job/32292,Simplify
Navy Federal,Business Intelligence Analyst Intern - Consumer Lending,data,AI/ML/Data,Summer 2027,"Pensacola, FL, Vienna, VA",Other,2026-09-09,2026-09-09,2026-09-09,,1,https://fa-etbx-saasfaprod1.fa.ocs.oraclecloud.com/hcmUI/CandidateExperience/en/sites/nfcu/job/32321,Simplify
Navy Federal,Data Engineer Intern,data,AI/ML/Data,Summer 2027,"Vienna, VA",Other,2026-09-09,2026-09-09,2026-09-09,,1,https://fa-etbx-saasfaprod1.fa.ocs.oraclecloud.com/hcmUI/CandidateExperience/en/sites/nfcu/job/32265,Simplify
Navy Federal,Business Systems Analyst Intern,data,AI/ML/Data,Summer 2027,"Vienna, VA",Other,2026-09-09,2026-09-09,2026-09-09,,1,https://fa-etbx-saasfaprod1.fa.ocs.oraclecloud.com/hcmUI/CandidateExperience/en/sites/nfcu/job/32314,Simplify
Navy Federal,Business Intelligence Analyst Summer Associate Intern,data,AI/ML/Data,Summer 2027,"Vienna, VA",Other,2026-09-09,2026-09-09,2026-09-09,,1,https://fa-etbx-saasfaprod1.fa.ocs.oraclecloud.com/hcmUI/CandidateExperience/en/sites/nfcu/job/32330,Simplify
Navy Federal,Data Scientist Intern,data,AI/ML/Data,Summer 2027,"Winchester, VA, Pensacola, FL, Vienna, VA",Other,2026-09-09,2026-09-09,2026-09-01,,1,https://fa-etbx-saasfaprod1.fa.ocs.oraclecloud.com/hcmUI/CandidateExperience/en/sites/nfcu/job/32081,Simplify
Navy Federal,AI Engineer Intern,swe,Software,Summer 2027,"Vienna, VA",Other,2026-09-09,2026-09-09,2026-09-09,,1,https://fa-etbx-saasfaprod1.fa.ocs.oraclecloud.com/hcmUI/CandidateExperience/en/sites/nfcu/job/32261,Simplify
Navy Federal,Summer Associate Intern - Business Intelligence & Data Analytics,data,AI/ML/Data,Summer 2027,"Winchester, VA, Pensacola, FL, Vienna, VA",Other,2026-09-09,2026-09-09,2026-09-09,,1,https://fa-etbx-saasfaprod1.fa.ocs.oraclecloud.com/hcmUI/CandidateExperience/en/sites/nfcu/job/32107,Simplify
Navy Federal,Summer Associate Internship - Fraud Data Governance,data,AI/ML/Data,Summer 2027,"Vienna, VA",Other,2026-09-09,2026-09-09,2026-09-09,,1,https://fa-etbx-saasfaprod1.fa.ocs.oraclecloud.com/hcmUI/CandidateExperience/en/sites/nfcu/job/32310,Simplify
Kinaxis,Developer Intern - AI Solutions,swe,Software,Winter 2027,"Ottawa, ON, Canada",Other,2026-09-09,2026-09-09,2026-09-09,,1,https://careers-kinaxis.icims.com/jobs/35343/job?mobile=true&needsRedirect=false,Simplify
Celonis,AI & Management Consulting Intern (Value Engineering - UKI Market),data,,,"London, United Kingdom",,2026-09-09,2026-09-09,2026-09-09,,1,https://job-boards.greenhouse.io/celonis/jobs/7986192003?gh_jid=7986192003,greenhouse:celonis
K2 Space,Simulation Software Engineering Intern,swe,Software,Summer 2027,LA,Other,2026-09-09,2026-09-09,2026-09-09,,1,https://job-boards.greenhouse.io/k2spacecorporation/jobs/5418727008,Simplify
Tesla,Software Engineer Intern - Service Engineering,swe,Software,Winter 2027,"Palo Alto, CA",Other,2026-09-09,2026-09-09,2026-09-09,,1,https://www.tesla.com/careers/search/job/282233,Simplify
Gallup,Software Engineer Intern - Summer 2027,swe,Software,Summer 2027,SF,Other,2026-09-09,2026-09-09,2026-09-09,,1,https://job-boards.greenhouse.io/gallup/jobs/4395897009,Simplify
Gallup,Data Science Intern - Summer 2027,data,AI/ML/Data,Summer 2027,SF,Other,2026-09-09,2026-09-09,2026-09-09,,1,https://job-boards.greenhouse.io/gallup/jobs/4395491009,Simplify
Gallup,Fintech Intern - Summer 2027,data,AI/ML/Data,Summer 2027,"Omaha, NE",Other,2026-09-09,2026-09-09,2026-09-09,,1,https://job-boards.greenhouse.io/gallup/jobs/4393289009,Simplify
Gallup,Data Engineering Intern,data,AI/ML/Data,Summer 2027,"Omaha, NE",Other,2026-09-09,2026-09-09,2026-09-09,,1,https://job-boards.greenhouse.io/gallup/jobs/4395454009,Simplify
Gallup,Artificial Intelligence/Machine Learning Research Intern,data,AI/ML/Data,Summer 2027,SF,Other,2026-09-09,2026-09-09,2026-09-09,,1,https://job-boards.greenhouse.io/gallup/jobs/4395921009,Simplify
Coinbase,Software Engineer Intern,swe,Software,Summer 2027,SF,Other,2026-09-09,2026-09-09,2026-09-09,,1,https://boards.greenhouse.io/embed/job_app?token=8168315,Simplify
Coinbase,People Analytics Intern,data,AI/ML/Data,Summer 2027,NYC,Other,2026-09-09,2026-09-09,2026-09-09,,1,https://boards.greenhouse.io/embed/job_app?token=8175517,Simplify
Coinbase,Machine Learning Engineer Intern,data,AI/ML/Data,Summer 2027,SF,Other,2026-09-09,2026-09-09,2026-09-09,,1,https://boards.greenhouse.io/embed/job_app?token=8175441,Simplify
Coinbase,"Data Science Intern - Strategy, Execution, & Analytics - Platform",swe,AI/ML/Data,Summer 2027,SF,Other,2026-09-09,2026-09-09,2026-09-09,,1,https://boards.greenhouse.io/embed/job_app?token=8175462,Simplify
Coinbase,Data Engineer Intern,data,AI/ML/Data,Summer 2027,SF,Other,2026-09-09,2026-09-09,2026-09-09,,1,https://boards.greenhouse.io/embed/job_app?token=8175459,Simplify
Coinbase,Analytics Engineer Intern,data,AI/ML/Data,Summer 2027,SF,Other,2026-09-09,2026-09-09,2026-09-09,,1,https://boards.greenhouse.io/embed/job_app?token=8175471,Simplify
Moog,Software Engineer Intern - Military Aircraft,swe,Hardware,Summer 2027,"Mineral Wells, TX",Other,2026-09-09,2026-09-09,2026-09-09,,1,https://moog.wd5.myworkdayjobs.com/moog_external_career_site/job/Mineral-Wells-TX/Intern--Software-Engineering_R-26-19888-1,Simplify
CACI,Software Engineer Intern - Summer 2027,swe,Software,Summer 2027,"Lisle, IL",Other,2026-09-09,2026-09-09,2026-09-09,,1,https://caci.wd1.myworkdayjobs.com/external/job/Lisle-IL-US/Software-Engineering-Intern---Summer-2027_331742,Simplify
GE Vernova,Energy Optimization Software Engineer Intern - Summer 2027,swe,Software,Summer 2027,"Bellevue, WA",Other,2026-09-09,2026-09-09,2026-09-01,,1,https://gevernova.wd5.myworkdayjobs.com/vernova_externalsite/job/Bellevue/GE-Vernova---Energy-Optimization-Software-Engineer-Intern---Summer-2027_R5050015-2,Simplify
Auto-Owners Insurance,IT Document Automation Developer Intern,swe,Software,Summer 2027,"Lansing, MI",Other,2026-09-09,2026-09-09,2026-09-09,,1,https://aoins.wd5.myworkdayjobs.com/AutoOwners/job/Lansing-MI/IT-Document-Automation-Developer-Internship---Summer-2027_R_14471,Simplify
Auto-Owners Insurance,Intelligent Automation Developer Intern,swe,Software,Summer 2027,"Lansing, MI",Other,2026-09-09,2026-09-09,2026-09-09,,1,https://aoins.wd5.myworkdayjobs.com/AutoOwners/job/Lansing-MI/Intelligent-Automation-Developer-Internship---Summer-2027_R_14474,Simplify
Cigna Group,Software Engineering Intern - Technology Development Program - Software Engineering Track,swe,Software,Summer 2027,"Bloomington, MN, Austin, TX, Morris Plains, NJ, St. Louis, MO, Bloomfield, CT",Other,2026-09-09,2026-09-09,2026-09-10,,1,https://cigna.wd5.myworkdayjobs.com/cignacareers/job/St-Louis-MO/The-Cigna-Group-s-Technology-Development-Program----Software-Engineering-Track-Summer-Internship_26009527,Simplify
Tokyo Electron,Software Engineer Intern - AI Research,swe,AI/ML/Data,Summer 2027,"San Jose, CA",Other,2026-09-09,2026-09-09,2026-09-10,,1,https://tel.wd3.myworkdayjobs.com/tel-careers/job/San-Jose/Software-Engineer--AI-Research-Summer-2027-Intern_R26-01531,Simplify
Covestro,Digital R&D Intern,data,AI/ML/Data,Summer 2027,"Pittsburgh, PA",Other,2026-09-09,2026-09-09,2026-09-10,,1,https://covestro.wd3.myworkdayjobs.com/cov_external/job/Pittsburgh-PA/Digital-R-D-Intern_JR-2026-02006,Simplify
S&P Global,Software Engineer Intern - Summer 2027,swe,Software,Summer 2027,"Cambridge, MA, NYC",Other,2026-09-09,2026-09-09,2026-09-10,,1,https://spgi.wd5.myworkdayjobs.com/en-US/SPGI_Careers/job/Cambridge-MA/Software-Engineer---Summer-Intern-2027_331717-2,Simplify
S&P Global,Machine Learning Engineer Intern,data,AI/ML/Data,Summer 2027,"Cambridge, MA, NYC",Other,2026-09-09,2026-09-09,2026-09-10,,1,https://spgi.wd5.myworkdayjobs.com/en-US/SPGI_Careers/job/Cambridge-MA/Machine-Learning-Engineer---Summer-Intern-2027_331714-1,Simplify
Cigna Group,AI Engineer Intern,data,AI/ML/Data,Summer 2027,"Austin, TX",Other,2026-09-09,2026-09-09,2026-09-10,,1,https://cigna.wd5.myworkdayjobs.com/cignacareers/job/TX-Austin-11501-Alterra-Pkwy-STE-500/The-Cigna-Group-s-Technology-Development-Program---AI-Engineering-Track-Summer-Internship_26009535,Simplify
Cigna Group,Data & Analytics Engineering Intern - Technology Development Program,data,AI/ML/Data,Summer 2027,"Bloomington, MN, Morris Plains, NJ, St. Louis, MO, Bloomfield, CT",Other,2026-09-09,2026-09-09,2026-09-10,,1,https://cigna.wd5.myworkdayjobs.com/cignacareers/job/Bloomfield-CT/The-Cigna-Group-s-Technology-Development-Program---Data---Analytics-Engineering-Track-Summer-Internship_26009533,Simplify
Kensho,Software Engineer Intern - Summer 2027,swe,Software,Summer 2027,"Cambridge, MA, NYC",Other,2026-09-09,2026-09-09,2026-09-10,,1,https://spgi.wd5.myworkdayjobs.com/Kensho_Careers/job/Cambridge-MA/Software-Engineer---Summer-Intern-2027_331717-1,Simplify
Auto-Owners Insurance,Marketplace Intelligence Intern,data,AI/ML/Data,Summer 2027,"Lansing, MI",Other,2026-09-09,2026-09-09,2026-09-10,,1,https://aoins.wd5.myworkdayjobs.com/AutoOwners/job/Lansing-MI/Marketplace-Intelligence-Internship---Summer-2027_R_14506,Simplify
Kensho,Machine Learning Engineer Intern,data,AI/ML/Data,Summer 2027,"Cambridge, MA, NYC",Other,2026-09-09,2026-09-09,2026-09-10,,1,https://spgi.wd5.myworkdayjobs.com/Kensho_Careers/job/Cambridge-MA/Machine-Learning-Engineer---Summer-Intern-2027_331714,Simplify
Barclays,Technology Developer Apprentice,swe,Software,Summer 2027,"Knutsford, UK",Other,2026-09-09,2026-09-09,2026-09-10,,1,https://barclays.wd3.myworkdayjobs.com/External_Career_Site_Barclays/job/Knutsford-Radbroke-Hall/XMLNAME-2027-Technology-Developer-Degree-Apprenticeship-Programme-Knutsford_JR-0000129443,Simplify
HMH,Digital Services Engineering Intern,data,AI/ML/Data,Summer 2027,"Houston, TX",Other,2026-09-09,2026-09-09,2026-09-10,,1,https://hmhw.wd12.myworkdayjobs.com/hmh_careers/job/Houston-TX/Digital-Services-Engineering-Intern_JR102387,Simplify
Brevan Howard,Systematic Trading Intern,quant,Quant,Summer 2027,NYC,Other,2026-09-09,2026-09-09,2026-09-10,,1,https://wd3.myworkdaysite.com/recruiting/brevanhoward/BH_ExternalCareers/job/New-York/XMLNAME-2027-Summer-Internship-Program---Systematic-Trading--New-York_JR101591,Simplify
Booz Allen,Quantum Computing Research Intern,quant,Software,Summer 2027,"Washington, DC",Other,2026-09-09,2026-09-09,2026-09-10,,1,https://bah.wd1.myworkdayjobs.com/bah_jobs/job/Washington-DC/University---Summer-2027-Quantum-Computing-Research-Intern_R0249046,Simplify
Entegris,Pricing & Commercial Analytics Co-op,data,AI/ML/Data,Spring 2027,"Bedford, MA",Other,2026-09-09,2026-09-09,2026-09-10,,1,https://entegris.wd1.myworkdayjobs.com/entegriscareers/job/Bedford-MA/Pricing---Commercial-Analytics-Co-op_REQ-14511,Simplify
Entegris,AI Continuous Improvement Co-op,swe,Software,Spring 2027,"Decatur, TX",Other,2026-09-09,2026-09-09,2026-09-10,,1,https://entegris.wd1.myworkdayjobs.com/entegriscareers/job/Decatur-TX/AI-Continuous-Improvement-Co-Op_REQ-14509,Simplify
USAA,Technology Intern,swe,Software,Summer 2027,"Plano, TX, San Antonio, TX, Phoenix, AZ",Other,2026-09-09,2026-09-09,2026-09-10,,1,https://usaa.wd1.myworkdayjobs.com/en-US/USAAJOBSWD/job/San-Antonio-Home-Office-I/Technology-Intern_R0120133,Simplify
USAA,Quantitative Risk Analyst Intern,quant,Quant,Summer 2027,"San Antonio, TX",Other,2026-09-09,2026-09-10,2026-09-10,,1,https://usaa.wd1.myworkdayjobs.com/en-US/USAAJOBSWD/job/San-Antonio-Home-Office-I/Quantitative-Risk-Analyst-Intern_R0120753,Simplify
The Aerospace Corporation,Machine Learning Engineering Intern,data,AI/ML/Data,Summer 2027,"Colorado Springs, CO, El Segundo, CA",Other,2026-09-09,2026-09-10,2026-09-10,,1,https://aero.wd5.myworkdayjobs.com/external/job/El-Segundo-CA/XMLNAME-2027-Machine-Learning-Engineering-Graduate-Intern_R016432,Simplify
Entegris,Operations Technical Training Platforms Co-op,swe,AI/ML/Data,Spring 2027,"Colorado Springs, CO, Billerica, MA",Other,2026-09-09,2026-09-15,2026-09-15,,1,https://entegris.wd1.myworkdayjobs.com/entegriscareers/job/Colorado-Springs-CO/Operations-Technical-Training-Platforms-Co-Op_REQ-14416,Simplify
Schonfeld,Quantitative Researcher Intern,quant,Quant,Summer 2027,"London, UK",Other,2026-09-08,2026-09-08,2026-09-09,,1,https://job-boards.greenhouse.io/schonfeld/jobs/8187178,Simplify
RF-SMART,Software Support Engineer Intern - Netsuite,swe,Software,Summer 2027,"Jacksonville, FL",Other,2026-09-08,2026-09-08,2026-09-09,,1,https://job-boards.greenhouse.io/rfsmart/jobs/5409034008,Simplify
Viam,Software Engineer Intern,swe,Software,Summer 2027,NYC,Other,2026-09-08,2026-09-08,2026-09-09,,1,https://job-boards.greenhouse.io/viamrobotics/jobs/6185046004,Simplify
Semgrep,Software Engineer Intern - Cloud Platform,swe,Software,Summer 2027,SF,Other,2026-09-08,2026-09-08,2026-09-09,,1,https://jobs.ashbyhq.com/semgrep/8e64dc7f-e925-4361-86d5-b01ee518c987/application?embed=true,Simplify
Allen Control Systems,Software Engineer Intern,swe,Hardware,N/A,"Austin, TX",Other,2026-09-08,2026-09-08,2026-09-09,,1,https://jobs.ashbyhq.com/allen-control-systems/ed5c58a7-6a3c-474b-aa07-43ff2051cb5c/application?embed=true,Simplify
Allen Control Systems,Computer Vision Intern - Machine Learning,data,AI/ML/Data,Summer 2027,"Austin, TX",Other,2026-09-08,2026-09-08,2026-09-09,,1,https://jobs.ashbyhq.com/allen-control-systems/a7831fef-7125-4c03-b828-5f0472989037/application?embed=true,Simplify
ONE Finance,Software Engineer Intern,swe,Software,Summer 2027,Remote in USA,Other,2026-09-08,2026-09-08,2026-09-09,,1,https://jobs.ashbyhq.com/oneapp/ba18d004-3212-44e4-8a0c-bd1215bae770/application?embed=true,Simplify
Zaber Technologies,Software Developer Co-op,swe,Software,Winter 2027,"Vancouver, BC, Canada",Other,2026-09-08,2026-09-08,2026-09-09,,1,https://apply.workable.com/zaber/j/EAB5877DC3/apply,Simplify
Zaber Technologies,Embedded Software Co-op,swe,Hardware,Winter 2027,"Vancouver, BC, Canada",Other,2026-09-08,2026-09-08,2026-09-09,,1,https://apply.workable.com/zaber/j/1F627CC2BB/apply,Simplify
Two Sigma,Software Engineering Intern - Summer 2027,swe,Software,Summer 2027,NYC,Other,2026-09-08,2026-09-08,2026-09-09,,1,https://twosigma.avature.net/careers/JobDetail/14016,Simplify
Revel,Full Stack Software Engineer Intern,swe,Software,Summer 2027,"SF, LA",Other,2026-09-08,2026-09-08,2026-09-09,,1,https://jobs.ashbyhq.com/revel/29968ce1-8838-44e8-ac4e-6b1c87ce5314/application?embed=true,Simplify
Revel,Forward Deployed Engineer Intern - Software,swe,Software,Summer 2027,"SF, LA",Other,2026-09-08,2026-09-08,2026-09-09,,1,https://jobs.ashbyhq.com/revel/34f97b81-c981-4c4b-9f4d-d471c33b46cc/application?embed=true,Simplify
Revel,Embedded Software Engineer Intern,swe,Hardware,Summer 2027,"SF, LA",Other,2026-09-08,2026-09-08,2026-09-09,,1,https://jobs.ashbyhq.com/revel/f8eec1fd-da28-47ce-bca4-2fbe9c48a889/application?embed=true,Simplify
Talos,Software Engineer Intern - RFQ,swe,Software,Summer 2027,NYC,Other,2026-09-08,2026-09-08,2026-09-09,,1,https://jobs.ashbyhq.com/Talos-Trading/2c833180-484f-4657-80e3-f822cf1a0285/application?embed=true,Simplify
Talos,Quantitative Analyst Intern,quant,Quant,Summer 2027,NYC,Other,2026-09-08,2026-09-08,2026-09-09,,1,https://jobs.ashbyhq.com/Talos-Trading/d6d0c99a-f281-4efe-89c4-026f7f5edc2b/application?embed=true,Simplify
Talos,Software Engineer Intern - Dealer,swe,Software,Summer 2027,NYC,Other,2026-09-08,2026-09-08,2026-09-09,,1,https://jobs.ashbyhq.com/Talos-Trading/91fd5274-3b6b-43cf-b366-9f6dc2ae5977/application?embed=true,Simplify
Aramco Americas,Research and Development Intern - Houston Research Center - Summer Student Program,data,AI/ML/Data,N/A,"Houston, TX",Other,2026-09-08,2026-09-08,2026-09-09,,1,https://aramcoservices.applytojob.com/apply/rbnifQQ0X6/Research-And-Development-Houston-Research-Center-2027-Summer-Student-Program,Simplify
Aramco Americas,Research and Development Intern - Detroit Research Center - Summer Student Program,data,AI/ML/Data,N/A,"Detroit, MI",Other,2026-09-08,2026-09-08,2026-09-09,,1,https://aramcoservices.applytojob.com/apply/ycFkgdZtKy/Research-And-Development-Detroit-Research-Center-2027-Summer-Student-Program,Simplify
Aramco Americas,AI/ML Engineering Intern - Summer Student Program,swe,Software,N/A,"Houston, TX",Other,2026-09-08,2026-09-08,2026-09-09,,1,https://aramcoservices.applytojob.com/apply/MdhantU1bV/Information-Technology-2027-Summer-Student-Program,Simplify
AnaVation,Computer Science Intern - Summer Program,swe,Software,Summer 2027,"San Antonio, TX",Other,2026-09-08,2026-09-08,2026-09-09,,1,https://jobs.lever.co/anavationllc/a5c70b6a-2d16-4774-9043-677456614b1b/apply,Simplify
Protective Life,Business Analytics Intern,data,AI/ML/Data,Summer 2027,"Birmingham, AL",Other,2026-09-08,2026-09-08,2026-09-09,,1,https://jobs.lever.co/protective/40354575-2b06-42cd-93fb-f9ea82bdec7c/apply,Simplify
General Dynamics Mission Systems,Software Engineer Intern,swe,Software,Summer 2027,"Pittsfield, MA",Other,2026-09-08,2026-09-08,2026-09-09,,1,https://careers-gdms.icims.com/jobs/74687/job?mobile=true&needsRedirect=false,Simplify
Vertiv,Data and Analytics Intern - Summer 2027,data,AI/ML/Data,Summer 2027,"Westerville, OH",Other,2026-09-08,2026-09-08,2026-09-09,,1,https://egup.fa.us2.oraclecloud.com/hcmUI/CandidateExperience/en/sites/CX/job/20280588,Simplify
Hoffman Construction,Data Analyst Intern,data,AI/ML/Data,Fall 2026,"Amarillo, TX",Other,2026-09-08,2026-09-08,2026-09-01,,1,https://efsp.fa.us6.oraclecloud.com/hcmUI/CandidateExperience/en/sites/CX/job/1521,Simplify
Coinbase,Data Science Intern,data,,,"Hybrid - San Francisco, CA",,2026-09-08,2026-09-08,2026-09-09,,1,https://www.coinbase.com/careers/positions/8175462?gh_jid=8175462,greenhouse:coinbase
Steel Dynamics,Software Development Intern,swe,Software,Summer 2027,"Columbus, MS",Other,2026-09-08,2026-09-08,2026-09-02,,1,https://careers-steeldynamics.icims.com/jobs/8017/job?mobile=true&needsRedirect=false,Simplify
Spirit AeroSystems,Programmer Analyst / Developer Intern - IDT&S,swe,Software,Summer 2027,"Wichita, KS",Other,2026-09-08,2026-09-08,2026-09-09,,1,https://careers.spiritaero.com/jobs/17481?icims=1,Simplify
Neighbor,Software Engineer Intern,swe,Software,Summer 2027,"Lehi, UT",Other,2026-09-08,2026-09-08,2026-09-09,,1,https://jobs.lever.co/neighbor/7d66629f-3f4b-41ee-a324-fe0154e13c46/apply,Simplify
Spirit AeroSystems,Data Analytics Intern - Production & Industrial Engineering - Paid,data,AI/ML/Data,Summer 2027,"Wichita, KS",Other,2026-09-08,2026-09-08,2026-09-09,,1,https://careers.spiritaero.com/jobs/17503?icims=1,Simplify
Datadog,Software Engineer Intern - Summer,swe,Software,Summer 2027,"Boston, MA, NYC",Other,2026-09-08,2026-09-08,2026-09-09,,1,https://careers.datadoghq.com/detail/8052118/?gh_jid=8052118,Simplify
Medpace,Feasibility Informatics Intern/Co-op,data,AI/ML/Data,Summer 2027,"Cincinnati, OH",Other,2026-09-08,2026-09-08,2026-09-09,,1,https://careers.medpace.com/jobs/12987?icims=1,Simplify
Schonfeld ,2027 DMFI Quant Research Intern,quant,,,"London, England, United Kingdom",,2026-09-08,2026-09-08,2026-09-08,,1,https://job-boards.greenhouse.io/schonfeld/jobs/8187178,greenhouse:schonfeld
Peraton,Software Engineer Intern,swe,Software,Summer 2027,"Blacksburg, VA, Herndon, VA",Other,2026-09-08,2026-09-08,2026-09-08,,1,https://careers-peraton.icims.com/jobs/169665/job?mobile=true&needsRedirect=false,Simplify
BJC HealthCare,RPA Automation Intern,swe,Software,Summer 2027,"St. Louis, MO",Other,2026-09-08,2026-09-08,2026-09-08,,1,https://jobs.bjc.org/jobs/116509?icims=1,Simplify
United Launch Alliance,Software Engineer Intern,swe,Software,Summer 2027,"Centennial, CO",Other,2026-09-08,2026-09-08,2026-09-08,,1,https://jobs.ulalaunch.com/job/Centennial-Software-Engineering-Internship-Summer-2027-CO-80112/1427398300/?ats=successfactors,Simplify
Datadog,Software Engineering Intern (Summer),swe,,,"Boston, Massachusetts, USA; New York, New York, USA",,2026-09-08,2026-09-08,2026-09-08,,1,https://careers.datadoghq.com/detail/8052118/?gh_jid=8052118,greenhouse:datadog
Datadog,Software Engineering Intern,swe,,,"Paris, France",,2026-09-08,2026-09-08,2026-09-08,,1,https://careers.datadoghq.com/detail/8114186/?gh_jid=8114186,greenhouse:datadog
Zions Bank,Process Automation Developer Intern,swe,Software,Winter 2027,United States,Other,2026-09-08,2026-09-08,2026-09-08,,1,https://zionsbancorp.taleo.net/careersection/joinexternalmobile/jobdetail.ftl?job=071580,Simplify
Loblaw Companies,Analyst Co-op Student - Product Information Management,data,AI/ML/Data,Winter 2027,"Toronto, ON, Canada",Other,2026-09-08,2026-09-08,2026-09-08,,1,https://myview.wd3.myworkdayjobs.com/paradox_careers/job/500-Lake-Shore-Blvd-W-Toronto-ON/Analyst--Product-Information-Management---Co-op-Student_R2000697260-1,Simplify
Loblaw Companies,Replenishment Optimization Data & Analytics Co-op,data,AI/ML/Data,Winter 2027,"Brampton, ON, Canada",Other,2026-09-08,2026-09-08,2026-09-08,,1,https://myview.wd3.myworkdayjobs.com/paradox_careers/job/1-Presidents-Choice-Circle-Brampton-ON/Replenishment-Optimization-Data---Analytics---Co-op-Student_R2000697074,Simplify
Loblaw Companies,Applied Machine Learning Co-op,data,AI/ML/Data,Winter 2027,"Brampton, ON, Canada",Other,2026-09-08,2026-09-08,2026-09-08,,1,https://myview.wd3.myworkdayjobs.com/paradox_careers/job/1-Presidents-Choice-Circle-Brampton-ON/Applied-Machine-Learning---Co-op-Student_R2000697038,Simplify
Loblaw Companies,Software Development Co-op,swe,AI/ML/Data,Winter 2027,"Toronto, ON, Canada",Other,2026-09-08,2026-09-08,2026-09-08,,1,https://myview.wd3.myworkdayjobs.com/paradox_careers/job/500-Lake-Shore-Blvd-W-Toronto-ON/Software-Development---Co-op-Student_R2000699845,Simplify
Loblaw Companies,Technical Analyst Co-op,data,AI/ML/Data,Winter 2027,"Mississauga, ON, Canada",Other,2026-09-08,2026-09-08,2026-09-08,,1,https://myview.wd3.myworkdayjobs.com/paradox_careers/job/1685-Tech-Ave-Mississauga-ON/Business-Analyst-Co-op-Student_R2000697512-2,Simplify
Loblaw Companies,Insights Analyst Co-op,data,AI/ML/Data,Winter 2027,"Brampton, ON, Canada",Other,2026-09-08,2026-09-08,2026-09-08,,1,https://myview.wd3.myworkdayjobs.com/paradox_careers/job/1-Presidents-Choice-Circle-Brampton-ON/Insights-Analyst---Co-op-Student_R2000695181,Simplify
Cox,Data Scientist Intern,data,AI/ML/Data,Summer 2027,"Atlanta, GA",Other,2026-09-08,2026-09-08,2026-09-08,,1,https://cox.wd1.myworkdayjobs.com/Cox_External_Career_Site_1/job/Atlanta-GA/Data-Scientist-Intern---Summer-2027--Atlanta--GA-_R202682164,Simplify
Loblaw Companies,Technology Transformation Co-op - Technology Transformation,data,AI/ML/Data,Winter 2027,"Brampton, ON, Canada",Other,2026-09-08,2026-09-08,2026-09-08,,1,https://myview.wd3.myworkdayjobs.com/paradox_careers/job/1-Presidents-Choice-Circle-Brampton-ON/Loblaw-Brands--Technology-Transformation---Co-op-Student_R2000695051,Simplify
Merck,Digital Strategy & Insights Intern - Global Supplier Management Group,data,AI/ML/Data,Summer 2027,"Rahway, NJ",Other,2026-09-08,2026-09-08,2026-09-08,,1,https://msd.wd5.myworkdayjobs.com/searchjobs/job/USA---New-Jersey---Rahway/XMLNAME-2027-Future-Talent-Program---Global-Supplier-Management-Group-Digital-Strategy---Insights--DS-I----Intern_R416016,Simplify
Thermo Fisher Scientific,Senior Operations Data Analytics Intern,data,AI/ML/Data,Summer 2027,United States,Other,2026-09-08,2026-09-08,2026-09-08,,1,https://thermofisher.wd5.myworkdayjobs.com/ThermoFisherCareers/job/Ho-Chi-Minh-City-Vietnam/Sr-Operations-Data-Analytics-Intern_R-01366619,Simplify
Merck,Portfolio Resource Forecasting Intern,data,AI/ML/Data,Summer 2027,"North Wales, PA, Rahway, NJ",Other,2026-09-08,2026-09-08,2026-09-08,,1,https://msd.wd5.myworkdayjobs.com/searchjobs/job/USA---Pennsylvania---North-Wales-Upper-Gwynedd/XMLNAME-2027-Future-Talent-Program---Portfolio-Resource-Forecasting---Intern_R414068,Simplify
Merck,Information Science Intern - Future Talent Program,data,AI/ML/Data,Summer 2027,"Rahway, NJ",Other,2026-09-08,2026-09-08,2026-09-08,,1,https://msd.wd5.myworkdayjobs.com/searchjobs/job/USA---New-Jersey---Rahway/XMLNAME-2027-Future-Talent-Program---Information-Science---Intern_R413651,Simplify
Merck,Co-op,data,AI/ML/Data,Summer 2027,"Rahway, NJ",Other,2026-09-08,2026-09-08,2026-09-08,,1,https://msd.wd5.myworkdayjobs.com/searchjobs/job/USA---New-Jersey---Rahway/XMLNAME-2027-Future-Talent-Program---Global-Workplace---Enterprise-Services-Global-Real-Estate--GRES--Co-op_R415296,Simplify
Merck,Global Data Management and Standards Intern,data,AI/ML/Data,Summer 2027,"Rahway, NJ",Other,2026-09-08,2026-09-08,2026-09-08,,1,https://msd.wd5.myworkdayjobs.com/searchjobs/job/USA---New-Jersey---Rahway/XMLNAME-2027-Future-Talent-Program---Global-Data-Management-and-Standards--GDMS----Intern_R412060,Simplify
Dick's Sporting Goods,Retail Analytics Intern - Corporate Internship,data,AI/ML/Data,Summer 2027,"Pittsburgh, PA",Other,2026-09-08,2026-09-08,2026-09-08,,1,https://dickssportinggoods.wd1.myworkdayjobs.com/en-US/DSG/job/Customer-Support-Center/Retail-Analytics---Summer-2027-Corporate-Internship_202608785-1,Simplify
Merck,Computational Toxicology Intern - AI/ML Computational Toxicology,data,AI/ML/Data,Summer 2027,"West Point, PA",Other,2026-09-08,2026-09-08,2026-09-08,,1,https://msd.wd5.myworkdayjobs.com/searchjobs/job/USA---Pennsylvania---West-Point/XMLNAME-2027-Future-Talent-Program---AI-ML-Computational-Toxicology---Intern_R412871,Simplify
Dick's Sporting Goods,Software Engineer Intern - Corporate Internship,swe,Software,Summer 2027,"Pittsburgh, PA",Other,2026-09-08,2026-09-08,2026-09-08,,1,https://dickssportinggoods.wd1.myworkdayjobs.com/en-US/DSG/job/Customer-Support-Center/Software-Engineering---Summer-2027-Corporate-Internship_202608792-1,Simplify
Merck,Business Intelligence Intern - Research Lab,data,AI/ML/Data,Summer 2027,"North Wales, PA, Rahway, NJ",Other,2026-09-08,2026-09-08,2026-09-08,,1,https://msd.wd5.myworkdayjobs.com/searchjobs/job/USA---Pennsylvania---North-Wales-Upper-Gwynedd/XMLNAME-2027-Future-Talent-Program---Business-Intelligence---Intern_R412411,Simplify
Merck,Intern,swe,Software,Summer 2027,"West Point, PA",Other,2026-09-08,2026-09-08,2026-09-08,,1,https://msd.wd5.myworkdayjobs.com/searchjobs/job/USA---Pennsylvania---West-Point/XMLNAME-2027-Future-Talent-Program---Standardizing-Automation-Scripting-Practices-Through-AI-Enabled-Knowledge-Repository---Intern_R412939,Simplify
Merck,Optical Imaging Data Science Intern,data,AI/ML/Data,Summer 2027,"Boston, MA",Other,2026-09-08,2026-09-08,2026-09-08,,1,https://msd.wd5.myworkdayjobs.com/searchjobs/job/USA---Massachusetts---Boston-MA-Parcel-B-Laboratory/XMLNAME-2027-Future-Talent-Program---Optical-Imaging-Data-Science-Intern---Intern_R412885,Simplify
University of Texas at Austin,Student Technician - Applied Research Laboratories,swe,Software,N/A,"Austin, TX",Other,2026-09-08,2026-09-08,2026-09-08,,1,https://utaustin.wd1.myworkdayjobs.com/utstudent/job/PICKLE-RESEARCH-CAMPUS/Student-Technician_R_00048194,Simplify
Motorola,Software Engineer Intern,swe,Software,Summer 2027,"Chicago, IL",Other,2026-09-08,2026-09-08,2026-09-08,,1,https://motorolasolutions.wd5.myworkdayjobs.com/Careers/job/Chicago-IL/Software-Engineering-Intern---Summer-2027_R68388,Simplify
Capital One,AI Engineering Intern,swe,Software,Summer 2027,"San Jose, CA, McLean, VA, NYC",Other,2026-09-08,2026-09-08,2026-09-08,,1,https://capitalone.wd12.myworkdayjobs.com/Capital_One/job/New-York-NY/Current-PhD--AI-Engineering-Internship-Program---Summer-2027_R249110-1,Simplify
Capital One,Applied Research Intern,data,AI/ML/Data,Summer 2027,"San Jose, CA, McLean, VA, NYC",Other,2026-09-08,2026-09-08,2026-09-08,,1,https://capitalone.wd12.myworkdayjobs.com/Capital_One/job/New-York-NY/Current-PhD--Applied-Research-Internship-Program---Summer-2027_R244323-1,Simplify
Capital One,AI Engineer Intern,swe,Software,Summer 2027,"San Jose, CA, McLean, VA, NYC",Other,2026-09-08,2026-09-08,2026-09-08,,1,https://capitalone.wd12.myworkdayjobs.com/Capital_One/job/New-York-NY/Current-Master-s--AI-Engineering-Internship-Program---Summer-2027_R249109-1,Simplify
U.S. Bank,Quantitative Modeling Intern,quant,Quant,Summer 2027,"Charlotte, NC",Other,2026-09-08,2026-09-08,2026-09-08,,1,https://usbank.wd1.myworkdayjobs.com/US_Bank_Careers/job/Charlotte-NC/XMLNAME-2027-Quantitative-Modeling-Summer-Intern_2026-0027558,Simplify
Philips,Service Contracts Lifecycle Operations Intern,data,AI/ML/Data,Summer 2027,"Nashville, TN",Other,2026-09-08,2026-09-08,2026-09-08,,1,https://philips.wd3.myworkdayjobs.com/jobs-and-careers/job/Nashville-Tennessee-United-States/Intern--Service-Contracts-Lifecycle-Operations--Nashville--TN-Summer-2027_591619,Simplify
C.H. Robinson,Software Engineer Intern,swe,Software,Summer 2027,"Eden Prairie, MN",Other,2026-09-08,2026-09-08,2026-09-08,,1,https://chrobinson.wd5.myworkdayjobs.com/CHRobinson/job/Eden-Prairie-MN-United-States-of-America/Software-Engineering-Internship-2027_R49323,Simplify
Dimensional Fund Advisors,Software Engineer Intern,swe,Software,Summer 2027,"Austin, TX",Other,2026-09-08,2026-09-08,2026-09-08,,1,https://dimensional.wd5.myworkdayjobs.com/dfa_careers/job/Austin/Internship-in-Technology---Software-Engineer_2026-9022,Simplify
Boeing,Artificial Intelligence Software Engineer Intern - Graduate Researcher Program,swe,Software,Summer 2027,"Tukwila, WA",Other,2026-09-08,2026-09-08,2026-09-09,,1,https://boeing.wd1.myworkdayjobs.com/EXTERNAL_CAREERS/job/USA---Tukwila-WA/Boeing-Engineering---Technology-Innovation-Graduate-Researcher-Program--Software-Engineering-Artificial-Intelligence-Intern_JR2026523687,Simplify
Boeing,Applied Mathematician Intern - Engineering & Technology Innovation,data,AI/ML/Data,Summer 2027,"North Charleston, SC",Other,2026-09-08,2026-09-08,2026-09-09,,1,https://boeing.wd1.myworkdayjobs.com/EXTERNAL_CAREERS/job/USA---North-Charleston-SC/Boeing-Engineering---Technology-Innovation-Graduate-Researcher-Program--Applied-Mathematician-Intern_JR2026523704,Simplify
ABB,Application Engineering Intern,swe,Software,Spring 2027,"Lombard, IL, Alpharetta, GA",Other,2026-09-08,2026-09-08,2026-09-09,,1,https://abb.wd3.myworkdayjobs.com/external_career_page/job/Alpharetta-Georgia-United-States-of-America/Application-Engineering-Intern---Spring-2027_JR00045705,Simplify
ABB,Application Engineering Intern - Summer 2027,swe,Software,Summer 2027,"Lombard, IL, Alpharetta, GA",Other,2026-09-08,2026-09-08,2026-09-09,,1,https://abb.wd3.myworkdayjobs.com/external_career_page/job/Alpharetta-Georgia-United-States-of-America/Application-Engineering-Intern---Summer-2027_JR00045706,Simplify
Burlington Stores,Sustainability Intern,data,AI/ML/Data,Summer 2027,"Burlington, VT",Other,2026-09-08,2026-09-08,2026-09-09,,1,https://burlington.wd5.myworkdayjobs.com/BurlingtonCareers/job/00000---Burlington-Corporate-Office/Sustainability-Intern---Summer-2027_R104521,Simplify
U.S. Bank,Business Analytics Intern,data,AI/ML/Data,Summer 2027,"Minneapolis, MN",Other,2026-09-08,2026-09-08,2026-09-09,,1,https://usbank.wd1.myworkdayjobs.com/US_Bank_Careers/job/Minneapolis-MN/XMLNAME-2027-Business-Analytics-Summer-Intern_2026-0025907,Simplify
RTX,Platform System Engineering Co-op,swe,Software,Summer 2027,"Cedar Rapids, IA",Other,2026-09-08,2026-09-08,2026-09-09,,1,https://globalhr.wd5.myworkdayjobs.com/rec_rtx_ext_gateway/job/US-IA-CEDAR-RAPIDS-130--5350-C-Ave-NE--BLDG-130/Platform-System-Engineering-Co-op--2027----Onsite_01871078,Simplify
RTX,Software Engineer Intern,swe,Software,Summer 2027,"Cedar Rapids, IA",Other,2026-09-08,2026-09-08,2026-09-01,,1,https://globalhr.wd5.myworkdayjobs.com/rec_rtx_ext_gateway/job/US-IA-CEDAR-RAPIDS-130--5350-C-Ave-NE--BLDG-130/Software-Engineer-Intern---Summer-2027-_01870613,Simplify
RTX,Software Engineer Co-op,swe,Software,Summer 2027,"Cedar Rapids, IA",Other,2026-09-08,2026-09-08,2026-09-09,,1,https://globalhr.wd5.myworkdayjobs.com/rec_rtx_ext_gateway/job/US-IA-CEDAR-RAPIDS-182--1100-Cimmie-Ave-Ne--BLDG-182/Software-Engineer-Co-op--Summer-Fall-2027----Onsite_01871347,Simplify
RTX,Software Engineering Co-op,swe,Hardware,Summer 2027,"Cedar Rapids, IA",Other,2026-09-08,2026-09-08,2026-09-03,,1,https://globalhr.wd5.myworkdayjobs.com/rec_rtx_ext_gateway/job/US-IA-CEDAR-RAPIDS-107--400-Collins-Rd-NE--BLDG-107/Software-Engineering-Co-op--Fall-Spring-2027-_01872683,Simplify
RTX,Systems Co-op,swe,Software,Summer 2027,"Cedar Rapids, IA",Other,2026-09-08,2026-09-08,2026-09-09,,1,https://globalhr.wd5.myworkdayjobs.com/rec_rtx_ext_gateway/job/US-IA-CEDAR-RAPIDS-182--1100-Cimmie-Ave-Ne--BLDG-182/XMLNAME-2027-Spring-Summer-Co-Op---Systems---AVI-MIL-FMS-DAS_01872835,Simplify
Momentive,Environmental Protection Intern,data,AI/ML/Data,Summer 2027,"Friendly, WV",Other,2026-09-08,2026-09-08,2026-09-09,,1,https://momentive.wd1.myworkdayjobs.com/MC/job/US-WV-Friendly/Summer-2027-Environmental-Protection-Intern_R9805,Simplify
Trimble,Software Engineer Intern,swe,Software,Summer 2027,"Dayton, OH, Knoxville, TN, Portsmouth, NH, Princeton, NJ, Lake Oswego, OR, Westminster, CO, Sunnyvale, CA, Atlanta, GA",Other,2026-09-08,2026-09-08,2026-09-09,,1,https://trimble.wd1.myworkdayjobs.com/en-US/TrimbleCareers/job/US---CO-Westminster/Software-Engineering-Intern_R57676,Simplify
BlueCross BlueShield of Nebraska,Healthcare Reimbursement Analytics Intern - Summer 2027,data,AI/ML/Data,Summer 2027,"Omaha, NE",Other,2026-09-08,2026-09-08,2026-09-09,,1,https://nebraskablue.wd1.myworkdayjobs.com/BCBSNE/job/Omaha-NE/Healthcare-Reimbursement-Analytics-Intern---Summer-2027_JR101410,Simplify
Ercot,IT Intern - Enterprise Data & AI Administration,data,AI/ML/Data,Summer 2027,"Austin, TX, Taylor, TX",Other,2026-09-08,2026-09-08,2026-09-09,,1,https://ercot.wd1.myworkdayjobs.com/ercot_careers/job/Taylor-TX/Intern---IT--Enterprise-Data---AI-Administration_R2478,Simplify
Meijer,Store Analytics Intern,data,AI/ML/Data,Summer 2027,"Grand Rapids, MI",Other,2026-09-08,2026-09-08,2026-09-09,,1,https://meijer.wd5.myworkdayjobs.com/en-US/Meijer/job/Grand-Rapids-MI/Store-Analytics-Intern--Summer-2027_R000698651,Simplify
Meijer,Data Science Intern,data,AI/ML/Data,Summer 2027,"Grand Rapids, MI",Other,2026-09-08,2026-09-08,2026-09-09,,1,https://meijer.wd5.myworkdayjobs.com/en-US/Meijer/job/Grand-Rapids-MI/Data-Science-Intern---Summer-2027_R000699579,Simplify
The Federal Reserve System,Payments Forum Intern - Spring/Summer 2027,data,AI/ML/Data,Summer 2027,"Remote in USA, Atlanta, GA",Other,2026-09-08,2026-09-08,2026-09-09,,1,https://rb.wd5.myworkdayjobs.com/en-US/FRS/job/Atlanta-GA/Payments-Forum-Intern---Spring-Summer-2027_R-0000033343-1,Simplify
Acxiom,Data Scientist Intern,data,AI/ML/Data,Winter 2027,"Conway, AR",Other,2026-09-08,2026-09-08,2026-09-09,,1,https://acxiomllc.wd5.myworkdayjobs.com/AcxiomUSA/job/RemoteHomebased/Intern---Data-Scientist_JR014459,Simplify
TD Bank,Mobile Software Engineer Co-op Intern,swe,Software,Winter 2027,"Toronto, ON, Canada",Other,2026-09-08,2026-09-08,2026-09-09,,1,https://td.wd3.myworkdayjobs.com/TD_Bank_Careers/job/Toronto-Ontario/Mobile-Software-Engineer-Co-op---Intern---Winter-2027-_R_1509825,Simplify
COUNTRY Financial,Auto Product Analyst Intern,data,AI/ML/Data,Summer 2027,"Bloomington, IL",Other,2026-09-08,2026-09-08,2026-09-09,,1,https://countryfinancial.wd5.myworkdayjobs.com/COUNTRYCorporateInternships/job/Bloomington-IL/Auto-Product-Analyst-Intern_R26_0000000995,Simplify
COUNTRY Financial,Automation Developer Intern,swe,Software,Summer 2027,"Bloomington, IL",Other,2026-09-08,2026-09-08,2026-09-09,,1,https://countryfinancial.wd5.myworkdayjobs.com/COUNTRYCorporateInternships/job/Bloomington-IL/Automation-Developer-Intern_R26_0000001000,Simplify
COUNTRY Financial,Market Analytics Intern,data,AI/ML/Data,Summer 2027,"Bloomington, IL",Other,2026-09-08,2026-09-08,2026-09-09,,1,https://countryfinancial.wd5.myworkdayjobs.com/COUNTRYCorporateInternships/job/Bloomington-IL/Market-Analytics-Intern_R26_0000000948,Simplify
COUNTRY Financial,Information Technology Services Intern,swe,Software,Summer 2027,"Bloomington, IL",Other,2026-09-08,2026-09-08,2026-09-09,,1,https://countryfinancial.wd5.myworkdayjobs.com/COUNTRYCorporateInternships/job/Bloomington-IL/Information-Technology-Services-Intern_R26_0000000977,Simplify
TD Bank,Software Engineer Intern Co-op,swe,Software,Winter 2027,"Toronto, ON, Canada, Mississauga, ON, Canada, London, ON, Canada",Other,2026-09-08,2026-09-08,2026-09-09,,1,https://td.wd3.myworkdayjobs.com/TD_Bank_Careers/job/Toronto-Ontario/Software-Engineer-Co-op---Intern--Winter-2027-_R_1509790,Simplify
Capital One,Data Analytics Engineering Intern,data,AI/ML/Data,Winter 2027,"Toronto, ON, Canada",Other,2026-09-08,2026-09-08,2026-09-09,,1,https://capitalone.wd12.myworkdayjobs.com/Capital_One/job/Toronto-ON/Intern--Data-Analytics-Engineering---Winter-2027_R999617-1,Simplify
Capital One,Data Scientist Intern,data,AI/ML/Data,Winter 2027,"Toronto, ON, Canada",Other,2026-09-08,2026-09-08,2026-09-09,,1,https://capitalone.wd12.myworkdayjobs.com/Capital_One/job/Toronto-ON/Intern--Data-Scientist---Winter-2027_R999619-1,Simplify
General Motors,Global Customer Research Intern,data,AI/ML/Data,Summer 2027,"Washington, DC, Warren, MI",Other,2026-09-08,2026-09-09,2026-09-09,,1,https://generalmotors.wd5.myworkdayjobs.com/Careers_GM/job/Warren-Michigan-United-States-of-America/XMLNAME-2027-Summer-Intern--Global-Customer-Research-Intern--Master-MBA-Degree-_JR-202619679,Simplify
Applied Materials,Software Engineering Intern - Masters,swe,Hardware,Summer 2027,"Santa Clara, CA",Other,2026-09-08,2026-09-09,2026-09-09,,1,https://amat.wd1.myworkdayjobs.com/External/job/Santa-ClaraCA/XMLNAME-2027-Software-Engineering-Intern--Masters---Santa-Clara--CA-_R2628265,Simplify
Bird Construction,Business Intelligence Student,data,AI/ML/Data,N/A,"Winnipeg, MB, Canada, Calgary, AB, Canada, Edmonton, AB, Canada, Vancouver, BC, Canada",Other,2026-09-08,2026-09-09,2026-09-09,,1,https://bird.wd3.myworkdayjobs.com/BirdConstructionCareers/job/Calgary-AB/Business-Intelligence-Student_JR-9521,Simplify
Baird,IT AI & Automation Intern,swe,Software,Summer 2027,"Milwaukee, WI",Other,2026-09-08,2026-09-15,2026-09-15,,1,https://baird.wd1.myworkdayjobs.com/careers/job/WI-Milwaukee/Internship---IT-Operations-Automation---AI--Year-Round-_R2026986-1,Simplify
SpaceX,"Application Software Engineer, Internal Systems",swe,,,"Starbase, TX",,2026-09-07,2026-09-07,2026-09-07,,1,https://boards.greenhouse.io/spacex/jobs/8785507002?gh_jid=8785507002,greenhouse:spacex
Dropbox,Software Engineer Intern - Summer 2027,swe,Software,Summer 2027,Remote in USA,Other,2026-09-07,2026-09-07,2026-09-07,,1,https://boards.greenhouse.io/embed/job_app?token=8106224,Simplify
Ernst & Young,Data and Intelligence Delivery Intern - Assurance,data,AI/ML/Data,Summer 2027,"Salt Lake City, UT, Indianapolis, IN, Houston, TX, Des Moines, IA, Detroit, MI, Tampa, FL, Dallas, TX, Greenville, SC, St. Louis, MO, Alpharetta, GA, Phoenix, AZ, Grandview Heights, OH",Other,2026-09-07,2026-09-07,2026-09-07,,1,https://eyglobal.yello.co/jobs/Ps6DR65DB3hhb_XrmIxQjA?job_board_id=c1riT--B2O-KySgYWsZO1Q,Simplify
Dropbox,Software Engineering Intern (Summer 2027),swe,,,Remote - US: All locations,,2026-09-07,2026-09-07,2026-09-07,,1,https://jobs.dropbox.com/listing/8106224?gh_jid=8106224,greenhouse:dropbox
incident.io,Product Engineer Placement - 6 Months,swe,Software,N/A,"London, UK",Other,2026-09-07,2026-09-07,2026-09-07,,1,https://jobs.ashbyhq.com/incident/470989ec-6ac5-4800-beb1-0ba1684ec1ee/application?embed=true,Simplify
incident.io,Product Engineer Intern,swe,Software,Summer 2027,"London, UK",Other,2026-09-07,2026-09-07,2026-09-07,,1,https://jobs.ashbyhq.com/incident/35461290-c0fe-449a-bed4-5ee873f868fd/application?embed=true,Simplify
Airbus,Landing Gear Engineering AI & Data Analytics Placement,swe,Software,N/A,"Bristol, UK",Other,2026-09-07,2026-09-07,2026-09-07,,1,https://ag.wd3.myworkdayjobs.com/Airbus/job/Bristol-Area/Landing-Gear-Engineering---AI---Data-Analytics-Placement--125-months-_JR10430647,Simplify
Airbus,Airframe Data Scientist Placement,data,AI/ML/Data,N/A,"Filton, Bristol, UK",Other,2026-09-07,2026-09-07,2026-09-07,,1,https://ag.wd3.myworkdayjobs.com/Airbus/job/Filton/Airframe-Data-Scientist-Placement--125-months-_JR10427455,Simplify
Airbus,Full-Stack Software Developer Intern,swe,Software,N/A,"Portsmouth, UK",Other,2026-09-07,2026-09-07,2026-09-07,,1,https://ag.wd3.myworkdayjobs.com/Airbus/job/Portsmouth/Software-Developer--Full-Stack--Placement--13-months-_JR10426667,Simplify
Airbus,Software Engineering Intern,swe,Software,N/A,"Filton, Bristol, UK",Other,2026-09-07,2026-09-07,2026-09-07,,1,https://ag.wd3.myworkdayjobs.com/Airbus/job/Filton/Software-Engineering-Placement--125-months-_JR10429196,Simplify
Airbus,Digital Wing Engineering Placement - Months,swe,Software,N/A,"Bristol, UK",Other,2026-09-07,2026-09-07,2026-09-07,,1,https://ag.wd3.myworkdayjobs.com/Airbus/job/Bristol-Area/Digital-Wing-Engineering-Placement--125-months-_JR10423984,Simplify
Airbus,Optical and Satellite Communications Software Engineering Placement,swe,Hardware,N/A,"Bristol, UK",Other,2026-09-07,2026-09-07,2026-09-07,,1,https://ag.wd3.myworkdayjobs.com/Airbus/job/Bristol-Area/Optical-and-Satellite-Communications-Software-Engineering-Placement--125-months-_JR10430473,Simplify
Airbus,Space Software Engineering Placement - Months,swe,Hardware,N/A,"Stevenage, UK",Other,2026-09-07,2026-09-07,2026-09-07,,1,https://ag.wd3.myworkdayjobs.com/Airbus/job/Stevenage/Space-Software-Engineering-Placement--12-months-_JR10425567,Simplify
Airbus,Software Developer Placement,swe,Software,N/A,"Stevenage, UK",Other,2026-09-07,2026-09-07,2026-09-07,,1,https://ag.wd3.myworkdayjobs.com/Airbus/job/Stevenage/Software-Developer-Placement--13-months-_JR10425651,Simplify
Airbus,Flight Physics Data Science Engineer,data,AI/ML/Data,N/A,"Filton, Bristol, UK",Other,2026-09-07,2026-09-07,2026-09-07,,1,https://ag.wd3.myworkdayjobs.com/Airbus/job/Filton/Flight-Physics-Data-Science-Engineer-Placement--125-months-_JR10430147,Simplify
Xcel Energy,Renewable Operations Center Intern,data,AI/ML/Data,Summer 2027,"Golden, CO",Other,2026-09-07,2026-09-07,2026-09-07,,1,https://xcelenergy.wd1.myworkdayjobs.com/External/job/Golden-CO-80401/Renewable-Operation-Center-Intern--CO_JR115736-1,Simplify
Xcel Energy,Asset Strategy & Budget Integration Intern,data,AI/ML/Data,Summer 2027,"Henderson, CO",Other,2026-09-07,2026-09-07,2026-09-07,,1,https://xcelenergy.wd1.myworkdayjobs.com/External/job/Henderson-CO-80640/Asset-Strategy---Budget-Integration-Intern--CO_JR115564-1,Simplify
Xcel Energy,Gas Data Intern,data,AI/ML/Data,Summer 2027,"Denver, CO",Other,2026-09-07,2026-09-07,2026-09-07,,1,https://xcelenergy.wd1.myworkdayjobs.com/External/job/Denver-CO-80223/Gas-Data-Intern--CO_JR116314-1,Simplify
Xcel Energy,Grid Data Intern,data,AI/ML/Data,Summer 2027,"Minneapolis, MN",Other,2026-09-07,2026-09-07,2026-09-07,,1,https://xcelenergy.wd1.myworkdayjobs.com/External/job/Minneapolis-MN-55418/Grid-Data-Intern---MN_JR115742-1,Simplify
Xcel Energy,Resource Planning Intern,data,AI/ML/Data,Summer 2027,"Denver, CO",Other,2026-09-07,2026-09-07,2026-09-07,,1,https://xcelenergy.wd1.myworkdayjobs.com/External/job/Denver-CO-80205/Resource-Planning-Intern--CO_JR115820-1,Simplify
Xcel Energy,Renewable and Demand Response Intern,data,AI/ML/Data,Summer 2027,"Denver, CO",Other,2026-09-07,2026-09-07,2026-09-07,,1,https://xcelenergy.wd1.myworkdayjobs.com/External/job/Denver-CO-80205/Renewable-and-Demand-Response-Intern--CO_JR115433-1,Simplify
Xcel Energy,Power Generation Analytics Intern,data,AI/ML/Data,Summer 2027,"Henderson, CO",Other,2026-09-07,2026-09-07,2026-09-07,,1,https://xcelenergy.wd1.myworkdayjobs.com/External/job/Henderson-CO-80640/Power-Generation-Analytics-Intern--CO_JR115734-2,Simplify
Xcel Energy,GIS Intern,data,AI/ML/Data,Summer 2027,"Minneapolis, MN",Other,2026-09-07,2026-09-07,2026-09-07,,1,https://xcelenergy.wd1.myworkdayjobs.com/External/job/Minneapolis-MN-55401/GIS-Intern---MN_JR115658,Simplify
Xcel Energy,Wildfire Analyst Intern,data,AI/ML/Data,Summer 2027,"Denver, CO",Other,2026-09-07,2026-09-07,2026-09-07,,1,https://xcelenergy.wd1.myworkdayjobs.com/External/job/Denver-CO-80205/Wildfire-Analyst-Intern--CO_JR115413-1,Simplify
Xcel Energy,Data Science Intern,data,AI/ML/Data,Summer 2027,"Minneapolis, MN, Denver, CO",Other,2026-09-07,2026-09-07,2026-09-07,,1,https://xcelenergy.wd1.myworkdayjobs.com/External/job/Denver-CO-80205/Data-Science-Intern-CO--MN_JR116327-1,Simplify
Xcel Energy,AI & Automation Intern - Regulatory,swe,Software,Summer 2027,"Denver, CO",Other,2026-09-07,2026-09-07,2026-09-07,,1,https://xcelenergy.wd1.myworkdayjobs.com/External/job/Denver-CO-80205/AI---Automation-Intern--CO_JR115739-1,Simplify
Xcel Energy,Data Scientist Intern,data,AI/ML/Data,Summer 2027,"Minneapolis, MN, Denver, CO",Other,2026-09-07,2026-09-07,2026-09-07,,1,https://xcelenergy.wd1.myworkdayjobs.com/External/job/Minneapolis-MN-55401/Data-Scientist-Intern---MN--CO_JR115668-1,Simplify
Xcel Energy,AI Solutions Development Intern,swe,Software,Summer 2027,"Minneapolis, MN, Denver, CO",Other,2026-09-07,2026-09-07,2026-09-07,,1,https://xcelenergy.wd1.myworkdayjobs.com/External/job/Denver-CO-80205/AI-Solutions-Development-Intern-CO--MN_JR116329-1,Simplify
Xcel Energy,Energy Supply Renewable Intern - MN,data,AI/ML/Data,Summer 2027,"Minneapolis, MN",Other,2026-09-07,2026-09-07,2026-09-07,,1,https://xcelenergy.wd1.myworkdayjobs.com/External/job/Minneapolis-MN-55418/Energy-Supply-Renewable-Intern---MN_JR115609-1,Simplify
Xcel Energy,Reporting and Compliance Analyst Intern,data,AI/ML/Data,Summer 2027,"Minneapolis, MN",Other,2026-09-07,2026-09-07,2026-09-07,,1,https://xcelenergy.wd1.myworkdayjobs.com/External/job/Minneapolis-MN-55418/Reporting-and-Compliance-Analyst-Intern---MN_JR115608-1,Simplify
Xcel Energy,Data Analyst Intern,data,AI/ML/Data,Summer 2027,"Denver, CO",Other,2026-09-07,2026-09-07,2026-09-07,,1,https://xcelenergy.wd1.myworkdayjobs.com/External/job/Denver-CO-80223/Reliability-Data-Analyst-Intern--CO_JR115833,Simplify
Airbus,Artificial Intelligence Intern,data,AI/ML/Data,N/A,"Filton, Bristol, UK",Other,2026-09-07,2026-09-07,2026-09-07,,1,https://ag.wd3.myworkdayjobs.com/Airbus/job/Filton/Artificial-Intelligence-Placement--125-months-_JR10424830,Simplify
Tokyo Electron,Data Platforms Engineer Intern,swe,AI/ML/Data,Summer 2027,"Austin, TX",Other,2026-09-07,2026-09-07,2026-09-07,,1,https://tel.wd3.myworkdayjobs.com/tel-careers/job/Austin-RiverSouth/Data-Platforms-Engineer-Summer-2027-Intern_R26-01498,Simplify
Tokyo Electron,Business Intelligence Analyst Intern,data,AI/ML/Data,Summer 2027,"Austin, TX",Other,2026-09-07,2026-09-07,2026-09-07,,1,https://tel.wd3.myworkdayjobs.com/tel-careers/job/Austin-RiverSouth/Business-Intelligence-Analyst-Summer-2027-Intern_R26-01504,Simplify
Tokyo Electron,Automation Developer/Analyst Intern,swe,Software,Summer 2027,"Austin, TX",Other,2026-09-07,2026-09-07,2026-09-07,,1,https://tel.wd3.myworkdayjobs.com/tel-careers/job/Austin-RiverSouth/Automation-Developer-Analyst-Intern_R26-01497,Simplify
Royal Bank of Canada,Data Engineer - RBC Amplify,data,AI/ML/Data,N/A,"Halifax Regional Municipality, NS, Canada",Other,2026-09-07,2026-09-07,2026-09-07,,1,https://rbc.wd3.myworkdayjobs.com/rbcglobal1/job/HALIFAX-Nova-Scotia-Canada/Data-Engineer--RBC-Amplify-2027--Halifax_R-0000187117,Simplify
Royal Bank of Canada,Developer - Amplify,swe,Software,N/A,"Halifax Regional Municipality, NS, Canada",Other,2026-09-07,2026-09-07,2026-09-07,,1,https://rbc.wd3.myworkdayjobs.com/rbcglobal1/job/HALIFAX-Nova-Scotia-Canada/Developer--RBC-Amplify-2027--Halifax_R-0000187119,Simplify
Royal Bank of Canada,Data Engineer - RBC Amplify 2027,data,AI/ML/Data,N/A,"Toronto, ON, Canada",Other,2026-09-07,2026-09-07,2026-09-07,,1,https://rbc.wd3.myworkdayjobs.com/rbcglobal1/job/TORONTO-Ontario-Canada/Data-Engineer--RBC-Amplify-2027--Toronto_R-0000187113,Simplify
Royal Bank of Canada,Developer,swe,Software,N/A,"Halifax Regional Municipality, NS, Canada",Other,2026-09-07,2026-09-07,2026-09-07,,1,https://rbc.wd3.myworkdayjobs.com/RBCEARLYTALENT1/job/HALIFAX-Nova-Scotia-Canada/Developer--RBC-Amplify-2027--Halifax_R-0000187119-1,Simplify
NXP Semiconductors,Data Science / Structured Problem Solving Intern - Summer 2027,data,AI/ML/Data,Summer 2027,"Austin, TX",Other,2026-09-07,2026-09-07,2026-09-07,,1,https://nxp.wd3.myworkdayjobs.com/en-US/careers/job/Austin-Ed-Bluestein-Office/Data-Science---Structured-Problem-Solving-Intern---Summer-2027_R-10065037,Simplify
NXP Semiconductors,Embedded Machine Learning & Radar Processing Intern - Summer 2027,data,AI/ML/Data,Summer 2027,"San Jose, CA",Other,2026-09-07,2026-09-07,2026-09-07,,1,https://nxp.wd3.myworkdayjobs.com/en-US/careers/job/San-Jose-Holger-Way/Embedded-Machine-Learning---Radar-Processing-Intern---Summer-2027_R-10065534,Simplify
NXP Semiconductors,Data Analytics Engineer Intern - Summer 2027,data,AI/ML/Data,Summer 2027,"Austin, TX",Other,2026-09-07,2026-09-07,2026-09-07,,1,https://nxp.wd3.myworkdayjobs.com/en-US/careers/job/Austin-Oakhill-Office/Data-Analytics-Engineer-Intern---Summer-2027_R-10065538,Simplify
Marsh,Data & Analytics Industrial Placement,data,AI/ML/Data,N/A,"Newcastle upon Tyne, UK",Other,2026-09-07,2026-09-07,2026-09-07,,1,https://mmc.wd1.myworkdayjobs.com/mmc/job/Newcastle---Bank/Data---Analytics-Industrial-Placement-2027--12-months----Newcastle-upon-Tyne_R_364970-1,Simplify
Blackstone,Software Engineer Summer Analyst - Technology and Innovations,swe,Software,Summer 2027,"London, UK",Other,2026-09-07,2026-09-07,2026-09-07,,1,https://blackstone.wd1.myworkdayjobs.com/zh-CN/Blackstone_Campus_Careers/job/London/XMLNAME-2027-Blackstone-Technology---Innovations---Software-Engineer-Summer-Analyst_45358,Simplify
Brevan Howard,Trading Intern - Trading,quant,Quant,Summer 2027,NYC,Other,2026-09-07,2026-09-07,2026-09-07,,1,https://wd3.myworkdaysite.com/recruiting/brevanhoward/BH_ExternalCareers/job/New-York/XMLNAME-2027-Summer-Internship-Program---Trading--New-York_JR101583,Simplify
Entrust,Software Developer Intern,swe,Software,Winter 2027,"Ottawa, ON, Canada",Other,2026-09-07,2026-09-07,2026-09-07,,1,https://entrust.wd1.myworkdayjobs.com/entrustcareers/job/Canada---Ottawa/Intern---Software-Developer---8-months-Hybrid-in-Ottawa_R004358,Simplify
GE Aerospace,Software Engineering Placement - Month Placement,swe,Software,N/A,"Bristol, UK, Cheltenham, UK",Other,2026-09-06,2026-09-06,2026-09-06,,1,https://geaerospace.wd5.myworkdayjobs.com/ge_externalsite/job/Cheltenham/GE-Aerospace-Software-Engineering---12-Month-Placement_R5039374-2,Simplify
GE Aerospace,Data Science Placement - Month Placement,data,AI/ML/Data,N/A,"Eastleigh, UK",Other,2026-09-06,2026-09-06,2026-09-06,,1,https://geaerospace.wd5.myworkdayjobs.com/ge_externalsite/job/Eastleigh/GE-Aerospace-Data-Science---12-Month-Placement--Eastleigh_R5039365-1,Simplify
Replit,Cohort 0,swe,Software,N/A,"Foster City, CA",Other,2026-09-05,2026-09-05,2026-09-05,,1,https://jobs.ashbyhq.com/replit/2c147ccb-2557-40f8-aab9-64422cef220c/application?embed=true,Simplify
Tesla,Software Engineer Intern - Code Hardening & Framework Resilience - Robotaxi,swe,Software,Spring 2027,"Palo Alto, CA",Other,2026-09-05,2026-09-05,2026-09-05,,1,https://www.tesla.com/careers/search/job/282598,Simplify
Solidigm,Software Engineering Intern - Firmware & AI Engineering,swe,Hardware,Summer 2027,"Rancho Cordova, CA",Other,2026-09-05,2026-09-05,2026-09-05,,1,https://jobs.smartrecruiters.com/Solidigm/744000147613769,Simplify
Solidigm,Software Development & Firmware Engineering Intern - Multiple Teams,swe,Hardware,Summer 2027,"Rancho Cordova, CA, Longmont, CO, Sacramento, CA",Other,2026-09-05,2026-09-05,2026-09-05,,1,https://jobs.smartrecruiters.com/Solidigm/744000147613629,Simplify
Schonfeld,Systematic COO Intern,quant,AI/ML/Data,Summer 2027,NYC,Other,2026-09-04,2026-09-04,2026-09-04,,1,https://job-boards.greenhouse.io/schonfeld/jobs/8172059,Simplify
Schonfeld,Risk Analyst Intern - DMFI,quant,Quant,Summer 2027,"London, UK",Other,2026-09-04,2026-09-04,2026-09-04,,1,https://job-boards.greenhouse.io/schonfeld/jobs/8172053,Simplify
Schonfeld,Quantitative Research Intern,quant,Quant,Summer 2027,"Miami, FL",Other,2026-09-04,2026-09-04,2026-09-04,,1,https://job-boards.greenhouse.io/schonfeld/jobs/8172076,Simplify
Schonfeld,Software Engineering Intern,swe,Software,Summer 2027,NYC,Other,2026-09-04,2026-09-04,2026-09-04,,1,https://job-boards.greenhouse.io/schonfeld/jobs/8180089,Simplify
Schonfeld,Technology Intern - DMFI,swe,Software,Summer 2027,NYC,Other,2026-09-04,2026-09-04,2026-09-04,,1,https://job-boards.greenhouse.io/schonfeld/jobs/8171772,Simplify
Schonfeld,Fixed Income Intern,quant,Quant,Summer 2027,NYC,Other,2026-09-04,2026-09-04,2026-09-04,,1,https://job-boards.greenhouse.io/schonfeld/jobs/8172055,Simplify
Schonfeld,Data Science Intern,data,AI/ML/Data,Summer 2027,NYC,Other,2026-09-04,2026-09-04,2026-09-04,,1,https://job-boards.greenhouse.io/schonfeld/jobs/8171692,Simplify
Schonfeld,Business Analytics Intern,data,AI/ML/Data,Summer 2027,NYC,Other,2026-09-04,2026-09-04,2026-09-04,,1,https://job-boards.greenhouse.io/schonfeld/jobs/8171703,Simplify
ENFOS,Software Engineer Intern - Summer 2027,swe,Software,Summer 2027,"Durham, NC",Other,2026-09-04,2026-09-04,2026-09-04,,1,https://apply.workable.com/enfos-inc/j/CA15908E0A/apply,Simplify
Kodiak Robotics,Data Engineering Intern,data,AI/ML/Data,Winter 2027,"Mountain View, CA",Other,2026-09-04,2026-09-04,2026-09-04,,1,https://job-boards.greenhouse.io/kodiak/jobs/4396622009,Simplify
Apex,Simulation Software Engineering Intern,swe,Hardware,Summer 2027,LA,Other,2026-09-04,2026-09-04,2026-09-04,,1,https://jobs.ashbyhq.com/apex-technology-inc/d3e21f84-3637-4521-833d-fd07b3ca5f2e/application?embed=true,Simplify
Man Group,Quantitative Researcher Intern,quant,Quant,Fall 2026,"London, UK",Other,2026-09-04,2026-09-04,2026-09-04,,1,https://job-boards.eu.greenhouse.io/mangroup/jobs/4969142101,Simplify
Bree,Software Engineer Co-op - Product,swe,Software,Winter 2027,"Toronto, ON, Canada",Other,2026-09-04,2026-09-04,2026-09-04,,1,http://jobs.ashbyhq.com/bree/17d8dd15-5f97-4003-8d6c-170dca13ff88/application?embed=true,Simplify
Bree,Software Engineer Co-op - Backend,swe,Software,Winter 2027,"Toronto, ON, Canada",Other,2026-09-04,2026-09-04,2026-09-04,,1,http://jobs.ashbyhq.com/bree/42fe78c1-e73f-4918-bf71-776b8142112b/application?embed=true,Simplify
Rivian and Volkswagen Group Technologies,Software Engineering Intern - Applications - Infotainment & Mobile,swe,Software,Summer 2027,"Palo Alto, CA, Irvine, CA",Other,2026-09-04,2026-09-04,2026-09-04,,1,https://jobs.ashbyhq.com/rivianvw.tech/c5c0f2e3-ae78-4ca6-94f8-b6940d3cdb69/application?embed=true,Simplify
Zipline,Aircraft Software Integration Intern,swe,Software,Summer 2027,South SF,Other,2026-09-04,2026-09-04,2026-09-04,,1,https://www.zipline.com/open-roles/7986848003?gh_jid=7986848003,Simplify
Scale AI,Software Engineer Intern - Summer 2027,swe,Software,Summer 2027,SF,Other,2026-09-04,2026-09-04,2026-09-04,,1,https://job-boards.greenhouse.io/scaleai/jobs/4730845005,Simplify
Brave,Software Engineer Intern - Waterloo University,swe,Software,Fall 2026,Remote in Canada,Other,2026-09-04,2026-09-04,2026-09-04,,1,https://job-boards.greenhouse.io/brave/jobs/8161945,Simplify
ID.me,Software Development Engineer Intern,swe,Software,Summer 2027,"Mountain View, CA",Other,2026-09-04,2026-09-04,2026-09-04,,1,https://job-boards.greenhouse.io/idmeuniversityrecruiting/jobs/7980429003,Simplify
Hunt Oil Company,Reservoir Engineer Intern,data,AI/ML/Data,Summer 2027,"Dallas, TX",Other,2026-09-04,2026-09-04,2026-09-04,,1,https://fa-eqcd-saasfaprod1.fa.ocs.oraclecloud.com/hcmUI/CandidateExperience/en/sites/CX_1/job/1058,Simplify
General Dynamics UK,Systems Engineering Co-op - Multiple Teams,swe,Hardware,Winter 2027,"Ottawa, ON, Canada",Other,2026-09-04,2026-09-04,2026-09-04,,1,https://jobs.smartrecruiters.com/GDMSI/744000147549219,Simplify
General Dynamics UK,Software Engineering Co-op - 4 months - 8 months,swe,Software,Winter 2027,"Cole Harbour, NS, Canada",Other,2026-09-04,2026-09-04,2026-09-04,,1,https://jobs.smartrecruiters.com/GDMSI/744000147583700,Simplify
General Dynamics UK,Systems Engineering Co-op - TacNET 8,swe,Software,Winter 2027,"Ottawa, ON, Canada",Other,2026-09-04,2026-09-04,2026-09-04,,1,https://jobs.smartrecruiters.com/GDMSI/744000147537709,Simplify
Ernst & Young,Artificial Intelligence Intern - Tax - Tax Technology and Transformation,data,AI/ML/Data,Summer 2027,"Dallas, TX, NYC",Other,2026-09-04,2026-09-04,2026-09-04,,1,https://eyglobal.yello.co/jobs/LGUG7W08QqkVXWnuqFB0TA?job_board_id=c1riT--B2O-KySgYWsZO1Q,Simplify
Entergy,Student Intern - Power Delivery Performance & Analytics,data,AI/ML/Data,Summer 2027,"The Woodlands, TX",Other,2026-09-04,2026-09-04,2026-09-04,,1,"https://jobs.entergy.com/job/The-Woodlands-Student,-Intern,-Power-Delivery-Performance-&-Analytics,-Spring-2027-Texa/1426995300/?ats=successfactors",Simplify
Nokia,AI Agent Development Co-op,swe,Software,Summer 2027,"San Jose, CA",Other,2026-09-04,2026-09-04,2026-09-04,,1,https://fa-evmr-saasfaprod1.fa.ocs.oraclecloud.com/hcmUI/CandidateExperience/en/sites/CX_1/job/39978,Simplify
RoviSys,Engineering Co-op - Summer 2027,swe,Software,Summer 2027,"Aurora, OH",Other,2026-09-04,2026-09-04,2026-09-04,,1,https://careers-rovisys.icims.com/jobs/2137/job?mobile=true&needsRedirect=false,Simplify
RoviSys,Engineering Co-op,swe,Software,Summer 2027,"Portage, MI",Other,2026-09-04,2026-09-04,2026-09-04,,1,https://careers-rovisys.icims.com/jobs/2143/job?mobile=true&needsRedirect=false,Simplify
Schonfeld ,2027 PhD Quantitative Research Intern,quant,,,"Miami, Florida, United States",,2026-09-04,2026-09-04,2026-09-04,,1,https://job-boards.greenhouse.io/schonfeld/jobs/8172076,greenhouse:schonfeld
Schonfeld ,2027 Systematic COO Intern,quant,,,"New York, New York, United States",,2026-09-04,2026-09-04,2026-09-04,,1,https://job-boards.greenhouse.io/schonfeld/jobs/8172059,greenhouse:schonfeld
Schonfeld ,2027 Data Science Intern,data,,,"New York, New York, United States",,2026-09-04,2026-09-04,2026-09-04,,1,https://job-boards.greenhouse.io/schonfeld/jobs/8171692,greenhouse:schonfeld
Schonfeld ,2027 Software Engineering Intern,swe,,,"New York, New York, United States",,2026-09-04,2026-09-04,2026-09-04,,1,https://job-boards.greenhouse.io/schonfeld/jobs/8180089,greenhouse:schonfeld
Man Group,Quant Researcher Internship,quant,,,London,,2026-09-04,2026-09-04,2026-09-04,,1,https://job-boards.eu.greenhouse.io/mangroup/jobs/4969142101,greenhouse:mangroup
Perry Homes,Options Analyst Intern,data,AI/ML/Data,Summer 2027,"Houston, TX",Other,2026-09-04,2026-09-04,2026-09-04,,1,https://apply.workable.com/perryhomes/j/D309E69A5B/apply,Simplify
Perry Homes,Estimating Analyst Intern,data,AI/ML/Data,Summer 2027,"Houston, TX",Other,2026-09-04,2026-09-04,2026-09-04,,1,https://apply.workable.com/perryhomes/j/555769E26B/apply,Simplify
Ragle Inc,Data Analytics Intern,data,AI/ML/Data,Summer 2027,"North Richland Hills, TX",Other,2026-09-04,2026-09-04,2026-09-04,,1,https://ragleinc.applytojob.com/apply/H0xLKtFZlq/Data-Analytics-Intern-Summer-2027,Simplify
Westinghouse Electric Company,Application Development Intern,swe,Software,Summer 2027,"Cranberry Township, PA",Other,2026-09-04,2026-09-04,2026-09-04,,1,https://careers.westinghousenuclear.com/job/Cranberry-Township-Summer-Intern-Application-Development-NC/1426859800/?ats=successfactors,Simplify
Westinghouse Electric Company,Enovia PLM Developer Intern - Enovia PLM,swe,Software,Summer 2027,"Cranberry Township, PA",Other,2026-09-04,2026-09-04,2026-09-04,,1,https://careers.westinghousenuclear.com/job/Cranberry-Township-Summer-Intern-Enovia-PLM-NC/1426858600/?ats=successfactors,Simplify
Geotab,Software Developer Intern - Mygeotab,swe,Software,Winter 2027,"Toronto, ON, Canada, Oakville, ON, Canada, Waterloo, ON, Canada",Other,2026-09-04,2026-09-04,2026-09-04,,1,https://job-boards.greenhouse.io/internshiplist2000/jobs/5383412008,Simplify
Hearst,AI Newsroom Developer Fellow - Hearst Journalism Fellowship Program,swe,Software,N/A,SF,Other,2026-09-04,2026-09-09,2026-09-09,,1,https://eevd.fa.us6.oraclecloud.com/hcmUI/CandidateExperience/en/sites/CX_1/job/2027417,Simplify
Tesla,Fleet Management Algorithms Intern - Vehicle Software,swe,Software,Spring 2027,"Palo Alto, CA",Other,2026-09-04,2026-09-04,2026-09-04,,1,https://www.tesla.com/careers/search/job/282483,Simplify
Tesla,Audio & Sensor Software Engineer Intern - Vehicle Engineering,swe,AI/ML/Data,Winter 2027,"Palo Alto, CA",Other,2026-09-04,2026-09-04,2026-09-04,,1,https://www.tesla.com/careers/search/job/282301,Simplify
General Dynamics UK,Software Engineering Co-op - 4 - 8 months,swe,Software,Winter 2027,"Ottawa, ON, Canada",Other,2026-09-04,2026-09-04,2026-09-04,,1,https://jobs.smartrecruiters.com/GDMSI/744000147511629,Simplify
Principal Financial Group,Software Engineer Intern - Summer 2027,swe,Software,Summer 2027,"Charlotte, NC",Other,2026-09-04,2026-09-04,2026-09-04,,1,https://careers.principal.com/jobs/52513?icims=1,Simplify
Ernst & Young,Data and Technology Intern - Multiple Teams,data,AI/ML/Data,Summer 2027,"Miami, FL, Dallas, TX, Chicago, IL, NYC",Other,2026-09-04,2026-09-04,2026-09-04,,1,https://eyglobal.yello.co/jobs/gqy0pJfAkXrlECgDBjqcIw?job_board_id=c1riT--B2O-KySgYWsZO1Q,Simplify
Symphony,Business Intelligence and Solutions,data,AI/ML/Data,N/A,"Belfast, UK",Other,2026-09-04,2026-09-04,2026-09-04,,1,https://symphony.com/company/apply?gh_jid=8130042,Simplify
Primer,Software Engineer Intern - Full Stack,swe,Software,Summer 2027,SF,Other,2026-09-04,2026-09-04,2026-09-04,,1,https://jobs.ashbyhq.com/primer/edd1667b-6323-444a-adc1-40bae5b9a3b0/application?embed=true,Simplify
Skydio,Autonomy Engineer Intern - Computer Vision / Deep Learning - Summer 2027,data,AI/ML/Data,Summer 2027,"San Mateo, CA",Other,2026-09-04,2026-09-04,2026-09-04,,1,https://jobs.ashbyhq.com/skydio/ae4a6f7d-a240-4fa2-8c8e-04cc906e4ef9/application?embed=true,Simplify
Wipfli,Data and Analytics Consulting Intern - Summer 2027,data,AI/ML/Data,Summer 2027,"Milwaukee, WI",Other,2026-09-04,2026-09-04,2026-09-04,,1,https://careers-wipfli.icims.com/jobs/8295/job?mobile=true&needsRedirect=false,Simplify
Johns Hopkins Applied Physics Laboratory,Sensor Systems Intern - Data Analytics,data,AI/ML/Data,Summer 2027,"Laurel, MD",Other,2026-09-04,2026-09-04,2026-09-04,,1,https://careers.jhuapl.edu/jobs/59958?icims=1,Simplify
Zoox,Autonomy Safety Data Engineer,data,AI/ML/Data,N/A,"Foster City, CA",Other,2026-09-04,2026-09-04,2026-09-04,,1,https://jobs.lever.co/zoox/dafe2927-74bf-4bef-8df0-cb0874595819/apply,Simplify
Amazon,Software Development Engineer Intern - Robotics,swe,Software,Summer 2027,"Seattle, WA, Nashville, TN, Austin, TX, North Reading, MA, Arlington County, Arlington, VA, Bellevue, WA, Westborough, MA",Other,2026-09-04,2026-09-04,2026-09-04,,1,https://amazon.jobs/en/jobs/10529525/software-development-engineer-intern-robotics-2027,Simplify
Royal Bank of Canada,Capital Markets Analyst Intern - AidenEdge,swe,Software,Winter 2027,NYC,Other,2026-09-04,2026-09-04,2026-09-04,,1,https://rbc.wd3.myworkdayjobs.com/RBCEARLYTALENT1/job/BROOKFIELD-PLACE-FKA-3-WORLD-FINANCIAL-CENTER-200-VESEY-STREETNEW-YORK/XMLNAME-2027-Capital-Markets--AidenEdge-Program-Winter-Analyst--4-Months-_R-0000186586,Simplify
GE Vernova,AI Digitization Co-op - HDNU Global Operations,swe,Software,Summer 2027,"Schenectady, NY, Atlanta, GA",Other,2026-09-04,2026-09-04,2026-09-04,,1,https://gevernova.wd5.myworkdayjobs.com/vernova_externalsite/job/Atlanta/GE-Vernova-HDNU-Global-Operations---AI-Digitization-Co-op---Spring-Summer-2027_R5049275-2,Simplify
DIRECTV,Product Development Intern - DIRECTV for Business,data,AI/ML/Data,Summer 2027,"Clarksburg, MD",Other,2026-09-04,2026-09-04,2026-09-04,,1,https://directv.wd1.myworkdayjobs.com/careers/job/Clarksburg-MD/DIRECTV-for-Business-Product-Development-Intern_R260276,Simplify
DIRECTV,Customer Operations Intern,swe,Software,Summer 2027,"El Segundo, CA",Other,2026-09-04,2026-09-04,2026-09-04,,1,https://directv.wd1.myworkdayjobs.com/careers/job/El-Segundo-CA/Customer-Operations-Intern_R260273,Simplify
GE Vernova,Project Engineer Intern - Summer 2027,swe,Software,Summer 2027,"Bellevue, WA",Other,2026-09-04,2026-09-04,2026-09-01,,1,https://gevernova.wd5.myworkdayjobs.com/only_confidential_executive_recruiting/job/Bellevue/GE-Vernova---Project-Engineer-Intern---Summer-2027_R5050026-1,Simplify
CACI,Software Engineer Intern,swe,Software,Summer 2027,"Ypsilanti, MI",Other,2026-09-04,2026-09-04,2026-09-01,,1,https://caci.wd1.myworkdayjobs.com/external/job/Ypsilanti-MI-US/Software-Engineer-Intern---Summer-2027_331648,Simplify
DIRECTV,Operational Analytics Intern,data,AI/ML/Data,Summer 2027,Remote in USA,Other,2026-09-04,2026-09-04,2026-09-04,,1,https://directv.wd1.myworkdayjobs.com/careers/job/El-Segundo-CA/DIRECTV-for-Business--Operational-Analytics-Intern_R260282,Simplify
Nationwide,Feature Engineer Intern - Enterprise Analytics Office,data,AI/ML/Data,Summer 2027,"Columbus, OH",Other,2026-09-04,2026-09-04,2026-09-04,,1,https://nationwide.wd1.myworkdayjobs.com/Nationwide_Career/job/Ohio---Columbus-Metro/Summer-2027-Feature-Engineer-Internship_100233,Simplify
Nationwide,Generative AI Intern,data,AI/ML/Data,Summer 2027,"Columbus, OH",Other,2026-09-04,2026-09-04,2026-09-04,,1,https://nationwide.wd1.myworkdayjobs.com/Nationwide_Career/job/Ohio---Columbus-Metro/Summer-2027-Generative-AI-Internship_100231,Simplify
Nationwide,Analytic Consulting Advisor Intern,data,AI/ML/Data,Summer 2027,"Columbus, OH",Other,2026-09-04,2026-09-04,2026-09-04,,1,https://nationwide.wd1.myworkdayjobs.com/Nationwide_Career/job/Ohio---Columbus-Metro/Summer-2027-Analytic-Consulting-Advisor-Internship_100235,Simplify
Saab,Software Engineering Co-op,swe,Software,Summer 2027,"East Syracuse, NY",Other,2026-09-04,2026-09-04,2026-09-04,,1,https://saabusa.wd1.myworkdayjobs.com/saab_careers/job/East-Syracuse-NY-Collamer/Software-Engineering-Co-Op--Spring---Summer-2027-_R-03240-1,Simplify
Barclays,Technology Developer Intern - Technology,swe,Software,Summer 2027,"Hanover, NJ",Other,2026-09-04,2026-09-04,2026-09-04,,1,https://barclays.wd3.myworkdayjobs.com/External_Career_Site_Barclays/job/Building-400-Whippany-Campus-Jefferson-Park/XMLNAME-2027-Technology-Developer-Summer-Internship-Program-Whippany_JR-0000123234,Simplify
Barclays,Technology Developer Intern,swe,Software,Summer 2027,"Wilmington, DE",Other,2026-09-04,2026-09-04,2026-09-04,,1,https://barclays.wd3.myworkdayjobs.com/External_Career_Site_Barclays/job/Wilmington-125-South-West-Street/XMLNAME-2027-Technology-Developer-Summer-Internship-Program-Wilmington_JR-0000123236,Simplify
CIBC,Software Engineer Intern,swe,Software,Summer 2027,"Chicago, IL",Other,2026-09-04,2026-09-04,2026-09-04,,1,https://cibc.wd3.myworkdayjobs.com/search/job/Chicago-IL/XMLNAME-2027-Summer-Intern---Software-Engineering_2618322-1,Simplify
Hy-Vee,Data Integration Intern,data,AI/ML/Data,Summer 2027,"West Des Moines, IA",Other,2026-09-04,2026-09-04,2026-09-04,,1,https://hyvee.wd1.myworkdayjobs.com/HyVeeCareers/job/Corporate-Office-Westown-Pkwy-West-Des-Moines-IA/Data-Integration-Intern---Summer-2027_R250148,Simplify
Hy-Vee,Data Analytics Intern,data,AI/ML/Data,Summer 2027,"West Des Moines, IA",Other,2026-09-04,2026-09-04,2026-09-04,,1,https://hyvee.wd1.myworkdayjobs.com/HyVeeCareers/job/Corporate-Office-Westown-Pkwy-West-Des-Moines-IA/Data-Analytics-Intern---Summer-2027_R250146,Simplify
Hy-Vee,Software Engineer Intern,swe,Software,Summer 2027,"West Des Moines, IA",Other,2026-09-04,2026-09-04,2026-09-04,,1,https://hyvee.wd1.myworkdayjobs.com/HyVeeCareers/job/Corporate-Office-Westown-Pkwy-West-Des-Moines-IA/Digital-Software-Engineering-Intern---Summer-2027_R250133,Simplify
Procter & Gamble,Analytics & Insights Intern/Co-op,data,AI/ML/Data,Summer 2027,"Toronto, ON, Canada",Other,2026-09-04,2026-09-04,2026-09-04,,1,https://pg.wd5.myworkdayjobs.com/1000/job/TORONTO-GO/Analytics---Insights-Internship-Co-op-Summer-2027--Stage-ou-programme-coopratif-en-Analyse-et-veille-stratgique-t-2027_R000158592,Simplify
Applied Materials,Data Analyst Intern - Global Technical Learning Center,data,AI/ML/Data,Summer 2027,"Albany, NY",Other,2026-09-04,2026-09-05,2026-09-05,,1,https://amat.wd1.myworkdayjobs.com/External/job/AlbanyNY/Summer-2027-Global-Technical-Learning-Center-Data-Analyst-Intern--Bachelor-s-Master-s--Albany--NY-_R2627551,Simplify
AXQ Capital,Quantitative Research Intern - Summer 2027,quant,Quant,Summer 2027,NYC,Other,2026-09-03,2026-09-04,2026-09-04,,1,https://job-boards.greenhouse.io/axq/jobs/6181069004,Simplify
Innovative Systems,Software Engineer Intern/Co-op,swe,Software,Summer 2027,"Pittsburgh, PA",Other,2026-09-03,2026-09-04,2026-09-04,,1,http://innovativesystems.applytojob.com/apply/nPMqeNSQOo/InternCoop-Summer-2027-Software-Engineering,Simplify
Innovative Systems,Software Engineering Intern/Co-op,swe,Software,Spring 2027,"Pittsburgh, PA",Other,2026-09-03,2026-09-04,2026-09-04,,1,http://innovativesystems.applytojob.com/apply/wJuSCjOOqx/InternCoopSpring-2027-Software-Engineering,Simplify
The Exploration Company,Software Intern - Software,swe,Software,Spring 2027,LA,Other,2026-09-03,2026-09-04,2026-09-04,,1,https://jobs.ashbyhq.com/the-exploration-company/e23f19f1-b5fa-408a-822c-c6c37631a2fe/application?embed=true,Simplify
The Exploration Company,Engineering Intern - Software,swe,Software,Summer 2027,LA,Other,2026-09-03,2026-09-04,2026-09-04,,1,https://jobs.ashbyhq.com/the-exploration-company/86270058-8eec-4692-b49d-97ce59fd54ac/application?embed=true,Simplify
AstraZeneca,Biometrics AI Science Specialist - AI Science Specialist,data,AI/ML/Data,N/A,"Macclesfield, UK",Other,2026-09-03,2026-09-04,2026-09-04,,1,https://astrazeneca.wd3.myworkdayjobs.com/en-US/Careers/job/UK---Macclesfield/XMLNAME-12-Month-University-Industrial-Placement-Student--Biometrics---AI-Science-Specialist_R-259210,Simplify
AstraZeneca,Digital & Data Improvement Specialist Intern - University Industrial Placement Student,data,AI/ML/Data,N/A,"Macclesfield, UK",Other,2026-09-03,2026-09-04,2026-09-04,,1,https://astrazeneca.wd3.myworkdayjobs.com/en-US/Careers/job/UK---Macclesfield/XMLNAME-12-Month-University-Industrial-Placement-Student--Digital---Data-Improvement-Specialist_R-259280,Simplify
Corning,Data Analytics Intern - Summer 2027,data,AI/ML/Data,Summer 2027,"Painted Post, NY",Other,2026-09-03,2026-09-04,2026-09-04,,1,https://corningjobs.corning.com/job/Painted-Post-Data-Analytics-Intern-Summer-2027-NY-14870/1426622100/?ats=successfactors,Simplify
Symphony,Software Developer Placement,swe,Software,N/A,"Belfast, UK",Other,2026-09-03,2026-09-04,2026-09-04,,1,https://symphony.com/company/apply?gh_jid=8121112,Simplify
Tesla,Software Engineer Intern - Torque Path & Chassis Controls - Vehicle Software,swe,Hardware,Winter 2027,"Palo Alto, CA",Other,2026-09-03,2026-09-04,2026-09-04,,1,https://www.tesla.com/careers/search/job/282255,Simplify
Tesla,Embedded Systems Software Engineer Intern - AI Platforms,swe,Hardware,Winter 2027,"Palo Alto, CA",Other,2026-09-03,2026-09-04,2026-09-04,,1,https://www.tesla.com/careers/search/job/282331,Simplify
Tesla,Embedded Software Engineer Intern - Optimus,swe,Hardware,Summer 2027,"Palo Alto, CA",Other,2026-09-03,2026-09-04,2026-09-04,,1,https://www.tesla.com/careers/search/job/282340,Simplify
Tesla,Software Integration Engineer Intern - Optimus,swe,Hardware,Winter 2027,"Palo Alto, CA",Other,2026-09-03,2026-09-04,2026-09-04,,1,https://www.tesla.com/careers/search/job/282342,Simplify
AltaML,Associate Software Developer - Multiple Teams,swe,Software,N/A,"Calgary, AB, Canada",Other,2026-09-03,2026-09-04,2026-09-04,,1,https://jobs.lever.co/altaml/abed5ba5-8cbe-46b1-beae-25fe30bc4c91/apply,Simplify
General Dynamics UK,Software Engineering Co-op - Months,swe,Hardware,Winter 2027,"Calgary, AB, Canada",Other,2026-09-03,2026-09-05,2026-09-05,,1,https://jobs.smartrecruiters.com/GDMSI/744000147563929,Simplify
Skyward,Software Engineer Intern,swe,Software,Summer 2027,"Stevens Point, WI",Other,2026-09-03,2026-09-04,2026-09-04,,1,https://jobs.smartrecruiters.com/Skyward1/744000147320799,Simplify
Hexagon AB,Positioning Services Intern,swe,Software,Summer 2027,"Calgary, AB, Canada",Other,2026-09-03,2026-09-04,2026-09-04,,1,https://careers-hexagonpositioning.icims.com/jobs/3085/job?mobile=true&needsRedirect=false,Simplify
Hormel Foods,Enterprise Analytics Intern - Campus Recruiting,data,AI/ML/Data,Summer 2027,"Austin, MN, Eden Prairie, MN",Other,2026-09-03,2026-09-04,2026-09-04,,1,https://ekkh.fa.us2.oraclecloud.com/hcmUI/CandidateExperience/en/sites/CX_2002/job/35350,Simplify
Waymo,Software Engineering Intern - Behavior Test - MS,swe,Software,Summer 2027,SF,Other,2026-09-03,2026-09-04,2026-09-04,,1,https://careers.withwaymo.com/jobs?gh_jid=8174504,Simplify
Waymo,Intern,swe,Software,Summer 2027,"Mountain View, CA",Other,2026-09-03,2026-09-04,2026-09-04,,1,https://careers.withwaymo.com/jobs?gh_jid=8174099,Simplify
Entergy,Artificial Intelligence Intern,data,AI/ML/Data,Spring 2027,"New Orleans, LA",Other,2026-09-03,2026-09-04,2026-09-04,,1,https://jobs.entergy.com/job/New-Orleans-Student-Intern-AI-Spring-2027-Loui/1426669200/?ats=successfactors,Simplify
Waymo,"2027 Summer Intern, MS, Software Engineering, Behavior Test",swe,,,"San Francisco, California, USA",,2026-09-03,2026-09-03,2026-09-03,,1,https://careers.withwaymo.com/jobs?gh_jid=8174504,greenhouse:waymo
Hermeus,GNC & Flight Software Intern - Spring/Summer 2027,swe,,,"Atlanta, GA",,2026-09-03,2026-09-03,2026-09-03,,1,https://jobs.lever.co/hermeus/555263f6-c5ec-4489-ab07-1aea546b70e7,lever:hermeus
SpaceX,International Infrastructure Operations Specialist (Starlink),swe,,,"Redmond, WA",,2026-09-03,2026-09-03,2026-09-02,,1,https://boards.greenhouse.io/spacex/jobs/8766913002?gh_jid=8766913002,greenhouse:spacex
Hermeus,Mission Systems Engineering Intern - Spring/Summer 2027,swe,,,"Atlanta, GA",,2026-09-03,2026-09-03,2026-09-08,,1,https://jobs.lever.co/hermeus/9229aa88-f54d-4ecd-85ee-b31f53b4207d,lever:hermeus
Transcard Payments,Artificial Intelligence Intern,data,AI/ML/Data,Summer 2027,"Chattanooga, TN",Other,2026-09-03,2026-09-03,2026-09-03,,1,https://recruiting.paylocity.com/Recruiting/Jobs/Details/4476416,Simplify
Transcard Payments,Software Engineer Intern,swe,Software,Summer 2027,"Chattanooga, TN",Other,2026-09-03,2026-09-03,2026-09-03,,1,https://recruiting.paylocity.com/Recruiting/Jobs/Details/4476288,Simplify
Waymo,"2027 Summer Intern, BS, SysEng Software Engineer",swe,,,"Mountain View, California, USA ",,2026-09-03,2026-09-03,2026-09-03,,1,https://careers.withwaymo.com/jobs?gh_jid=8174099,greenhouse:waymo
Hadrian,Software Engineer Intern,swe,Software,Summer 2027,"LA, Torrance, CA",Other,2026-09-03,2026-09-03,2026-09-03,,1,https://jobs.ashbyhq.com/hadrian-automation/2b0423c6-947d-4226-8d23-90743bd5e63e/application?embed=true,Simplify
Hadrian,Data Science/Data Engineer Intern,data,AI/ML/Data,Summer 2027,"LA, Torrance, CA",Other,2026-09-03,2026-09-03,2026-09-03,,1,https://jobs.ashbyhq.com/hadrian-automation/f718bcfe-3f5b-4682-a294-697499caf813/application?embed=true,Simplify
North American Construction Group,Full Stack Developer Co-op - Acheson,swe,Software,Winter 2027,"Acheson, AB, Canada",Other,2026-09-03,2026-09-03,2026-09-03,,1,https://careers-nacg.icims.com/jobs/17153/job?mobile=true&needsRedirect=false,Simplify
Garda Capital Partners,Trading Analyst Intern - Credit,quant,Quant,Summer 2027,NYC,Other,2026-09-03,2026-09-03,2026-09-03,,1,https://job-boards.greenhouse.io/gardacp/jobs/6163540004,Simplify
Garda Capital Partners,Trading Analyst Intern - Mortgages,quant,Quant,Summer 2027,NYC,Other,2026-09-03,2026-09-03,2026-09-03,,1,https://job-boards.greenhouse.io/gardacp/jobs/6179468004,Simplify
Garda Capital Partners,Trading Analyst Intern - Rates,quant,Quant,Summer 2027,NYC,Other,2026-09-03,2026-09-03,2026-09-03,,1,https://job-boards.greenhouse.io/gardacp/jobs/4934006004,Simplify
National Information Solutions Cooperative,Software Development Intern,swe,Software,Summer 2027,"Lake St Louis, MO",Other,2026-09-03,2026-09-03,2026-09-03,,1,https://job-boards.greenhouse.io/testnisc/jobs/8174090,Simplify
National Information Solutions Cooperative,Data Engineer Intern,data,AI/ML/Data,Summer 2027,"Lake St Louis, MO",Other,2026-09-03,2026-09-03,2026-09-03,,1,https://job-boards.greenhouse.io/testnisc/jobs/8167884,Simplify
General Matter,Embedded Software Engineer Intern,swe,Hardware,Summer 2027,LA,Other,2026-09-03,2026-09-03,2026-09-03,,1,https://job-boards.greenhouse.io/generalmatter/jobs/5377131008,Simplify
Tesla,Embedded Engineer Intern - Infotainment Platforms,swe,Hardware,Spring 2027,"Palo Alto, CA",Other,2026-09-03,2026-09-03,2026-09-03,,1,https://www.tesla.com/careers/search/job/281100,Simplify
Tesla,Embedded Software Engineer Intern - High Voltage Systems,swe,Hardware,Winter 2027,"Palo Alto, CA",Other,2026-09-03,2026-09-03,2026-09-03,,1,https://www.tesla.com/careers/search/job/282227,Simplify
Tesla,Software Integration Engineer Intern - Battery Management Systems,swe,Hardware,Winter 2027,"Palo Alto, CA",Other,2026-09-03,2026-09-03,2026-09-03,,1,https://www.tesla.com/careers/search/job/282241,Simplify
Tesla,Software Engineer Intern - Vehicle UI Development,swe,Hardware,Winter 2027,"Palo Alto, CA",Other,2026-09-03,2026-09-03,2026-09-03,,1,https://www.tesla.com/careers/search/job/282242,Simplify
Tesla,Embedded Software Engineer Intern - Steering - Chassis Systems,swe,Hardware,Winter 2027,"Palo Alto, CA",Other,2026-09-03,2026-09-03,2026-09-03,,1,https://www.tesla.com/careers/search/job/282248,Simplify
Marshall Wace,Quantitative Research Intern,quant,Quant,Summer 2027,"London, UK",Other,2026-09-03,2026-09-03,2026-09-03,,1,https://job-boards.greenhouse.io/mwinternshipprogram/jobs/8772688002,Simplify
Tesla,Software Engineer Intern - AI Tooling,swe,Software,Winter 2027,"Palo Alto, CA",Other,2026-09-03,2026-09-03,2026-09-03,,1,https://www.tesla.com/careers/search/job/282291,Simplify
Kinder Morgan,Intern - IT,swe,Software,Summer 2027,"Colorado Springs, CO",Other,2026-09-03,2026-09-03,2026-09-03,,1,https://careers.kindermorgan.com/jobs/6171?icims=1,Simplify
Tesla,Software Engineer Intern - Finance Programs,swe,Software,Spring 2027,"Palo Alto, CA",Other,2026-09-03,2026-09-03,2026-09-03,,1,https://www.tesla.com/careers/search/job/282303,Simplify
Mirego,Software Development Intern - Generative Artificial Intelligence Team,swe,Software,N/A,"Québec City, QC, Canada",Other,2026-09-03,2026-09-03,2026-09-03,,1,https://jobs.lever.co/mirego/0c8b2116-e325-4a26-b87e-a80b4b37dda7/apply,Simplify
Mirego,Software Developer Intern,swe,Software,N/A,"Québec City, QC, Canada",Other,2026-09-03,2026-09-03,2026-09-03,,1,https://jobs.lever.co/mirego/b5d63a2b-c4b6-4a14-9e2a-bb8a23ed92b1/apply,Simplify
Deutsche Bank,Quantitative Trading Intern - Fixed Income & Currencies,quant,Quant,Summer 2027,NYC,Other,2026-09-03,2026-09-03,2026-09-03,,1,https://db.recsolu.com/external/requisitions/gtKeu9-kQinTxakrqIWSRg,Simplify
Deutsche Bank,Quant Intern - Strategic Analytics,quant,Quant,Summer 2027,NYC,Other,2026-09-03,2026-09-03,2026-09-03,,1,https://db.recsolu.com/external/requisitions/o6Cp44Ol7NVnH0MbcO81eA,Simplify
Hermeus,Software Engineer Intern - Command & Control,swe,Software,Summer 2027,"Atlanta, GA",Other,2026-09-03,2026-09-03,2026-09-03,,1,https://jobs.lever.co/hermeus/5b08e2df-c9db-4831-aece-67d89e744796/apply,Simplify
TikTok,AI Governance Strategy Product Manager Intern - Platform Trust and Ecosystem,swe,Product,Summer 2027,"San Jose, CA",Other,2026-09-03,2026-09-03,2026-09-03,,1,https://lifeattiktok.com/search/7677493272788683013,Simplify
Geotab,Software Developer Intern,swe,Software,Winter 2027,"Oakville, ON, Canada, Waterloo, ON, Canada",Other,2026-09-03,2026-09-03,2026-09-03,,1,https://job-boards.greenhouse.io/internshiplist2000/jobs/5361630008,Simplify
General Dynamics UK,Software Engineer Co-op - 8 Months,swe,Software,Winter 2027,"Ottawa, ON, Canada",Other,2026-09-03,2026-09-03,2026-09-03,,1,https://jobs.smartrecruiters.com/GDMSI/744000147019949,Simplify
Hermeus,Software Engineering Intern (Command & Control) - Spring/Summer 2027,swe,,,"Atlanta, GA",,2026-09-03,2026-09-03,2026-09-03,,1,https://jobs.lever.co/hermeus/5b08e2df-c9db-4831-aece-67d89e744796,lever:hermeus
Shure,Artificial Intelligence Engineer Intern,data,AI/ML/Data,Summer 2027,"Niles, IL",Other,2026-09-03,2026-09-03,2026-09-03,,1,https://careersus-shure.icims.com/jobs/4966/job?mobile=true&needsRedirect=false,Simplify
Shure,Quality Data Engineering Intern,data,AI/ML/Data,Summer 2027,"Niles, IL",Other,2026-09-03,2026-09-03,2026-09-03,,1,https://careersus-shure.icims.com/jobs/4995/job?mobile=true&needsRedirect=false,Simplify
Shure,Web Analytics Intern,data,AI/ML/Data,Summer 2027,"Niles, IL",Other,2026-09-03,2026-09-03,2026-09-03,,1,https://careersus-shure.icims.com/jobs/5027/job?mobile=true&needsRedirect=false,Simplify
Shure,Artificial Intelligence Specialist Intern - Operations,data,AI/ML/Data,Summer 2027,"Niles, IL",Other,2026-09-03,2026-09-03,2026-09-03,,1,https://careersus-shure.icims.com/jobs/5029/job?mobile=true&needsRedirect=false,Simplify
Shure,Mobile Applications Intern - iOS,swe,Software,Summer 2027,"Niles, IL",Other,2026-09-03,2026-09-03,2026-09-03,,1,https://careersus-shure.icims.com/jobs/5007/job?mobile=true&needsRedirect=false,Simplify
Shure,Unified Communications Technology Intern,swe,Software,Summer 2027,"Skokie, IL",Other,2026-09-03,2026-09-03,2026-09-03,,1,https://careersus-shure.icims.com/jobs/5002/job?mobile=true&needsRedirect=false,Simplify
Shure,Applied Research Science Intern,data,AI/ML/Data,Summer 2027,"Niles, IL",Other,2026-09-03,2026-09-03,2026-09-03,,1,https://careersus-shure.icims.com/jobs/4967/job?mobile=true&needsRedirect=false,Simplify
Shure,Data Engineer Intern,data,AI/ML/Data,Summer 2027,"Niles, IL",Other,2026-09-03,2026-09-03,2026-09-03,,1,https://careersus-shure.icims.com/jobs/4982/job?mobile=true&needsRedirect=false,Simplify
Shure,Cloud Applications Development Intern,swe,Software,Summer 2027,"Niles, IL",Other,2026-09-03,2026-09-03,2026-09-03,,1,https://careersus-shure.icims.com/jobs/4965/job?mobile=true&needsRedirect=false,Simplify
Shure,Audio Applied Research Science Intern,data,AI/ML/Data,Summer 2027,"Niles, IL",Other,2026-09-03,2026-09-03,2026-09-03,,1,https://careersus-shure.icims.com/jobs/4968/job?mobile=true&needsRedirect=false,Simplify
Shure,Automated Test Software Engineering Intern,swe,Software,Summer 2027,"Niles, IL",Other,2026-09-03,2026-09-03,2026-09-03,,1,https://careersus-shure.icims.com/jobs/4964/job?mobile=true&needsRedirect=false,Simplify
Shure,Application Systems Development Intern - Motive Mix,swe,Software,Summer 2027,"Niles, IL",Other,2026-09-03,2026-09-03,2026-09-03,,1,https://careersus-shure.icims.com/jobs/5021/job?mobile=true&needsRedirect=false,Simplify
Shure,Data-Driven Sustainability Intern,data,AI/ML/Data,Summer 2027,"Niles, IL",Other,2026-09-03,2026-09-03,2026-09-03,,1,https://careersus-shure.icims.com/jobs/4979/job?mobile=true&needsRedirect=false,Simplify
Shure,Cloud Software Engineer Intern,swe,Software,Summer 2027,"Niles, IL",Other,2026-09-03,2026-09-03,2026-09-03,,1,https://careersus-shure.icims.com/jobs/4976/job?mobile=true&needsRedirect=false,Simplify
Shure,Software Engineer Intern,swe,Software,Summer 2027,"Niles, IL",Other,2026-09-03,2026-09-03,2026-09-03,,1,https://careersus-shure.icims.com/jobs/4996/job?mobile=true&needsRedirect=false,Simplify
Shure,Embedded Software Intern,swe,Hardware,Summer 2027,"Niles, IL",Other,2026-09-03,2026-09-03,2026-09-03,,1,https://careersus-shure.icims.com/jobs/5018/job?mobile=true&needsRedirect=false,Simplify
Shure,Mobile Applications Intern - Android,swe,Software,Summer 2027,"Niles, IL",Other,2026-09-03,2026-09-03,2026-09-03,,1,https://careersus-shure.icims.com/jobs/5006/job?mobile=true&needsRedirect=false,Simplify
Shure,Application Software Development Intern,swe,Software,Summer 2027,"Niles, IL",Other,2026-09-03,2026-09-03,2026-09-03,,1,https://careersus-shure.icims.com/jobs/5020/job?mobile=true&needsRedirect=false,Simplify
Momentive,Data Science Intern - Enterprise Reporting & Analytics,data,AI/ML/Data,Summer 2027,"Niskayuna, NY",Other,2026-09-03,2026-09-03,2026-09-03,,1,https://momentive.wd1.myworkdayjobs.com/MC/job/US-NY-Niskayuna/Summer-2027-Intern---Enterprise-Reporting---Analytics---Data-Science_R9807-1,Simplify
Momentive,Software Development Intern,swe,Software,Summer 2027,"Niskayuna, NY",Other,2026-09-03,2026-09-03,2026-09-03,,1,https://momentive.wd1.myworkdayjobs.com/MC/job/US-NY-Niskayuna/Summer-2027-Intern---Software-Development_R9756,Simplify
Land O'Lakes,Business Insights & Analytics Intern - Animal Nutrition,data,AI/ML/Data,Summer 2027,"Arden Hills, MN",Other,2026-09-03,2026-09-04,2026-09-04,,1,https://landolakes.wd1.myworkdayjobs.com/landolakes/job/Arden-Hills-MN-USA/Business-Insights---Analytics-Intern---Animal-Nutrition_R-40421,Simplify
RTX,Advanced Analytics Products & Change Management Intern - Advanced Analytics AI Evolution Project,data,AI/ML/Data,Winter 2027,"Longueuil, QC, Canada",Other,2026-09-03,2026-09-04,2026-09-04,,1,https://globalhr.wd5.myworkdayjobs.com/rec_rtx_ext_gateway/job/CA-QC-LONGUEUIL-J01--1000-Blvd-Marie-Victorin--J01-BLDG/Stage---Hiver-2027---Analyste-systmes-d-affaires-et-transformation---Internship---Winter-2027---Analyst-Business-Systems-and-Transformation_01869327,Simplify
RTX,Data Analyst Intern - Spare Parts Services,data,AI/ML/Data,Winter 2027,"Longueuil, QC, Canada",Other,2026-09-03,2026-09-04,2026-09-04,,1,https://globalhr.wd5.myworkdayjobs.com/rec_rtx_ext_gateway/job/CA-QC-LONGUEUIL-J01--1000-Blvd-Marie-Victorin--J01-BLDG/Stage---Hiver-2027---Analyste-de-donnes--Services-de-pices-de-rechange---Internship---Winter-2027---Data-Analyst--Spare-Parts-Services_01872182,Simplify
RTX,Performance Indicator Development and Process and Project Management Internship,data,AI/ML/Data,Winter 2027,"Longueuil, QC, Canada",Other,2026-09-03,2026-09-04,2026-09-04,,1,https://globalhr.wd5.myworkdayjobs.com/rec_rtx_ext_gateway/job/CA-QC-LONGUEUIL-J01--1000-Blvd-Marie-Victorin--J01-BLDG/Stage---Hiver-2027---Dveloppement-d-indicateurs-de-performance-et-gestion-des-processus-et-projets---Internship---Winter-2027--Development-of-Performance-Indicators-and-Process-and-Project-Management_01867284,Simplify
Motorola,Android Platform Software Engineer Intern - Summer 2027,swe,Software,Summer 2027,"Schaumburg, IL, Plantation, FL",Other,2026-09-03,2026-09-04,2026-09-04,,1,https://motorolasolutions.wd5.myworkdayjobs.com/Careers/job/Plantation-FL/Android-Platform-Software-Engineering-Intern---Summer-2027_R68363,Simplify
Saab,Software Engineer Co-op,swe,Software,Summer 2027,"East Syracuse, NY",Other,2026-09-03,2026-09-04,2026-09-04,,1,https://saabusa.wd1.myworkdayjobs.com/saab_careers/job/East-Syracuse-NY-Collamer/Software-Engineering-Co-Op--Summer-2027-_R-03237-1,Simplify
Adobe,Software Engineer Intern,swe,Software,Summer 2027,"Seattle, WA, SF, Austin, TX, San Jose, CA, Waltham, MA, NYC, Lehi, UT",Other,2026-09-03,2026-09-04,2026-09-04,,1,https://adobe.wd5.myworkdayjobs.com/external_experienced/job/San-Jose/XMLNAME-2027-Intern---Software-Engineer_R171666,Simplify
Caterpillar,Corporate Intern - Autonomy & Intelligent Systems Engineering,swe,AI/ML/Data,Summer 2027,"Peoria, IL, SF, Pittsburgh, PA, Mossville, IL, Irving, TX",Other,2026-09-03,2026-09-04,2026-09-04,,1,https://cat.wd5.myworkdayjobs.com/CaterpillarCareers/job/Mossville-Illinois/XMLNAME-2027-Summer-Corporate-Intern---Autonomy---Intelligent-Systems-Engineering_R0000392394,Simplify
GE Vernova,Software Engineer Co-op - Critical Infrastructure Communication,swe,Software,Summer 2027,"Rochester, NY",Other,2026-09-03,2026-09-04,2026-09-04,,1,https://gevernova.wd5.myworkdayjobs.com/only_confidential_executive_recruiting/job/Rochester/GE-Vernova-Software-Engineering---Co-op---Spring-Summer-2027_R5051780-1,Simplify
GE Vernova,CIC Systems Engineer Co-op,swe,Software,Summer 2027,"Rochester, NY",Other,2026-09-03,2026-09-04,2026-09-04,,1,https://gevernova.wd5.myworkdayjobs.com/only_confidential_executive_recruiting/job/Rochester/GE-Vernova-CIC-Systems-Engineer-Co-op---Spring---Summer-2027_R5051807-1,Simplify
GE Vernova,Software Engineering Co-op - Critical Infrastructure Communication Engineering,swe,Software,Summer 2027,"Rochester, NY",Other,2026-09-03,2026-09-04,2026-09-04,,1,https://gevernova.wd5.myworkdayjobs.com/only_confidential_executive_recruiting/job/Rochester/GE-Vernova-Software-Engineering---Co-op--Summer---Fall_R5051794-1,Simplify
Sierra Nevada Corporation,Software Engineer Intern,swe,Software,Summer 2027,"Folsom, CA",Other,2026-09-03,2026-09-04,2026-09-04,,1,https://snc.wd1.myworkdayjobs.com/snc_external_career_site/job/Folsom-CA/Software-Engineering-Intern--Summer-2027-_R0030761-1,Simplify
Sierra Nevada Corporation,Software Engineer Intern - Summer 2027,swe,Software,Summer 2027,"Lone Tree, CO",Other,2026-09-03,2026-09-04,2026-09-04,,1,https://snc.wd1.myworkdayjobs.com/snc_external_career_site/job/Lone-Tree-CO/Software-Engineering-Intern--Summer-2027-_R0030757,Simplify
DriveTime,Software Engineer Intern - Summer 2027,swe,Software,Summer 2027,"Tempe, AZ",Other,2026-09-03,2026-09-04,2026-09-04,,1,https://drivetime.wd1.myworkdayjobs.com/DriveTime/job/1720-W-Rio-Salado-Pkwy-Tempe-AZ-85281/Software-Engineer-Intern--Summer-2027-_R16294,Simplify
DriveTime,Analytics Intern - Summer 2027,data,AI/ML/Data,Summer 2027,"Dallas, TX, Tempe, AZ",Other,2026-09-03,2026-09-04,2026-09-04,,1,https://drivetime.wd1.myworkdayjobs.com/DriveTime/job/1720-W-Rio-Salado-Pkwy-Tempe-AZ-85281/Analytics-Intern--Summer-2027-_R16295,Simplify
DriveTime,Data Science Intern - Summer 2027,data,AI/ML/Data,Summer 2027,"Dallas, TX, Tempe, AZ",Other,2026-09-03,2026-09-04,2026-09-04,,1,https://drivetime.wd1.myworkdayjobs.com/DriveTime/job/1720-W-Rio-Salado-Pkwy-Tempe-AZ-85281/Data-Science-Intern--Summer-2027-_R16301,Simplify
DriveTime,Database Engineer Intern,data,AI/ML/Data,Summer 2027,"Tempe, AZ",Other,2026-09-03,2026-09-04,2026-09-04,,1,https://drivetime.wd1.myworkdayjobs.com/DriveTime/job/1720-W-Rio-Salado-Pkwy-Tempe-AZ-85281/Data-Engineer-Intern--Summer-2027-_R16300,Simplify
Elastic,"Senior Software Developer - Query Engine, Database Internals - Elasticsearch",swe,,,Canada,,2026-09-02,2026-09-02,2026-09-02,,1,https://jobs.elastic.co/jobs?gh_jid=8174948&gh_jid=8174948,greenhouse:elastic
Universal Health Services,Software Engineer Intern - Data Analytics,swe,Software,Summer 2027,"King of Prussia, PA",Other,2026-09-02,2026-09-02,2026-09-02,,1,https://jobs.uhsinc.com/jobs/367247?icims=1,Simplify
General Dynamics UK,Software Developer Co-op - 16-Months,swe,Software,Winter 2027,"Calgary, AB, Canada",Other,2026-09-02,2026-09-02,2026-09-02,,1,https://jobs.smartrecruiters.com/GDMSI/744000146985399,Simplify
TikTok,Ecosystem Analyst Intern - TikTok LIVE,data,AI/ML/Data,Summer 2027,LA,Other,2026-09-02,2026-09-02,2026-09-02,,1,https://lifeattiktok.com/search/7678985103851407669,Simplify
ByteDance,Research Intern - AI-Native Databases,swe,Software,Summer 2027,"San Jose, CA",Other,2026-09-02,2026-09-02,2026-09-02,,1,https://jobs.bytedance.com/en/position/7678450462765254965/detail,Simplify
Workato,"Intern, Data Engineering",data,,,Singapore,,2026-09-02,2026-09-02,2026-09-03,,1,https://www.workato.com/careers?gh_jid=8731177002#open-roles,greenhouse:workato
Johns Hopkins Applied Physics Laboratory,Mission Systems Engineering Intern,swe,Software,Summer 2027,"Laurel, MD",Other,2026-09-02,2026-09-02,2026-09-02,,1,https://careers.jhuapl.edu/jobs/59883?icims=1,Simplify
Tesla,Physics Engine Development Engineer Intern - Optimus,swe,Software,Summer 2027,"Palo Alto, CA",Other,2026-09-02,2026-09-02,2026-09-02,,1,https://www.tesla.com/careers/search/job/282147,Simplify
Remarcable,Full Stack Developer Co-op,swe,Software,Winter 2027,"Vancouver, BC, Canada",Other,2026-09-02,2026-09-02,2026-09-02,,1,https://jobs.ashbyhq.com/remarcable-inc/a4f3aaaa-9469-42e8-a610-450d25eb5da7/application?embed=true,Simplify
Textron,Data Product & Analytics Intern,data,AI/ML/Data,Summer 2027,"Augusta, GA",Other,2026-09-02,2026-09-02,2026-09-02,,1,https://textron.taleo.net/careersection/textron/jobdetail.ftl?job=343181,Simplify
Textron,Aftermarket Analyst Intern,data,AI/ML/Data,Summer 2027,"Cartersville, GA",Other,2026-09-02,2026-09-02,2026-09-02,,1,https://textron.taleo.net/careersection/textron/jobdetail.ftl?job=343153,Simplify
Corning,Digital & IT Intern - Analyst - Data & AI Platform Engineering,swe,AI/ML/Data,Summer 2027,"Charlotte, NC",Other,2026-09-02,2026-09-04,2026-09-04,,1,"https://corningjobs.corning.com/job/Charlotte-Digital-&-IT-Intern,-Analyst,-Data-&-AI-Platform-Engineering-Summer-2027-NC-28216/1425716600/?ats=successfactors",Simplify
Corning,Digital & IT Intern - Analyst - Enterprise Data Management,data,AI/ML/Data,Summer 2027,"Charlotte, NC",Other,2026-09-02,2026-09-02,2026-09-02,,1,"https://corningjobs.corning.com/job/Charlotte-Digital-&-IT-Intern,-Analyst,-Enterprise-Data-Management-Summer-2027-NC-28216/1425715900/?ats=successfactors",Simplify
Tesla,Robotaxi Simulation Engineer Intern - Systems Modeling & Optimization,swe,Software,Winter 2027,"Palo Alto, CA",Other,2026-09-02,2026-09-02,2026-09-02,,1,https://www.tesla.com/careers/search/job/281936,Simplify
Tesla,Machine Learning Engineer Intern - Charging Data Modeling,data,AI/ML/Data,Winter 2027,"Palo Alto, CA",Other,2026-09-02,2026-09-02,2026-09-02,,1,https://www.tesla.com/careers/search/job/281940,Simplify
Tesla,Vehicle Software Engineer Intern - Diagnostic User Interface,swe,Software,Winter 2027,"Palo Alto, CA",Other,2026-09-02,2026-09-02,2026-09-02,,1,https://www.tesla.com/careers/search/job/281921,Simplify
Cigna Group,Artificial Intelligence Innovation Development Intern,data,AI/ML/Data,Summer 2027,"Raleigh, NC",Other,2026-09-02,2026-09-03,2026-09-03,,1,https://cigna.wd5.myworkdayjobs.com/cignacareers/job/NC-Raleigh-701-Corporate-Center-Dr-STE-200/Ai-Innovation-Development-Program--AIIDP--Summer-internship_26010712,Simplify
Cigna Group,Analytics Leadership Development Intern - ALDP,data,AI/ML/Data,Summer 2027,"Bloomfield, CT",Other,2026-09-02,2026-09-03,2026-09-03,,1,https://cigna.wd5.myworkdayjobs.com/cignacareers/job/CT-Bloomfield-900-Cottage-Grove-Rd-Wilde-Bldg/Analytics-Leadership-Development-Program--ALDP--Summer-Internship_26010711,Simplify
McKesson,Software Engineer Intern,swe,Software,Summer 2027,"Irving, TX, Atlanta, GA",Other,2026-09-02,2026-09-03,2026-09-03,,1,https://mckesson.wd3.myworkdayjobs.com/External_Careers/job/USA-GA-Atlanta/Software-Engineer-Intern---Summer-2027_JR0153235,Simplify
McKesson,Software Development Intern - Summer 2027,swe,Software,Summer 2027,"Irving, TX",Other,2026-09-02,2026-09-03,2026-09-03,,1,https://mckesson.wd3.myworkdayjobs.com/External_Careers/job/USA-TX-Irving/Software-Development-Intern---Summer-2027_JR0152635,Simplify
McKesson,Data Analyst Intern,data,AI/ML/Data,Summer 2027,"Columbus, OH",Other,2026-09-02,2026-09-03,2026-09-03,,1,https://mckesson.wd3.myworkdayjobs.com/External_Careers/job/USA-OH-Columbus/Data-Analyst-Intern---Summer-2027_JR0150844,Simplify
Xcel Energy,Gas & Electric Design Analytics and Process Improvement Intern - MN,data,AI/ML/Data,Summer 2027,"Minneapolis, MN",Other,2026-09-02,2026-09-03,2026-09-03,,1,https://xcelenergy.wd1.myworkdayjobs.com/External/job/Minneapolis-MN-55418/Gas---Electric-Design-Analytics-and-Process-Improvement-Intern---MN_JR115641,Simplify
Xcel Energy,Geospatial Data Validation Intern,data,AI/ML/Data,Summer 2027,"Minneapolis, MN, Denver, CO",Other,2026-09-02,2026-09-03,2026-09-03,,1,https://xcelenergy.wd1.myworkdayjobs.com/External/job/Minneapolis-MN-55418/Geospatial-Tech---Data---Vendor-Mgmt-Intern---MN--CO_JR115634-2,Simplify
Royal Bank of Canada,Quantitative Analyst Summer Associate - Quantitative Technology Services,quant,Quant,Summer 2027,NYC,Other,2026-09-02,2026-09-03,2026-09-03,,1,https://rbc.wd3.myworkdayjobs.com/RBCEARLYTALENT1/job/New-York-New-York-United-States-of-America/XMLNAME-2027-Capital-Markets--Quants-Summer-Associate--Quantitative-Technology-Services_R-0000186729-1,Simplify
Intel,Software Engineer Intern,swe,Software,Summer 2027,"Austin, TX, Santa Clara, CA, Hillsboro, OR, Folsom, CA, Phoenix, AZ",Other,2026-09-02,2026-09-03,2026-09-03,,1,https://intel.wd1.myworkdayjobs.com/en-us/external/job/US-Oregon-Hillsboro/Software-Engineering---Intern--Graduate_JR0286836,Simplify
First National Bank,Enterprise Data Governance Intern - Data Quality and Governance,data,AI/ML/Data,Summer 2027,"Pittsburgh, PA",Other,2026-09-02,2026-09-03,2026-09-03,,1,https://fnbcorp.wd501.myworkdayjobs.com/FNBCORP/job/Pittsburgh-PA/Summer-2027-Enterprise-Data-Governance-Intern_2026-01835-1,Simplify
HD Supply,Artificial Intelligence and Data Science Intern - Artificial Intelligence & Data Science,data,AI/ML/Data,Summer 2027,"Atlanta, GA",Other,2026-09-02,2026-09-03,2026-09-03,,1,https://hdsupply.wd1.myworkdayjobs.com/External/job/Atlanta-GA-US/Graduate-Intern--Artificial-Intelligence---Data-Science---Summer-2027_R26004952,Simplify
Fannie Mae,Finance Analytics Intern - Analytics & Modeling Program,data,AI/ML/Data,Summer 2027,"Washington, DC",Other,2026-09-02,2026-09-03,2026-09-03,,1,https://fanniemae.wd1.myworkdayjobs.com/FannieMaeCareers/job/Washington-DC/Campus---Finance-Analytics-Intern--Analytics---Modeling-Program-_JR2814,Simplify
Auto-Owners Insurance,Business Intelligence Developer Intern - Summer 2027,swe,AI/ML/Data,Summer 2027,"Lansing, MI",Other,2026-09-02,2026-09-03,2026-09-03,,1,https://aoins.wd5.myworkdayjobs.com/AutoOwners/job/Lansing-MI/Business-Intelligence-Developer-Internship---Summer-2027_R_14417,Simplify
Amgen,Business Analyst Co-op,data,AI/ML/Data,Winter 2027,"Burnaby, BC, Canada",Other,2026-09-02,2026-09-03,2026-09-03,,1,https://amgen.wd1.myworkdayjobs.com/careers/job/Canada---Burnaby/Undergraduate-Co-op-Student---Business-Analyst_R-254807,Simplify
Repsol,Subsurface Engineering Intern,data,AI/ML/Data,Summer 2027,"Anchorage, AK",Other,2026-09-02,2026-09-03,2026-09-03,,1,https://repsol.wd3.myworkdayjobs.com/Repsol/job/Alaska/Subsurface-Engineering-Intern_84011-1,Simplify
Allied Solutions,Data Science Intern - Data Intelligence,data,AI/ML/Data,Summer 2027,"Carmel, IN",Other,2026-09-02,2026-09-03,2026-09-03,,1,https://alliedsolutions.wd501.myworkdayjobs.com/Allied_External/job/Carmel-IN/Data-Science-Intern_R-011077,Simplify
Allied Solutions,AI Solutions Intern,data,AI/ML/Data,Summer 2027,"Carmel, IN",Other,2026-09-02,2026-09-03,2026-09-03,,1,https://alliedsolutions.wd501.myworkdayjobs.com/Allied_External/job/Carmel-IN/AI-Solutions-Intern_R-011074,Simplify
Allied Solutions,Data Governance Intern,data,AI/ML/Data,Summer 2027,"St Paul, MN",Other,2026-09-02,2026-09-03,2026-09-03,,1,https://alliedsolutions.wd501.myworkdayjobs.com/Allied_External/job/St-Paul-MN/Data-Governance-Intern_R-011076,Simplify
Allied Solutions,Software Engineer Intern,swe,Software,Summer 2027,"Carmel, IN",Other,2026-09-02,2026-09-03,2026-09-03,,1,https://alliedsolutions.wd501.myworkdayjobs.com/Allied_External/job/Carmel-IN/Software-Engineering-Intern_R-011087,Simplify
Allied Solutions,IT Performance Analyst Intern,data,AI/ML/Data,Summer 2027,"Carmel, IN",Other,2026-09-02,2026-09-03,2026-09-03,,1,https://alliedsolutions.wd501.myworkdayjobs.com/Allied_External/job/Carmel-IN/IT-Performance-Analyst-Intern_R-011082,Simplify
Vermeer,Data Analytics Intern,data,AI/ML/Data,Summer 2027,"Pella, IA",Other,2026-09-02,2026-09-03,2026-09-03,,1,https://vermeer.wd5.myworkdayjobs.com/externalcareersite/job/Pella-Iowa-USA---Corporate-Office/Data-Analytics-Internship-Summer-2027_REQ-22164,Simplify
University of Texas at Austin,Assessment Graduate Student Associate,data,AI/ML/Data,N/A,"Austin, TX",Other,2026-09-02,2026-09-03,2026-09-03,,1,https://utaustin.wd1.myworkdayjobs.com/utstudent/job/UT-MAIN-CAMPUS/Assessment-Graduate-Student-Associate_R_00048574,Simplify
Berkshire Grey,Software Co-op,swe,AI/ML/Data,Spring 2027,"Bedford, MA",Other,2026-09-01,2026-09-01,2026-09-02,,1,https://berkshiregrey.bamboohr.com/careers/763/,Simplify
TWG Global,Data Science Intern - MAQR,data,AI/ML/Data,Summer 2027,"Santa Monica, CA",Other,2026-09-01,2026-09-01,2026-09-02,,1,https://apply.workable.com/twgai/j/AC536E5EE2/apply,Simplify
TWG Global,AI Engineer Intern - Summer 2027,data,AI/ML/Data,Summer 2027,"Santa Monica, CA",Other,2026-09-01,2026-09-01,2026-09-02,,1,https://apply.workable.com/twgai/j/772CD136FF/apply,Simplify
TWG Global,Data Science Intern - SOLT,data,AI/ML/Data,Summer 2027,"Santa Monica, CA",Other,2026-09-01,2026-09-01,2026-09-02,,1,https://apply.workable.com/twgai/j/263B34D737/apply,Simplify
Ragle Inc,Data Engineering Intern,data,AI/ML/Data,Summer 2027,"North Richland Hills, TX",Other,2026-09-01,2026-09-01,2026-09-02,,1,https://ragleinc.applytojob.com/apply/bOx8uiciOs/Data-Engineering-Intern-Summer-2027,Simplify
Lawrence Livermore National Laboratory (LLNL),Computing Intern,data,AI/ML/Data,Spring 2027,"Livermore, CA",Other,2026-09-01,2026-09-01,2026-09-02,,1,https://jobs.smartrecruiters.com/LLNL/3743990014982336,Simplify
Lawrence Livermore National Laboratory (LLNL),Computing Undergraduate Student Intern - Early Internship Program,data,AI/ML/Data,Summer 2027,"Livermore, CA",Other,2026-09-01,2026-09-01,2026-09-02,,1,https://jobs.smartrecruiters.com/LLNL/3743990014981656,Simplify
Lawrence Livermore National Laboratory (LLNL),Computing Intern - Summer Undergraduate Internship Program,data,AI/ML/Data,Summer 2027,"Livermore, CA",Other,2026-09-01,2026-09-01,2026-09-02,,1,https://jobs.smartrecruiters.com/LLNL/3743990014982059,Simplify
Southern Star Central Gas Pipeline,GIS Analyst Intern,data,AI/ML/Data,Summer 2027,"Owensboro, KY",Other,2026-09-01,2026-09-01,2026-09-02,,1,https://careers-sscgp.icims.com/jobs/3036/job?mobile=true&needsRedirect=false,Simplify
HP IQ,Software Engineer Intern - Connectivity,swe,Hardware,Summer 2027,SF,Other,2026-09-01,2026-09-01,2026-09-02,,1,https://job-boards.greenhouse.io/hpiq/jobs/6176783004,Simplify
Kinder Morgan,Information Technology Intern - Application Development,swe,Software,Summer 2027,"Houston, TX",Other,2026-09-01,2026-09-01,2026-09-02,,1,https://careers.kindermorgan.com/jobs/6032?icims=1,Simplify
Eulerity,Backend Developer Intern,swe,Software,Summer 2027,NYC,Other,2026-09-01,2026-09-01,2026-09-02,,1,https://job-boards.greenhouse.io/eulerity/jobs/4709040006,Simplify
John Deere,Data & Analytics Intern,data,AI/ML/Data,Summer 2027,"Moline, IL",Other,2026-09-01,2026-09-01,2026-09-02,,1,https://johndeere.eightfold.ai/careers/job/137482673640,Simplify
Hermeus,Software Engineer Intern - Modeling & Simulation - Multiple Teams,swe,Software,Summer 2027,LA,Other,2026-09-01,2026-09-01,2026-09-02,,1,https://jobs.lever.co/hermeus/445db430-6f81-41cf-847a-56a947afb936/apply,Simplify
Corning,Digital and Information Technology Intern - Analyst,swe,Software,Summer 2027,"Concord, NC",Other,2026-09-01,2026-09-04,2026-09-04,,1,"https://corningjobs.corning.com/job/Concord-Digital-&-IT-Intern,-Analyst,-Concord-Manufacturing-Summer-2027-NC-28026/1425549000/?ats=successfactors",Simplify
Corning,Vision System Intern - Summer 2027,data,AI/ML/Data,Summer 2027,"Painted Post, NY",Other,2026-09-01,2026-09-01,2026-09-02,,1,https://corningjobs.corning.com/job/Painted-Post-Vision-System-Intern-Summer-2027-NY-14870/1425508200/?ats=successfactors,Simplify
Grass Valley,Software Development Intern,swe,Software,Winter 2027,"Montreal, QC, Canada",Other,2026-09-01,2026-09-01,2026-09-02,,1,https://grassvalley.applytojob.com/apply/8vAlbSBZpB/Stagiaire-Dveloppement-De-Logiciel-Intern-Software-Development,Simplify
Verisk,Technology Intern - Summer Internship Program,swe,Software,Summer 2027,"Holmdel, NJ, Jersey City, NJ, Lehi, UT",Other,2026-09-01,2026-09-01,2026-09-02,,1,https://fa-ewmy-saasfaprod1.fa.ocs.oraclecloud.com/hcmUI/CandidateExperience/en/sites/CX_1/job/4722,Simplify
Post Holdings,Data Science Intern - Summer 2027,data,AI/ML/Data,Summer 2027,"Lakeville, MN",Other,2026-09-01,2026-09-01,2026-09-02,,1,https://jobs.postholdings.com/jobs/31961?icims=1,Simplify
Post Holdings,Data Engineer Intern,data,AI/ML/Data,Summer 2027,"Lakeville, MN",Other,2026-09-01,2026-09-01,2026-09-02,,1,https://jobs.postholdings.com/jobs/31960?icims=1,Simplify
Post Holdings,Business Intelligence Intern - Summer 2027,data,AI/ML/Data,Summer 2027,"Lakeville, MN",Other,2026-09-01,2026-09-01,2026-09-02,,1,https://jobs.postholdings.com/jobs/31924?icims=1,Simplify
Perpay,Analytics Intern,data,AI/ML/Data,Summer 2027,"Philadelphia, PA",Other,2026-09-01,2026-09-01,2026-09-02,,1,https://job-boards.greenhouse.io/perpay/jobs/4076934007,Simplify
Atlassian,Software Engineer Intern,swe,Software,Summer 2027,"Seattle, WA, SF",Other,2026-09-01,2026-09-01,2026-09-02,,1,https://careers-americas.icims.com/jobs/26266/software-engineer-intern%2c-2027-summer-u.s./job,Simplify
Johns Hopkins Applied Physics Laboratory,Software Developer Intern - Tactical System Prototyping and Deployment,swe,Software,Summer 2027,"Laurel, MD",Other,2026-09-01,2026-09-01,2026-09-02,,1,https://careers.jhuapl.edu/jobs/59564?icims=1,Simplify
Johns Hopkins Applied Physics Laboratory,Software Development Intern,swe,Software,Summer 2027,"Laurel, MD",Other,2026-09-01,2026-09-01,2026-09-02,,1,https://careers.jhuapl.edu/jobs/59745?icims=1,Simplify
Johns Hopkins Applied Physics Laboratory,2027 Internship - Weapon Control,data,AI/ML/Data,Summer 2027,"Laurel, MD",Other,2026-09-01,2026-09-01,2026-09-02,,1,https://careers.jhuapl.edu/jobs/59901?icims=1,Simplify
Johns Hopkins Applied Physics Laboratory,Engineer/Analyst/Scientist Intern - C2 Resilience Sciences,swe,Software,Summer 2027,"Laurel, MD",Other,2026-09-01,2026-09-01,2026-09-02,,1,https://careers.jhuapl.edu/jobs/59832?icims=1,Simplify
Johns Hopkins Applied Physics Laboratory,Engineer/SW Developer/Analyst Intern - Maritime Force Engagement Control,swe,AI/ML/Data,Summer 2027,"Laurel, MD",Other,2026-09-01,2026-09-01,2026-09-02,,1,https://careers.jhuapl.edu/jobs/59598?icims=1,Simplify
Geotab,Embedded Developer Intern - Multiple Teams,swe,Hardware,Winter 2027,"Oakville, ON, Canada, Waterloo, ON, Canada",Other,2026-09-01,2026-09-01,2026-09-02,,1,https://job-boards.greenhouse.io/internshiplist2000/jobs/5406651008,Simplify
Geotab,"Vehicle Systems Engineering Intern - Winter/January 2027 - 4, 8 Months",swe,Hardware,Winter 2027,"Waterloo, ON, Canada",Other,2026-09-01,2026-09-03,2026-09-03,,1,https://job-boards.greenhouse.io/internshiplist2000/jobs/5381043008,Simplify
Hermeus,Software Engineering Intern (Modeling & Simulation) - Spring/Summer 2027,swe,,,"Los Angeles, CA",,2026-09-01,2026-09-01,2026-09-02,,1,https://jobs.lever.co/hermeus/445db430-6f81-41cf-847a-56a947afb936,lever:hermeus
Western & Southern Financial Group,Software Development Intern,swe,Software,Summer 2027,"Cincinnati, OH",Other,2026-09-01,2026-09-03,2026-09-03,,1,https://careers-westernsouthern.icims.com/jobs/25245/job?mobile=true&needsRedirect=false,Simplify
Western & Southern Financial Group,Digital Analytics Intern - Spring or Summer 2027,data,AI/ML/Data,Summer 2027,"Cincinnati, OH",Other,2026-09-01,2026-09-01,2026-09-02,,1,https://careers-westernsouthern.icims.com/jobs/25195/job?mobile=true&needsRedirect=false,Simplify
Western & Southern Financial Group,Data Engineering and Analytics Intern - Summer 2027,data,AI/ML/Data,Summer 2027,"Cincinnati, OH",Other,2026-09-01,2026-09-01,2026-09-02,,1,https://careers-westernsouthern.icims.com/jobs/25207/job?mobile=true&needsRedirect=false,Simplify
Dev Technology Group,AI/Agentic Solution Engineer Intern - Summer 2027,swe,Software,Summer 2027,"Reston, VA",Other,2026-09-01,2026-09-04,2026-09-04,,1,https://job-boards.greenhouse.io/devtechnology/jobs/8728292002,Simplify
Dev Technology Group,React/Node Developer Intern - Summer 2027,swe,Software,Summer 2027,"Reston, VA",Other,2026-09-01,2026-09-01,2026-09-02,,1,https://job-boards.greenhouse.io/devtechnology/jobs/8726212002,Simplify
Dev Technology Group,Microsoft Power Platform & AI Intern - Summer 2027,swe,AI/ML/Data,Summer 2027,"Reston, VA",Other,2026-09-01,2026-09-01,2026-09-02,,1,https://job-boards.greenhouse.io/devtechnology/jobs/8726259002,Simplify
Dev Technology Group,AI/ML Intern - Summer 2027,data,AI/ML/Data,Summer 2027,"Reston, VA",Other,2026-09-01,2026-09-01,2026-09-02,,1,https://job-boards.greenhouse.io/devtechnology/jobs/8726074002,Simplify
Pella,Data Engineer Intern - Summer 2027,data,AI/ML/Data,Summer 2027,"Pella, IA, Urbandale, IA",Other,2026-09-01,2026-09-01,2026-09-02,,1,https://ebgj.fa.us2.oraclecloud.com/hcmUI/CandidateExperience/en/sites/CX_1/job/253304,Simplify
Pella,Software Intern,swe,Software,Summer 2027,"Pella, IA, Urbandale, IA",Other,2026-09-01,2026-09-01,2026-09-02,,1,https://ebgj.fa.us2.oraclecloud.com/hcmUI/CandidateExperience/en/sites/CX_1/job/253299,Simplify
Tower Research Capital,Quantitative Trader/Researcher Intern,quant,Quant,Summer 2027,"London, UK",Other,2026-09-01,2026-09-01,2026-09-02,,1,https://www.tower-research.com/open-positions/?gh_jid=8037860,Simplify
ByteDance,Software Engineer Intern - Relational Database,swe,Software,Summer 2027,"San Jose, CA",Other,2026-09-01,2026-09-01,2026-09-02,,1,https://jobs.bytedance.com/en/position/7678449088065997109/detail,Simplify
AMD,Compiler Engineer Intern/Co-op,swe,Software,Summer 2027,"Austin, TX, Longmont, CO, Fishkill, NY, Fort Collins, CO, Boxborough, MA",Other,2026-09-01,2026-09-01,2026-09-02,,1,https://careers.amd.com/jobs/91864?icims=1,Simplify
AMD,Compiler Engineer Intern/Co-op - Masters,swe,Software,Summer 2027,"Austin, TX, Longmont, CO, Fishkill, NY, Fort Collins, CO, Boxborough, MA",Other,2026-09-01,2026-09-01,2026-09-02,,1,https://careers.amd.com/jobs/91867?icims=1,Simplify
Deutsche Bank,Quantitative FIC Intern - Quantitative Trading,quant,Quant,Summer 2027,"London, UK",Other,2026-09-01,2026-09-01,2026-09-02,,1,https://db.recsolu.com/external/requisitions/Zrl8co_aF_BXP1FpXI6ODA,Simplify
Tower Research Capital,Quantitative Trader/Researcher Summer Internship 2027 (2028 Graduates),quant,,,London,,2026-09-01,2026-09-01,2026-09-02,,1,https://www.tower-research.com/open-positions/?gh_jid=8037860,greenhouse:towerresearchcapital
Stoke Space,Software Intern,swe,Software,Summer 2027,"Kent, WA",Other,2026-09-01,2026-09-01,2026-09-02,,1,https://stokespace.com/careers/current-openings?gh_jid=6176786004,Simplify
American Express,Data Science Intern - Global Decision Science - Credit & Fraud Risk,data,AI/ML/Data,Summer 2027,NYC,Other,2026-09-01,2026-09-01,2026-09-02,,1,https://egug.fa.us2.oraclecloud.com/hcmUI/CandidateExperience/en/sites/CX_1/job/26013266,Simplify
Western & Southern Financial Group,Software Engineer Intern,swe,Software,Summer 2027,"Cincinnati, OH",Other,2026-09-01,2026-09-03,2026-09-03,,1,https://careers-westernsouthern.icims.com/jobs/25222/job?mobile=true&needsRedirect=false,Simplify
Western & Southern Financial Group,Actuarial Intern - Summer 2027,data,AI/ML/Data,Summer 2027,"Cincinnati, OH",Other,2026-09-01,2026-09-03,2026-09-03,,1,https://careers-westernsouthern.icims.com/jobs/25106/job?mobile=true&needsRedirect=false,Simplify
Hermeus,Software Engineering Intern (HIL) - Spring/Summer 2027,swe,,,"Atlanta, GA",,2026-09-01,2026-09-01,2026-09-02,,1,https://jobs.lever.co/hermeus/d87ed913-affc-475e-b721-c5b5f11c3c7b,lever:hermeus
Elastic,"Principal Software Developer - Query Engine, Database Internals - Elasticsearch",swe,,,Canada,,2026-09-01,2026-09-01,2026-09-02,,1,https://jobs.elastic.co/jobs?gh_jid=8169102&gh_jid=8169102,greenhouse:elastic
Tesla,Software Engineer Intern - Fullstack Engineer - Infrastructure Engineering,swe,Software,Winter 2027,"Fremont, CA",Other,2026-09-01,2026-09-01,2026-09-02,,1,https://www.tesla.com/careers/search/job/281462,Simplify
AMD,Graphics Software Engineer Intern/Co-op,swe,Software,Summer 2027,"Markham, ON, Canada",Other,2026-09-01,2026-09-01,2026-09-02,,1,https://careers.amd.com/jobs/90305?icims=1,Simplify
AMD,AGS Libraries Intern/Co-op,swe,Software,Summer 2027,"Calgary, AB, Canada",Other,2026-09-01,2026-09-03,2026-09-03,,1,https://careers.amd.com/jobs/90427?icims=1,Simplify
AMD,Machine Learning/Artificial Intelligence Intern/Co-op,data,AI/ML/Data,Summer 2027,"Markham, ON, Canada",Other,2026-09-01,2026-09-01,2026-09-02,,1,https://careers.amd.com/jobs/91363?icims=1,Simplify
Textron,Software Engineer Intern,swe,Software,Summer 2027,"Waterboro, ME",Other,2026-09-01,2026-09-01,2026-09-02,,1,https://textron.taleo.net/careersection/textron/jobdetail.ftl?job=342550,Simplify
Textron,Software Engineer Intern - Electronic Systems,swe,Software,Summer 2027,"Hunt Valley, Cockeysville, MD",Other,2026-09-01,2026-09-01,2026-09-02,,1,https://textron.taleo.net/careersection/textron/jobdetail.ftl?job=342688,Simplify
Textron,Software Engineer Intern - Crewed Land,swe,Software,Summer 2027,"Slidell, LA",Other,2026-09-01,2026-09-01,2026-09-02,,1,https://textron.taleo.net/careersection/textron/jobdetail.ftl?job=342915,Simplify
Textron,Software Engineer Co-op - Uncrewed Land & Air,swe,Software,Summer 2027,"Hunt Valley, Cockeysville, MD",Other,2026-09-01,2026-09-01,2026-09-02,,1,https://textron.taleo.net/careersection/textron/jobdetail.ftl?job=342650,Simplify
Textron,Software Engineer Intern - Sea Systems,swe,Hardware,Summer 2027,"Hunt Valley, Cockeysville, MD",Other,2026-09-01,2026-09-01,2026-09-02,,1,https://textron.taleo.net/careersection/textron/jobdetail.ftl?job=342935,Simplify
John Deere,Information Technology Intern - Technology,swe,Software,Summer 2027,"Moline, IL",Other,2026-09-01,2026-09-04,2026-09-04,,1,https://johndeere.eightfold.ai/careers/job/137482633322,Simplify
Maven Securities,Software Developer Intern,swe,Software,Summer 2027,"London, UK",Other,2026-09-01,2026-09-01,2026-09-02,,1,https://job-boards.greenhouse.io/mavensecuritiesholdingltd/jobs/7806987,Simplify
Hilton Worldwide,Data Management and Analysis Placement - Safety & Security,data,AI/ML/Data,N/A,"Watford, UK",Other,2026-09-01,2026-09-01,2026-09-02,,1,https://efet.fa.us2.oraclecloud.com/hcmUI/CandidateExperience/en/sites/CX_1009/job/219176,Simplify
Stripe,Software Engineer Intern - Summer or Winter,swe,Software,Winter 2027,"Seattle, WA, SF, NYC",Other,2026-09-01,2026-09-01,2026-09-02,,1,https://stripe.com/jobs/search?gh_jid=8128745,Simplify
Edison International,Software/Data Engineering Intern,swe,AI/ML/Data,Summer 2027,"Chino, CA",Other,2026-09-01,2026-09-01,2026-09-02,,1,https://apply.edisoncareers.com/job/Chino-2027-Summer-Internship-SoftwareData-Engineering-(Chino)-CA-91710/1424663800/?ats=successfactors,Simplify
Edison International,Data Analytics Intern - Data Science/Applied Math,data,AI/ML/Data,Summer 2027,"Pomona, CA, Rosemead, CA",Other,2026-09-01,2026-09-01,2026-09-02,,1,https://apply.edisoncareers.com/job/Rosemead-2027-Summer-Internship-Data-AnalyticsScienceApplied-Math-(PomonaRosemead)-1-CA-91770/1425208900/?ats=successfactors,Simplify
Edison International,Computer Science Intern,swe,Software,Summer 2027,"Santa Ana, CA",Other,2026-09-01,2026-09-01,2026-09-02,,1,https://apply.edisoncareers.com/job/Santa-Ana-2027-Summer-Internship-Computer-Science-(Santa-Ana)-CA-92705/1425158700/?ats=successfactors,Simplify
Edison International,Data Analytics Intern - Data Science - Applied Math,data,AI/ML/Data,Summer 2027,"Pomona, CA, Rosemead, CA",Other,2026-09-01,2026-09-01,2026-09-02,,1,https://apply.edisoncareers.com/job/Rosemead-2027-Summer-Internship-Data-AnalyticsScienceApplied-Math-(PomonaRosemead)-CA-91770/1425207700/?ats=successfactors,Simplify
Edison International,Summer Internship - Data Analytics/Science/Applied Math,data,AI/ML/Data,Summer 2027,"Santa Ana, CA, Fullerton, CA, Irvine, CA, Westminster, CA",Other,2026-09-01,2026-09-01,2026-09-02,,1,https://apply.edisoncareers.com/job/Westminster-2027-Summer-Internship-Data-AnalyticsScienceApplied-Math-Santa-AnaWestminsterIrvineFullerton-CA-92683-5240/1425175800/?ats=successfactors,Simplify
Edison International,Intern - Multiple Teams,data,AI/ML/Data,Summer 2027,"Santa Ana, CA, Fullerton, CA, Irvine, CA, Westminster, CA",Other,2026-09-01,2026-09-01,2026-09-02,,1,https://apply.edisoncareers.com/job/Westminster-2027-Summer-Internship-Data-AnalyticsScienceApplied-Math-Santa-AnaWestminsterIrvineFullerton-CA-92683-5240/1425178600/?ats=successfactors,Simplify
K2 Space,Software Engineer Intern - Summer 2027,swe,Hardware,Summer 2027,LA,Other,2026-09-01,2026-09-01,2026-09-02,,1,https://job-boards.greenhouse.io/k2spacecorporation/jobs/5411920008,Simplify
Tesla,Software Engineer Intern - Core AI Compiler & Runtime,swe,Software,Spring 2027,"Palo Alto, CA",Other,2026-09-01,2026-09-01,2026-09-02,,1,https://www.tesla.com/careers/search/job/281951,Simplify
WhatNot,Software Engineer Intern,swe,Software,Summer 2027,"Seattle, WA, SF, LA, NYC",Other,2026-09-01,2026-09-01,2026-09-02,,1,https://jobs.ashbyhq.com/whatnot/928ffdca-b316-40ce-b82b-94b570919bcd/application?embed=true,Simplify
Sierra,Software Engineer Intern,swe,Software,Summer 2027,"SF, NYC",Other,2026-09-01,2026-09-01,2026-09-02,,1,https://jobs.ashbyhq.com/Sierra/34b31b67-268c-4270-b48f-72e59064c96e/application?embed=true,Simplify
Trane Technologies,AI Intern - AI Product Management - AI Controls Integration,data,AI/ML/Data,Summer 2027,"Montreal, QC, Canada",Other,2026-09-01,2026-09-01,2026-09-02,,1,https://careers.tranetechnologies.com/global/en/job/JR-7608,Simplify
Trane Technologies,AI & Analytics Intern,data,AI/ML/Data,Summer 2027,"Minneapolis, MN, Davidson, NC",Other,2026-09-01,2026-09-01,2026-09-02,,1,https://careers.tranetechnologies.com/global/en/job/JR-7591,Simplify
American Express,Data Analytics Intern - Enterprise Technology Services,data,AI/ML/Data,Summer 2027,"Phoenix, AZ",Other,2026-09-01,2026-09-01,2026-09-02,,1,https://egug.fa.us2.oraclecloud.com/hcmUI/CandidateExperience/en/sites/CX_1/job/26012703,Simplify
American Express,Data Engineer Intern - Enterprise Technology Services,data,AI/ML/Data,Summer 2027,"Phoenix, AZ",Other,2026-09-01,2026-09-01,2026-09-02,,1,https://egug.fa.us2.oraclecloud.com/hcmUI/CandidateExperience/en/sites/CX_1/job/26012333,Simplify
American Express,Data Management Intern - Global Merchant & Network Services,data,AI/ML/Data,Summer 2027,"Phoenix, AZ",Other,2026-09-01,2026-09-01,2026-09-02,,1,https://egug.fa.us2.oraclecloud.com/hcmUI/CandidateExperience/en/sites/CX_1/job/26012668,Simplify
American Express,Data Science Intern - Finance,data,AI/ML/Data,Summer 2027,NYC,Other,2026-09-01,2026-09-01,2026-09-02,,1,https://egug.fa.us2.oraclecloud.com/hcmUI/CandidateExperience/en/sites/CX_1/job/26013190,Simplify
American Express,Data Analytics Intern - US Consumer Services,data,AI/ML/Data,Summer 2027,NYC,Other,2026-09-01,2026-09-01,2026-09-02,,1,https://egug.fa.us2.oraclecloud.com/hcmUI/CandidateExperience/en/sites/CX_1/job/26011607,Simplify
JP Morgan Chase,Software Engineer Intern - Summer Internship,swe,Software,Summer 2027,"London, UK, Glasgow, UK",Other,2026-09-01,2026-09-01,2026-09-02,,1,https://jpmc.fa.oraclecloud.com/hcmUI/CandidateExperience/en/sites/CX_1001/job/210774716,Simplify
JP Morgan Chase,Data & AI Intern - Data & AI Program,data,AI/ML/Data,Summer 2027,"London, UK, Glasgow, UK",Other,2026-09-01,2026-09-01,2026-09-02,,1,https://jpmc.fa.oraclecloud.com/hcmUI/CandidateExperience/en/sites/CX_1001/job/210774745,Simplify
Emerson Electric,Software Engineer Co-op - January 2027 - May 2027,swe,Hardware,Summer 2027,"Shakopee, MN",Other,2026-09-01,2026-09-01,2026-09-02,,1,https://hdjq.fa.us2.oraclecloud.com/hcmUI/CandidateExperience/en/sites/CX_1/job/26009454,Simplify
Tower Research Capital,"Quantitative Researcher Intern, Bachelor's or Master's",quant,,,"Singapore, Hong Kong, Shanghai, Sydney",,2026-09-01,2026-09-01,2026-09-02,,1,https://www.tower-research.com/open-positions/?gh_jid=8168750,greenhouse:towerresearchcapital
Tower Research Capital,"Quantitative Researcher Intern, PhD or Postdoc",quant,,,"Singapore, Hong Kong, Shanghai, Sydney",,2026-09-01,2026-09-01,2026-09-02,,1,https://www.tower-research.com/open-positions/?gh_jid=8168634,greenhouse:towerresearchcapital
Travelers,Business Insights & Analytics Intern - BI&A LDP,data,AI/ML/Data,Summer 2027,"Hartford, CT, St Paul, MN",Other,2026-09-01,2026-09-01,2026-09-02,,1,https://travelers.wd5.myworkdayjobs.com/External/job/CT---Hartford/Business-Insights---Analytics-Leadership-Development-Program--BI-A-LDP--Intern_R-52304,Simplify
First National Bank,Retail Administration Analytics Intern,data,AI/ML/Data,Summer 2027,"Pittsburgh, PA",Other,2026-09-01,2026-09-01,2026-09-02,,1,https://fnbcorp.wd501.myworkdayjobs.com/FNBCORP/job/Pittsburgh-PA/Summer-2027-Retail-Administration-Analytics-Intern_2026-02039,Simplify
Momentive,Service Quality Intern,data,AI/ML/Data,Summer 2027,"Waterford, NY",Other,2026-09-01,2026-09-01,2026-09-02,,1,https://momentive.wd1.myworkdayjobs.com/MC/job/US-NY-Waterford/Summer-2027-Intern---Service-Quality_R9767,Simplify
The Federal Reserve System,Statistics Intern,data,AI/ML/Data,Summer 2027,NYC,Other,2026-09-01,2026-09-01,2026-09-02,,1,https://rb.wd5.myworkdayjobs.com/en-US/FRS/job/New-York-NY/XMLNAME-2027-Summer-Intern----Statistics---Sophomore-Intern_R-0000033027,Simplify
Fifth Third Bank,Software Engineer Co-op - Enterprise Finance Applications - Spring 2027,swe,Software,Spring 2027,"Cincinnati, OH",Other,2026-09-01,2026-09-01,2026-09-02,,1,https://fifththird.wd5.myworkdayjobs.com/en-US/53careers/job/Cincinnati-OH/Software-Engineer-Co-Op---Enterprise-Finance-Applications---Spring-2027_R71587,Simplify
Vermeer,Embedded Software Engineer Intern,swe,Hardware,Summer 2027,"Pella, IA",Other,2026-09-01,2026-09-01,2026-09-02,,1,https://vermeer.wd5.myworkdayjobs.com/externalcareersite/job/Pella-Iowa-USA---Corporate-Office/Embedded-Software-Engineer-Internship-Summer-2027_REQ-22165,Simplify
IAT Insurance Group,Data & Integration Intern,data,AI/ML/Data,Summer 2027,"Milwaukee, WI",Other,2026-09-01,2026-09-01,2026-09-02,,1,https://iatinsurancegroup.wd1.myworkdayjobs.com/iat/job/Milwaukee-WI/Data---Integration-Internship_JR100404,Simplify
PIMCO,Quantitative Research Analyst Intern - Client Solutions & Analytics,quant,Quant,Summer 2027,"London, UK",Other,2026-09-01,2026-09-01,2026-09-02,,1,https://pimco.wd1.myworkdayjobs.com/pimco-careers/job/London-GBR/XMLNAME-2027-Summer-Intern---Client-Solutions---Analytics-Strategist--London--MBA-_R106804,Simplify
PIMCO,Quant Research Analyst Intern - Client Solutions & Analytics,quant,Quant,Summer 2027,"Newport Beach, CA",Other,2026-09-01,2026-09-01,2026-09-02,,1,https://pimco.wd1.myworkdayjobs.com/pimco-careers/job/Newport-Beach-CA-USA/XMLNAME-2027-Summer-Intern---Masters-Quant-Research-Analyst--Client-Solutions---Analytics--US_R106816,Simplify
PIMCO,Quantitative Portfolio Management Intern,quant,Quant,Summer 2027,"Newport Beach, CA",Other,2026-09-01,2026-09-01,2026-09-02,,1,https://pimco.wd1.myworkdayjobs.com/pimco-careers/job/Newport-Beach-CA-USA/XMLNAME-2027-PhD-Summer-Intern---Quantitative-Portfolio-Management_R106830,Simplify
PIMCO,Quantitative Research Analyst Intern - Portfolio Management,quant,Quant,Summer 2027,"Newport Beach, CA",Other,2026-09-01,2026-09-01,2026-09-02,,1,https://pimco.wd1.myworkdayjobs.com/pimco-careers/job/Newport-Beach-CA-USA/XMLNAME-2027-PhD-Summer-Intern---Portfolio-Management--Quantitative-Research-Analyst_R106749,Simplify
CACI,Embedded Software Engineer Co-op,swe,Hardware,Spring 2027,"Danbury, CT",Other,2026-09-01,2026-09-01,2026-09-02,,1,https://caci.wd1.myworkdayjobs.com/external/job/Danbury-CT-US/Embedded-Software-Engineering-Co-op---Spring-2027_331368,Simplify
Citi,Quantitative Analysis - Off Cycle Placement,quant,Quant,N/A,"London, UK",Other,2026-09-01,2026-09-01,2026-09-02,,1,https://citi.wd5.myworkdayjobs.com/2/job/London--United-Kingdom/Markets--Quantitative-Analysis--Off-Cycle-Placement---London--UK--2027_26987134,Simplify
Magna,Software Engineering Co-op,swe,Hardware,N/A,"Troy, MI",Other,2026-09-01,2026-09-01,2026-09-02,,1,https://wd3.myworkdaysite.com/recruiting/magna/Magna/job/Troy-Michigan-US/Software-Engineering-Student_R00259672,Simplify
Booz Allen,Systems Engineer Intern,swe,Software,Summer 2027,"San Diego, CA",Other,2026-09-01,2026-09-01,2026-09-02,,1,https://bah.wd1.myworkdayjobs.com/bah_jobs/job/San-Diego-CA/University---2027-Summer-Games-Systems-Engineer-Intern---San-Diego--CA_R0248365,Simplify
Booz Allen,Systems Engineer Intern - Summer Games,swe,Software,Summer 2027,"Honolulu, HI",Other,2026-09-01,2026-09-01,2026-09-02,,1,https://bah.wd1.myworkdayjobs.com/bah_jobs/job/Honolulu-HI/University---2027-Summer-Games-Systems-Engineer-Intern---Honolulu--HI_R0248370,Simplify
Booz Allen,Systems Engineer Intern - University,swe,Software,Summer 2027,"Colorado Springs, CO",Other,2026-09-01,2026-09-01,2026-09-02,,1,https://bah.wd1.myworkdayjobs.com/bah_jobs/job/Colorado-Springs-CO/University---2027-Summer-Games-Systems-Engineer-Intern---Charleston--SC_R0248369,Simplify
First National Bank,Corporate Analytics Intern,data,AI/ML/Data,Summer 2027,"Pittsburgh, PA",Other,2026-09-01,2026-09-01,2026-09-02,,1,https://fnbcorp.wd501.myworkdayjobs.com/FNBCORP/job/Pittsburgh-PA/Summer-2027-Corporate-Analytics-Intern_2026-01910,Simplify
First National Bank,Data Science Intern,data,AI/ML/Data,Summer 2027,"Pittsburgh, PA",Other,2026-09-01,2026-09-01,2026-09-02,,1,https://fnbcorp.wd501.myworkdayjobs.com/FNBCORP/job/Pittsburgh-PA/Summer-2027-Data-Science-Intern---Pittsburgh--PA_2026-02016,Simplify
First National Bank,AI and Innovation Intern,data,AI/ML/Data,Summer 2027,"Pittsburgh, PA",Other,2026-09-01,2026-09-01,2026-09-02,,1,https://fnbcorp.wd501.myworkdayjobs.com/FNBCORP/job/Pittsburgh-PA/Summer-2027-AI-and-Innovation-Intern---Pittsburgh--PA_2026-01811,Simplify
Clarios,IT Digital/AI Intern - Summer 2027,data,AI/ML/Data,Summer 2027,"Milwaukee, WI",Other,2026-09-01,2026-09-01,2026-09-02,,1,https://clarios.wd5.myworkdayjobs.com/clarioscareers/job/United-States-Wisconsin-Milwaukee/IT-Digital-AI-Intern--Summer-2027-_WD49910,Simplify
General Motors,Mechatronic Infrastructure Diagnostic Systems Co-op,swe,AI/ML/Data,Winter 2027,"Markham, ON, Canada",Other,2026-09-01,2026-09-01,2026-09-02,,1,https://generalmotors.wd5.myworkdayjobs.com/en-CA/Careers_GM/job/Markham-Ontario-Canada/XMLNAME-2027-Winter-Co-op-Mechatronic-Infrastructure-Diagnostic-Systems_JR-202618915,Simplify
Stanley Black & Decker,Embedded Software Engineering Intern,swe,Hardware,Summer 2027,"Towson, MD",Other,2026-09-01,2026-09-01,2026-09-02,,1,https://sbdinc.wd1.myworkdayjobs.com/en-US/Stanley_Black_Decker_Career_Site/job/Towson-MD-United-States/Embedded-Engineering-Summer-Intern-2027_REQ-1000052019,Simplify
Teledyne,Software Engineer Intern,swe,Software,Summer 2027,"Huntsville, AL",Other,2026-09-01,2026-09-01,2026-09-02,,1,https://flir.wd1.myworkdayjobs.com/flircareers/job/US---Huntsville-AL/EADSIM-Software-Engineering-Intern--Summer-2027-_REQ36667,Simplify
DraftKings,Data Science Intern,data,AI/ML/Data,Summer 2027,"Boston, MA",Other,2026-09-01,2026-09-01,2026-09-02,,1,https://draftkings.wd1.myworkdayjobs.com/Employee_Referral_Portal/job/Boston-MA/Data-Science-Intern-Referral--Summer-2027-_JR14960,Simplify
Tarrant Regional Water District,Energy Intern,data,AI/ML/Data,Summer 2027,"Fort Worth, TX",Other,2026-09-01,2026-09-01,2026-09-02,,1,https://trwd.wd1.myworkdayjobs.com/TRWDCareers/job/Fort-Worth-TX/Summer-2027-Energy-Intern--T047-_JR100217,Simplify
AIG,Summer Intern - Data Office,data,AI/ML/Data,Summer 2027,"Charlotte, NC, Jersey City, NJ, NYC, Parsippany-Troy Hills, NJ, Atlanta, GA",Other,2026-09-01,2026-09-01,2026-09-02,,1,https://aig.wd1.myworkdayjobs.com/aig/job/GA-Atlanta/XMLNAME-2027-Early-Careers--Summer-Intern--Data-Office---United-States--Atlanta--GA--Charlotte--NC--Parsippany--NJ--Jersey-City--NJ---New-York--NY_JR2603655-1,Simplify
Blue Origin,Software Developer Intern - Avionics Software,swe,Hardware,Summer 2027,"Washington, LA, Longmont, CO, Denver, CO",Other,2026-09-01,2026-09-01,2026-09-02,,1,https://blueorigin.wd5.myworkdayjobs.com/blueorigin/job/Greater-Seattle-Area/Summer-2027-Software-Developer-Internship---Graduate_R71434,Simplify
Blue Origin,Avionics Software Intern - Undergraduate,swe,Hardware,Summer 2027,"Seattle, WA, LA, Longmont, CO, Denver, CO",Other,2026-09-01,2026-09-01,2026-09-02,,1,https://blueorigin.wd5.myworkdayjobs.com/blueorigin/job/Greater-Seattle-Area/Summer-2027-Avionics-Software-Internship---Undergraduate_R71424,Simplify
Blue Origin,Software Developer Intern - Undergraduate,swe,Hardware,Summer 2027,"Seattle, WA, LA, Denver, CO",Other,2026-09-01,2026-09-01,2026-09-02,,1,https://blueorigin.wd5.myworkdayjobs.com/blueorigin/job/Greater-Seattle-Area/Summer-2027-Software-Developer-Internship---Undergraduate_R71425,Simplify
Booz Allen,Software Developer Intern,swe,Software,Summer 2027,"Huntsville, AL",Other,2026-09-01,2026-09-01,2026-09-02,,1,https://bah.wd1.myworkdayjobs.com/bah_jobs/job/Huntsville-AL/University---2027-Summer-Games-Software-Developer-Intern---Huntsville--AL_R0248394,Simplify
Booz Allen,Data Scientist Intern,data,AI/ML/Data,Summer 2027,"Huntsville, AL",Other,2026-09-01,2026-09-01,2026-09-02,,1,https://bah.wd1.myworkdayjobs.com/bah_jobs/job/Huntsville-AL/University---2027-Summer-Games-Data-Scientist-Intern---Huntsville--AL_R0248407,Simplify
Booz Allen,Data Scientist Intern - 2027 Summer Games,data,AI/ML/Data,Summer 2027,"Honolulu, HI",Other,2026-09-01,2026-09-01,2026-09-02,,1,https://bah.wd1.myworkdayjobs.com/bah_jobs/job/Honolulu-HI/University---2027-Summer-Games--Data-Scientist-Intern---Honolulu--HI_R0248406,Simplify
Philips,Data Engineering Co-op,data,AI/ML/Data,Winter 2027,"Reedsville, PA",Other,2026-09-01,2026-09-01,2026-09-02,,1,https://philips.wd3.myworkdayjobs.com/jobs-and-careers/job/Reedsville-Pennsylvania-United-States/Co-op-Data-Engineering-Reedsville--PA-January-June-2027_587484,Simplify
Philips,Software Engineering Co-op - APM,swe,Software,Winter 2027,"Cambridge, MA",Other,2026-09-01,2026-09-01,2026-09-02,,1,https://philips.wd3.myworkdayjobs.com/jobs-and-careers/job/Cambridge-US-Massachusetts-United-States/Co-op---Software-Engineering--APM----Cambridge--MA---Jan---Aug-2027_590097,Simplify
DraftKings,Data Science Intern - Summer 2027,data,AI/ML/Data,Summer 2027,"Boston, MA",Other,2026-09-01,2026-09-01,2026-09-02,,1,https://draftkings.wd1.myworkdayjobs.com/Campus_Career_Portal/job/Boston-MA/Data-Science-Intern--Summer-2027-_JR14958,Simplify
Johnson & Johnson,Data Science Co-op - Summer 2027,data,AI/ML/Data,Summer 2027,"Cincinnati, OH",Other,2026-09-01,2026-09-01,2026-09-02,,1,https://jj.wd5.myworkdayjobs.com/JJ/job/Cincinnati-Ohio-United-States-of-America/Data-Science-Co-Op--Summer-2027_R-096746,Simplify
Johnson & Johnson,Software Engineer Co-op,swe,Software,Summer 2027,"Cincinnati, OH",Other,2026-09-01,2026-09-01,2026-09-02,,1,https://jj.wd5.myworkdayjobs.com/JJ/job/Cincinnati-Ohio-United-States-of-America/Software-Engineering-Co-Op-Summer-2027_R-096743,Simplify
Newrez,Software Developer Intern,swe,Software,Summer 2027,"Coppell, TX",Other,2026-09-01,2026-09-01,2026-09-02,,1,https://newrez.wd1.myworkdayjobs.com/NRZ/job/TX-Coppell/XMLNAME-2027-Summer-Internship---Software-Developer_R10390,Simplify
Clarios,Forward Deployed Engineer Intern - Summer 2027,data,AI/ML/Data,Summer 2027,"Milwaukee, WI",Other,2026-09-01,2026-09-01,2026-09-02,,1,https://clarios.wd5.myworkdayjobs.com/clarioscareers/job/United-States-Wisconsin-Milwaukee/Forward-Deployed-Engineering-Intern--Summer-2027-_WD49962,Simplify
United Parcel Service,Finance Analytics Intern - Global Finance,data,AI/ML/Data,Summer 2027,"Atlanta, GA",Other,2026-09-01,2026-09-01,2026-09-02,,1,https://hcmportal.wd5.myworkdayjobs.com/en-US/Search/job/US---UPS-CORPORATE-OFFICES-GACOR/UPS-Global-Finance-Summer-2027-Analytics-Internship_R26030589,Simplify
Medline,Software Engineer Intern - Summer 2027,swe,Software,Summer 2027,"Northbrook, IL",Other,2026-09-01,2026-09-01,2026-09-02,,1,https://medline.wd5.myworkdayjobs.com/en-US/Medline/job/Northbrook-Illinois/Software-Engineering-Intern---Summer-2027_R2617623,Simplify
Ingredion,Digital Innovation Intern,data,AI/ML/Data,Summer 2027,"Bridgewater, NJ",Other,2026-09-01,2026-09-02,2026-09-02,,1,https://ingredion.wd1.myworkdayjobs.com/IngredionCareers/job/Bridgewater-NJ/Digital-Innovation-Intern_Req-40180-1,Simplify
First National Bank,AI/Machine Learning Modeler Intern,data,AI/ML/Data,Summer 2027,"Pittsburgh, PA",Other,2026-09-01,2026-09-02,2026-09-02,,1,https://fnbcorp.wd501.myworkdayjobs.com/FNBCORP/job/Pittsburgh-PA/Summer-2027-AI-ML-Modeler-Intern_2026-01851,Simplify
First National Bank,Data Management Intern - Data Quality and Governance,data,AI/ML/Data,Summer 2027,"Pittsburgh, PA",Other,2026-09-01,2026-09-02,2026-09-02,,1,https://fnbcorp.wd501.myworkdayjobs.com/FNBCORP/job/Pittsburgh-PA/Summer-2026-Data-Management-Intern---Pittsburgh--PA_2026-01833,Simplify
First National Bank,Data Engineer Intern,data,AI/ML/Data,Summer 2027,"Pittsburgh, PA, Hermitage, PA",Other,2026-09-01,2026-09-02,2026-09-02,,1,https://fnbcorp.wd501.myworkdayjobs.com/FNBCORP/job/Hermitage-PA/Summer-2027-Data-Engineering-Intern_2026-01714,Simplify
First National Bank,Data Engineering Intern,data,AI/ML/Data,Summer 2027,"Pittsburgh, PA, Hermitage, PA",Other,2026-09-01,2026-09-02,2026-09-02,,1,https://fnbcorp.wd501.myworkdayjobs.com/FNBCORP/job/Hermitage-PA/Summer-2027-Data-Engineering-Intern_2026-01713,Simplify
First National Bank,Application Development Intern,swe,Software,Summer 2027,"Pittsburgh, PA",Other,2026-09-01,2026-09-02,2026-09-02,,1,https://fnbcorp.wd501.myworkdayjobs.com/FNBCORP/job/Pittsburgh-PA/Summer-2027-Application-Development-Intern_2026-01847,Simplify
Ameriprise Financial,Asset Management Technology Intern - Data Enablement,swe,Software,Summer 2027,"Boston, MA",Other,2026-09-01,2026-09-02,2026-09-02,,1,https://ameriprise.wd5.myworkdayjobs.com/en-US/Ameriprise/job/Boston-Massachusetts/Asset-Management-Technology-Intern---Data-Enablement_R26_3538,Simplify
AeroVironment,Embedded Software Engineer Intern,swe,Hardware,Summer 2027,"Dayton, OH, Annapolis Junction, MD, Pottstown, PA, Albuquerque, NM, Sunrise, FL, Arlington County, Arlington, VA, Melbourne, FL, Petaluma, CA, Centreville, VA, Lawrence, KS, Minneapolis, MN, San Luis Obispo, CA, Huntsville, AL, San Diego, CA, Moorpark, CA, Simi Valley, CA",Other,2026-09-01,2026-09-02,2026-09-02,,1,https://avav.wd1.myworkdayjobs.com/en-US/avav/job/Simi-Valley-CA/Summer-2027-Embedded-Software-Engineering-Intern_8388,Simplify
AeroVironment,Machine Learning Intern,data,AI/ML/Data,Summer 2027,"Centreville, VA, Minneapolis, MN",Other,2026-09-01,2026-09-02,2026-09-02,,1,https://avav.wd1.myworkdayjobs.com/en-US/avav/job/Minneapolis-MN/Summer-2027-Machine-Learning-Intern_8389,Simplify
AeroVironment,Software Engineer Intern,swe,Software,Summer 2027,"Germantown, MD, Annapolis Junction, MD, Pottstown, PA, Albuquerque, NM, Sunrise, FL, Arlington County, Arlington, VA, Melbourne, FL, Petaluma, CA, Minneapolis, MN, San Luis Obispo, CA, Huntsville, AL, San Diego, CA, Moorpark, CA, Simi Valley, CA",Other,2026-09-01,2026-09-02,2026-09-02,,1,https://avav.wd1.myworkdayjobs.com/en-US/avav/job/Simi-Valley-CA/Summer-2027-Software-Engineering-Intern_8611,Simplify
Vermeer,Software Engineer Intern - IT,swe,Software,Summer 2027,"Pella, IA",Other,2026-09-01,2026-09-02,2026-09-02,,1,https://vermeer.wd5.myworkdayjobs.com/externalcareersite/job/Pella-Iowa-USA---Corporate-Office/IT-Software-Engineer-Internship-Summer-2027_REQ-22178,Simplify
Michelin,R&D Performance Measurement Intern,data,AI/ML/Data,N/A,"Greenville, SC",Other,2026-09-01,2026-09-02,2026-09-02,,1,https://michelinhr.wd3.myworkdayjobs.com/Michelin/job/GREENVILLE-SC/Spring-2027--R-D-Performance-Measurement--Greenville--SC-_R-2026033244,Simplify
Northern Trust,Technology Intern - Software Engineering,swe,Software,Summer 2027,"Chicago, IL",Other,2026-09-01,2026-09-02,2026-09-02,,1,https://ntrs.wd1.myworkdayjobs.com/northerntrust/job/Chicago-IL/Technology-Intern---Software-Engineering_R160832-1,Simplify
Northern Trust,Technology Intern - Data Science and Analytics,data,AI/ML/Data,Summer 2027,"Chicago, IL",Other,2026-09-01,2026-09-02,2026-09-02,,1,https://ntrs.wd1.myworkdayjobs.com/northerntrust/job/Chicago-IL/Technology-Intern---Data-Science-and-Analytics_R160865-1,Simplify
Michelin,Data Engineering Intern,data,AI/ML/Data,Summer 2027,"Ardmore, OK",Other,2026-09-01,2026-09-02,2026-09-02,,1,https://michelinhr.wd3.myworkdayjobs.com/Michelin/job/ARDMORE-OK/Summer-2027-Internship--Data-Engineering---Ardmore--OK-_R-2026030979,Simplify
Fenwick & West,Forward Deployed Operations Intern,data,AI/ML/Data,Fall 2026,"Boston, MA, Seattle, WA, Santa Monica, CA, Washington, DC, SF, Silicon Valley, CA, NYC",Other,2026-09-01,2026-09-02,2026-09-02,,1,https://fenwick.wd1.myworkdayjobs.com/Fenwick_External_Careers/job/Silicon-Valley/Forward-Deployed-Operations-Intern_R2964,Simplify
Baird,Capital Markets Compliance Data & Analytics Intern,data,AI/ML/Data,Summer 2027,"Milwaukee, WI",Other,2026-09-01,2026-09-03,2026-09-03,,1,https://baird.wd1.myworkdayjobs.com/careers/job/WI-Milwaukee/Internship---Capital-Markets-Compliance-Data---Analytics--Year-Round-_R2026962-2,Simplify
Booz Allen,Systems Engineer Intern - University - 2027 Summer Games,swe,Software,Summer 2027,"Annapolis Junction, MD",Other,2026-09-01,2026-09-03,2026-09-03,,1,https://bah.wd1.myworkdayjobs.com/bah_jobs/job/Annapolis-Junction-MD/University---2027-Summer-Games-Systems-Engineer-Intern---Annapolis-Junction--MD_R0248384,Simplify
First National Bank,Enterprise Operations Intern - Multiple Teams,data,AI/ML/Data,Summer 2027,"Pittsburgh, PA",Other,2026-09-01,2026-09-03,2026-09-03,,1,https://fnbcorp.wd501.myworkdayjobs.com/FNBCORP/job/Pittsburgh-PA/Summer-2027-Enterprise-Operations-Intern_2026-01839,Simplify
Vanguard,Application Development Intern,swe,Software,Summer 2027,"Dallas, TX",Other,2026-09-01,2026-09-04,2026-09-04,,1,https://vanguard.wd5.myworkdayjobs.com/en-US/vanguard_external/job/DallasFt-Worth-TX/College-to-Corporate-IT-Internship---Application-Development---TX-_181846,Simplify
United Parcel Service,Business Analytics Intern - Americas Region,data,AI/ML/Data,Summer 2027,"Atlanta, GA",Other,2026-09-01,2026-09-04,2026-09-04,,1,https://hcmportal.wd5.myworkdayjobs.com/en-US/Search/job/US---UPS-CORPORATE-OFFICES-GACOR/Americas-Region-Business-Analytics-Summer-2027-Intern_R26030513,Simplify
RTX,Aerospace Engineering Intern - APU Programs Support,data,AI/ML/Data,Winter 2027,"Longueuil, QC, Canada",Other,2026-09-01,2026-09-04,2026-09-04,,1,https://globalhr.wd5.myworkdayjobs.com/rec_rtx_ext_gateway/job/CA-QC-LONGUEUIL-J01--1000-Blvd-Marie-Victorin--J01-BLDG/Stage---Hiver-2027---Support-aux-Programmes-des-GAP---Internship---Winter-2027---APU-Programs-Support_01869035,Simplify
Greenheck Group,Engineering Co-op,swe,Software,Summer 2027,"Tulsa, OK",Other,2026-09-01,2026-09-05,2026-09-05,,1,https://greenheckgroup.wd5.myworkdayjobs.com/external/job/Tulsa-OK/Engineering-Co-op-Opportunities--OK-_JR104348,Simplify
ByteDance,Cloud Acceleration Research Intern - DPU & AI Infra,data,Hardware,Summer 2027,"Seattle, WA",Other,2026-08-31,2026-09-01,2026-09-01,,1,https://jobs.bytedance.com/en/position/7679562740656933125/detail,Simplify
Aerotech,Software Engineering Intern Co-op - Enterprise Development Team - Application Development Team,swe,Software,Summer 2027,"Pittsburgh, PA",Other,2026-08-31,2026-09-01,2026-09-01,,1,https://aerotech.applytojob.com/apply/OFIYSpO0HW/Software-Engineering-Internship-Or-Coop-2027,Simplify
Cvent,Software Engineer Intern - Summer 2027,swe,Software,Summer 2027,"Tysons, VA",Other,2026-08-31,2026-09-01,2026-09-01,,1,https://careers.cvent.com/jobs/10806?icims=1,Simplify
HP IQ,Software Engineer Intern - Cloud Services - Summer 2027,swe,Software,Summer 2027,SF,Other,2026-08-31,2026-08-31,2026-09-01,,1,https://job-boards.greenhouse.io/hpiq/jobs/6111955004,Simplify
HP IQ,Software Engineer Intern - AML Platform,swe,AI/ML/Data,Summer 2027,SF,Other,2026-08-31,2026-08-31,2026-09-01,,1,https://job-boards.greenhouse.io/hpiq/jobs/6114781004,Simplify
HP IQ,Software Engineer Intern,swe,Software,Summer 2027,SF,Other,2026-08-31,2026-08-31,2026-09-01,,1,https://job-boards.greenhouse.io/hpiq/jobs/6114912004,Simplify
HP IQ,Software Engineer Intern - Product & Developer Productivity - Summer 2027,swe,AI/ML/Data,Summer 2027,SF,Other,2026-08-31,2026-08-31,2026-09-01,,1,https://job-boards.greenhouse.io/hpiq/jobs/6114890004,Simplify
Google,Software Engineer Intern - Multiple Teams,swe,Software,Summer 2027,"Palo Alto, CA, Cambridge, MA, Madison, WI, Seattle, WA, Houston, TX, SF, Austin, TX, LA, San Jose, CA, Irvine, CA, South SF, Redwood City, CA, Raleigh, NC, San Bruno, CA, Redmond, WA, Durham, NC, Santa Cruz, CA, Chicago, IL, Goleta, CA, Pittsburgh, PA, Kirkland, WA, Reston, VA, NYC, Bellevue, WA, Sunnyvale, CA, Mountain View, CA, Portland, OR, Boulder, CO, Atlanta, GA, San Diego, CA",Other,2026-08-31,2026-08-31,2026-09-01,,1,https://www.google.com/about/careers/applications/jobs/results/94172495052972742,Simplify
Stripe,"Software Engineer, Intern",swe,,,London,,2026-08-31,2026-08-31,2026-09-01,,1,https://stripe.com/jobs/search?gh_jid=8130867,greenhouse:stripe
Michael Baker International,GIS Intern,data,AI/ML/Data,Fall 2026,Illinois,Other,2026-08-31,2026-08-31,2026-09-01,,1,https://ebxs.fa.us2.oraclecloud.com/hcmUI/CandidateExperience/en/sites/CX_2/job/309779,Simplify
Epic Games,Frontend Programmer Intern,swe,Software,Summer 2027,"Cary, NC",Other,2026-08-31,2026-08-31,2026-09-01,,1,https://epicgames.com/careers/jobs/6173862004?gh_jid=6173862004,Simplify
Bosch Home Comfort,AI Application Intern,data,AI/ML/Data,Summer 2027,"Farmington Hills, MI",Other,2026-08-31,2026-08-31,2026-09-01,,1,https://jobs.smartrecruiters.com/BoschGroup/744000146547599,Simplify
Bosch Home Comfort,Software Engineer Intern,swe,Software,Summer 2027,"Farmington Hills, MI",Other,2026-08-31,2026-08-31,2026-09-01,,1,https://jobs.smartrecruiters.com/BoschGroup/744000146546849,Simplify
C3.ai,Data Scientist Intern - Summer 2027,data,AI/ML/Data,Summer 2027,"Redwood City, CA",Other,2026-08-31,2026-08-31,2026-09-01,,1,https://c3.ai/job-description/8738918002?gh_jid=8738918002,Simplify
C3.ai,Software Engineer Intern,swe,Software,Summer 2027,"Redwood City, CA",Other,2026-08-31,2026-08-31,2026-09-01,,1,https://c3.ai/job-description/8739037002?gh_jid=8739037002,Simplify
Waymo,Data Science Intern - Commercialization Testing,data,AI/ML/Data,Summer 2027,SF,Other,2026-08-31,2026-08-31,2026-09-01,,1,https://careers.withwaymo.com/jobs?gh_jid=8167323,Simplify
Major League Baseball,Domestic Scouting Analyst Fellow - Domestic Scouting,data,AI/ML/Data,N/A,"Baltimore, MD",Other,2026-08-31,2026-08-31,2026-09-01,,1,https://job-boards.greenhouse.io/baltimoreorioles/jobs/6174979004,Simplify
Robert Bosch Venture Capital,Calibration Process Data Science Intern - 8 months/40 hours per week,data,AI/ML/Data,Summer 2027,"Farmington Hills, MI",Other,2026-08-31,2026-08-31,2026-09-01,,1,https://jobs.smartrecruiters.com/BoschGroup/744000146524429,Simplify
Tesla,Mobile App Intern - Mobile Applications - Automated Diagnostics,swe,Software,Winter 2027,"Palo Alto, CA",Other,2026-08-31,2026-08-31,2026-09-01,,1,https://www.tesla.com/careers/search/job/281625,Simplify
Integra FEC,Data Scientist Intern - PhD,data,AI/ML/Data,Spring 2027,"Austin, TX",Other,2026-08-31,2026-08-31,2026-09-01,,1,https://job-boards.greenhouse.io/integrainterns/jobs/5406093008,Simplify
Exelon,Data Science Intern - Data Science/Analytics,data,AI/ML/Data,Summer 2027,"Washington, DC, Newark, DE, Philadelphia, PA, Chicago, IL, Oakbrook Terrace, IL, Hamilton, NJ, Baltimore, MD",Other,2026-08-31,2026-08-31,2026-09-01,,1,https://careers.comed.com/jobs/30120?icims=1,Simplify
State Farm,Financial Operations Data Analytics Intern,data,AI/ML/Data,Summer 2027,"Tempe, AZ, Dunwoody, GA, Richardson, TX, Bloomington, IL",Other,2026-08-31,2026-08-31,2026-09-01,,1,https://jobs.statefarm.com/jobs/45477?icims=1,Simplify
Waymo,"2027 Summer Intern, MS/PhD, Data Science - Commercialization Testing",data,,,"San Francisco, California, United States",,2026-08-31,2026-08-31,2026-09-02,,1,https://careers.withwaymo.com/jobs?gh_jid=8167323,greenhouse:waymo
Qorvo,Product Engineer Intern - Design and Applications,swe,Software,Fall 2026,"Richardson, TX",Other,2026-08-31,2026-08-31,2026-09-01,,1,https://careers.qorvo.com/job/Richardson-Product-Engineer-D&A-Intern-TX-75081/1424806900/?ats=successfactors,Simplify
Qorvo,Engineering Intern,data,AI/ML/Data,Fall 2026,"Richardson, TX",Other,2026-08-31,2026-08-31,2026-09-01,,1,https://careers.qorvo.com/job/Richardson-Engineering-Intern-TX-75081/1424705500/?ats=successfactors,Simplify
Qorvo,Data Analytics Intern,data,AI/ML/Data,Fall 2026,"Greensboro, NC",Other,2026-08-31,2026-08-31,2026-09-01,,1,https://careers.qorvo.com/job/Greensboro-Data-Analytics-Intern-NC-27409/1421970400/?ats=successfactors,Simplify
Qorvo,Software Engineer Intern - Software R&D,swe,Software,Fall 2026,"Apopka, FL",Other,2026-08-31,2026-08-31,2026-09-01,,1,"https://careers.qorvo.com/job/Apopka-Software-Engineering-Intern,-SWR-FL-32703/1423577900/?ats=successfactors",Simplify
Qorvo,Research Scientist Intern,data,Hardware,Fall 2026,"Richardson, TX",Other,2026-08-31,2026-09-03,2026-09-01,,1,https://careers.qorvo.com/job/Richardson-Research-Scientist-Intern-TX-75080/1424705400/?ats=successfactors,Simplify
Qorvo,Software Engineer Intern,swe,Software,Fall 2026,"Richardson, TX",Other,2026-08-31,2026-08-31,2026-09-01,,1,https://careers.qorvo.com/job/Richardson-Software-Engineering-Intern-TX-75080/1424729800/?ats=successfactors,Simplify
Qorvo,Software Engineer Intern - SWR,swe,Software,Fall 2026,"Greensboro, NC",Other,2026-08-31,2026-08-31,2026-09-01,,1,"https://careers.qorvo.com/job/Greensboro-Software-Engineering-Intern,-SWR-NC-27409/1421982000/?ats=successfactors",Simplify
Qorvo,Software Characterization Engineer Intern,swe,Software,Fall 2026,"Greensboro, NC",Other,2026-08-31,2026-08-31,2026-09-01,,1,https://careers.qorvo.com/job/Greensboro-Software-Characterization-Eng-Intern-NC-27409/1420018600/?ats=successfactors,Simplify
Qorvo,Full-Stack Web Developer Intern,swe,Software,Summer 2027,"Richardson, TX",Other,2026-08-31,2026-08-31,2026-09-01,,1,https://careers.qorvo.com/job/Richardson-Full-Stack-Web-Developer-Intern-TX-75080/1424716200/?ats=successfactors,Simplify
Qorvo,Test Engineer Intern - RF Load Pull,data,AI/ML/Data,Fall 2026,"Richardson, TX",Other,2026-08-31,2026-08-31,2026-09-01,,1,https://careers.qorvo.com/job/Richardson-Test-Engineering-Intern-TX-75081/1424731100/?ats=successfactors,Simplify
Qorvo,Software/Firmware Engineering Intern,swe,Hardware,Fall 2026,"Richardson, TX",Other,2026-08-31,2026-08-31,2026-09-01,,1,https://careers.qorvo.com/job/Richardson-Software-Firmware-Engineering-Intern-TX-75081/1424727700/?ats=successfactors,Simplify
TikTok,Machine Learning Engineer Intern - E-Commerce Knowledge Graph,data,AI/ML/Data,Summer 2027,"San Jose, CA",Other,2026-08-31,2026-08-31,2026-09-01,,1,https://lifeattiktok.com/search/7676652813409552645,Simplify
Framatome,Computer Science Engineer Intern Co-op - University Co-op Technical,swe,Software,Fall 2026,"Lynchburg, VA",Other,2026-08-31,2026-08-31,2026-09-01,,1,https://careers-framatome.icims.com/jobs/3294/job?mobile=true&needsRedirect=false,Simplify
Intelcom | Dragonfly,R&D Solution Builder Intern,swe,Software,Fall 2026,"Montreal, QC, Canada",Other,2026-08-31,2026-08-31,2026-09-01,,1,https://intelcomgroup.wd3.myworkdayjobs.com/Intelcom/job/Canada-Quebec-Montreal/R-D-Solution-Builder-Intern_JR111563,Simplify
Intelcom | Dragonfly,Full-Stack Developer Intern - Route Optimization,swe,Software,Fall 2026,"Montreal, QC, Canada",Other,2026-08-31,2026-08-31,2026-09-01,,1,https://intelcomgroup.wd3.myworkdayjobs.com/Intelcom/job/Canada-Quebec-Montreal/Full-Stack-Developer-Intern---Route-Optimization_JR111570-1,Simplify
Intelcom | Dragonfly,Routing Data Analytics & Optimization Intern,data,AI/ML/Data,Fall 2026,"Montreal, QC, Canada",Other,2026-08-31,2026-08-31,2026-09-01,,1,https://intelcomgroup.wd3.myworkdayjobs.com/Intelcom/job/Canada-Quebec-Montreal/Routing-Data-Analytics---Optimization-Intern_JR111557-1,Simplify
Intelcom | Dragonfly,AI Data Analyst Intern,data,AI/ML/Data,Fall 2026,"Montreal, QC, Canada",Other,2026-08-31,2026-08-31,2026-09-01,,1,https://intelcomgroup.wd3.myworkdayjobs.com/Intelcom/job/Canada-Quebec-Montreal/AI-Data-Analyst-Intern_JR111568,Simplify
Intelcom | Dragonfly,Business Intelligence Developer Intern - BI,swe,AI/ML/Data,Fall 2026,"Montreal, QC, Canada",Other,2026-08-31,2026-08-31,2026-09-01,,1,https://intelcomgroup.wd3.myworkdayjobs.com/Intelcom/job/Canada-Quebec-Montreal/Business-Intelligence--BI--Developer-Intern_JR111555,Simplify
Intelcom | Dragonfly,Data Engineer Intern,data,AI/ML/Data,Fall 2026,"Montreal, QC, Canada",Other,2026-08-31,2026-08-31,2026-09-01,,1,https://intelcomgroup.wd3.myworkdayjobs.com/Intelcom/job/Canada-Quebec-Montreal/Data-Engineering-Intern_JR111567,Simplify
Stryker,Data Analytics Intern - Multiple Teams,data,AI/ML/Data,Summer 2027,"Portage, MI",Other,2026-08-31,2026-08-31,2026-09-01,,1,https://stryker.wd1.myworkdayjobs.com/StrykerCareers/job/Portage-Michigan/Summer-2027-Internship---Data-Analytics---Michigan_R572601,Simplify
Stryker,Software Engineering Intern - Software Engineering,swe,Software,Summer 2027,"Fort Lauderdale, FL",Other,2026-08-31,2026-08-31,2026-09-01,,1,https://stryker.wd1.myworkdayjobs.com/StrykerCareers/job/Fort-Lauderdale-Florida/Summer-2027-Internship---Software-Engineering---Florida_R572629-1,Simplify
Stryker,Software Engineering Intern - Multiple Teams,swe,Software,Summer 2027,"Fort Wayne, IN",Other,2026-08-31,2026-08-31,2026-09-01,,1,https://stryker.wd1.myworkdayjobs.com/StrykerCareers/job/Fort-Wayne-Indiana/Summer-2027-Internship---Software-Engineering---Indiana_R572631,Simplify
Medline,Business Intelligence Development/Analytics Intern,data,AI/ML/Data,Summer 2027,"Northbrook, IL",Other,2026-08-31,2026-08-31,2026-09-01,,1,https://medline.wd5.myworkdayjobs.com/en-US/Medline/job/Northbrook-Illinois/IT-Business-Intelligence-Development-Analytics-Intern---Summer-2027_R2617383,Simplify
The Home Depot,Data Science Intern,data,AI/ML/Data,Summer 2027,"Atlanta, GA",Other,2026-08-31,2026-08-31,2026-09-01,,1,https://homedepot.wd5.myworkdayjobs.com/careerdepot/job/STORE-SUPPORT-CENTER-ATLANTA---9090/XMLNAME-2027-Summer-Internship---PhD-Data-Science_Req191948,Simplify
The Home Depot,Data Science & Analytics Intern,data,AI/ML/Data,Summer 2027,"Atlanta, GA",Other,2026-08-31,2026-08-31,2026-09-01,,1,https://homedepot.wd5.myworkdayjobs.com/careerdepot/job/STORE-SUPPORT-CENTER-ATLANTA---9090/XMLNAME-2027-Summer-Internship---Data-Science---Analytics_Req191968,Simplify
The Home Depot,Software Engineer Intern,swe,Software,Summer 2027,"Atlanta, GA",Other,2026-08-31,2026-08-31,2026-09-01,,1,https://homedepot.wd5.myworkdayjobs.com/careerdepot/job/STORE-SUPPORT-CENTER-ATLANTA---9090/XMLNAME-2027-Summer-Internship---Software-Engineering_Req191937,Simplify
Cardinal Health,Data and Analytics Intern - Summer 2027,data,AI/ML/Data,Summer 2027,"Dublin, OH",Other,2026-08-31,2026-08-31,2026-09-01,,1,https://cardinalhealth.wd1.myworkdayjobs.com/EXT/job/OH-Dublin-Cardinal-Place/Data---Analytics-Internship--Summer-2027-_20185913,Simplify
Mastercard,Data Scientist Intern,data,AI/ML/Data,Summer 2027,"O'Fallon, MO",Other,2026-08-31,2026-08-31,2026-09-01,,1,https://mastercard.wd1.myworkdayjobs.com/Campus/job/OFallon-Missouri/Data-Scientist-Intern--Summer-2027---St-Louis--MO--US_R-284879,Simplify
Fifth Third Bank,Enterprise Data Office Co-op,data,AI/ML/Data,Summer 2027,"Cincinnati, OH",Other,2026-08-31,2026-08-31,2026-09-01,,1,https://fifththird.wd5.myworkdayjobs.com/en-US/53careers/job/Cincinnati-OH/Enterprise-Data-Office-College-Co-op---Summer-2027---Cincinnati_R72261,Simplify
Medline,RPA & Agentic AI Software Technologies Intern - Summer 2027,swe,Software,Summer 2027,"Northbrook, IL",Other,2026-08-31,2026-08-31,2026-09-01,,1,https://medline.wd5.myworkdayjobs.com/en-US/Medline/job/Northbrook-Illinois/RPA---Agentic-AI-Software-Technologies-Intern---Summer-2027_R2617378,Simplify
DraftKings,Analytics Intern - Summer 2027,data,AI/ML/Data,Summer 2027,"Boston, MA",Other,2026-08-31,2026-08-31,2026-09-01,,1,https://draftkings.wd1.myworkdayjobs.com/Campus_Career_Portal/job/Boston-MA/Analyst-Intern--Summer-2027-_JR14926,Simplify
DraftKings,Software Engineer Intern - Summer 2027,swe,Software,Summer 2027,"Boston, MA",Other,2026-08-31,2026-08-31,2026-09-01,,1,https://draftkings.wd1.myworkdayjobs.com/Campus_Career_Portal/job/Boston-MA/Software-Engineer-Intern--Summer-2027-_JR14928,Simplify
Marmon Holdings,AI Intern,data,AI/ML/Data,Fall 2026,"Sauget, IL",Other,2026-08-31,2026-08-31,2026-09-01,,1,https://marmon.wd501.myworkdayjobs.com/Marmon_Careers/job/Sauget-IL/AI-Intern_JR0000045510,Simplify
NiSource,Software Engineer Intern,swe,Software,Summer 2027,"Columbus, OH, Merrillville, IN",Other,2026-08-31,2026-08-31,2026-09-01,,1,https://nisource.wd1.myworkdayjobs.com/NiSource/job/Merrillville-IN-SLC/Intern-IT---Software-Engineer_R00943449,Simplify
Oshkosh,Software Engineer Intern - Software - Summer 2027,swe,Hardware,Summer 2027,"Greenville, WI, Oshkosh, WI",Other,2026-08-31,2026-08-31,2026-09-01,,1,https://oshkoshcorporation.wd5.myworkdayjobs.com/Oshkosh/job/Greenville-Wisconsin-United-States/Engineer-Intern---Software--Summer-2027-_R49745,Simplify
Oshkosh,Digital Technology Intern - Application Development - Year Round,swe,Software,Fall 2026,"Roy, UT",Other,2026-08-31,2026-08-31,2026-09-01,,1,https://oshkoshcorporation.wd5.myworkdayjobs.com/Oshkosh/job/Roy-Utah-United-States/Digital-Technology-Intern---Application-Development--Year-Round-_R49872,Simplify
CIBC,Software Engineer Co-op,swe,Software,Spring 2027,"Chicago, IL",Other,2026-08-31,2026-08-31,2026-09-01,,1,https://cibc.wd3.myworkdayjobs.com/search/job/Chicago-IL/XMLNAME-2027-Spring-Term-Software-Engineer-Co-op---Chicago--Northeastern-University-_2617782-1,Simplify
Manulife Financial,Software Engineering Co-op,swe,Software,Winter 2027,"Toronto, ON, Canada",Other,2026-08-31,2026-08-31,2026-09-01,,1,https://manulife.wd3.myworkdayjobs.com/en-US/MFCJH_Jobs/job/Toronto-Ontario/Winter-Co-op-2027---Software-Engineering_JR26081663,Simplify
Manulife Financial,Quantitative Analyst Co-op - Derivative and Asset Modeling,quant,Quant,Winter 2027,"Toronto, ON, Canada",Other,2026-08-31,2026-08-31,2026-09-01,,1,https://manulife.wd3.myworkdayjobs.com/en-US/MFCJH_Jobs/job/Toronto-Ontario/XMLNAME-2027-Canada-Winter-Co-op---Quantitative-Analyst_JR26080353,Simplify
Manulife Financial,Data Engineer Co-op - Data Engineering,data,AI/ML/Data,Winter 2027,"Toronto, ON, Canada",Other,2026-08-31,2026-08-31,2026-09-01,,1,https://manulife.wd3.myworkdayjobs.com/en-US/MFCJH_Jobs/job/Toronto-Ontario/Winter-Co-op-2027---Data-Engineering_JR26081658,Simplify
Manulife Financial,Software Engineer Intern - Software Engineering,swe,Software,Spring 2027,"Toronto, ON, Canada",Other,2026-08-31,2026-08-31,2026-09-01,,1,https://manulife.wd3.myworkdayjobs.com/en-US/MFCJH_Jobs/job/Toronto-Ontario/Summer-Intern-2027---Software-Engineering--8-Months-_JR26081685,Simplify
General Motors,Data Engineering Software Developer Co-op,swe,AI/ML/Data,Winter 2027,"Markham, ON, Canada, Oshawa, ON, Canada",Other,2026-08-31,2026-08-31,2026-09-01,,1,https://generalmotors.wd5.myworkdayjobs.com/Careers_GM/job/Markham-Ontario-Canada/XMLNAME-2027-Winter-Co-op-Data-Engineering-Software-Developer_JR-202618353,Simplify
Nike,Software Engineer Intern,swe,Software,Summer 2027,"Beaverton, OR",Other,2026-08-31,2026-08-31,2026-09-01,,1,https://nike.wd1.myworkdayjobs.com/nke/job/Beaverton-Oregon/NIKE--Inc-Software-Engineering-Undergraduate-Internship_R-91111,Simplify
CACI,Software Engineer Co-op - Summer & Fall 2027,swe,Software,Summer 2027,"Danbury, CT",Other,2026-08-31,2026-08-31,2026-09-01,,1,https://caci.wd1.myworkdayjobs.com/external/job/Danbury-CT-US/Software-Engineering-Co-op---Summer---Fall-2027_331354,Simplify
CACI,Software Engineer Co-op - Spring & Summer 2027,swe,Software,Summer 2027,"Danbury, CT",Other,2026-08-31,2026-08-31,2026-09-01,,1,https://caci.wd1.myworkdayjobs.com/external/job/Danbury-CT-US/Software-Engineering-Co-op---Spring---Summer-2027_331356-1,Simplify
Fifth Third Bank,Enterprise Data Office Co-op - Spring 2027,data,AI/ML/Data,Spring 2027,"Cincinnati, OH",Other,2026-08-31,2026-08-31,2026-09-01,,1,https://fifththird.wd5.myworkdayjobs.com/en-US/53careers/job/Cincinnati-OH/Enterprise-Data-Office-Co-op---Spring-2027_R72257,Simplify
Micron Technology,AI Systems and Infrastructure Engineering Intern,swe,AI/ML/Data,Fall 2026,"Austin, TX",Other,2026-08-31,2026-08-31,2026-09-01,,1,https://micron.wd1.myworkdayjobs.com/External/job/Austin-TX/Intern---AI-Systems-and-Infrastructure-Engineering_JR109990,Simplify
Regions Bank,Human Resources Data and Analytics Intern,data,AI/ML/Data,Summer 2027,"Birmingham, AL, Hoover, AL",Other,2026-08-31,2026-08-31,2026-09-01,,1,https://regions.wd5.myworkdayjobs.com/regions_careers/job/Birmingham-AL---Regions-Center/XMLNAME-2027-ETP-Intern---Human-Resources-Data-and-Analytics--Birmingham--AL_R105679,Simplify
Arch Capital Group,Data and Analytics Intern,data,AI/ML/Data,Summer 2027,"Farmington, CT",Other,2026-08-31,2026-08-31,2026-09-01,,1,https://archgroup.wd1.myworkdayjobs.com/careers/job/Farmington-CT-United-States-of-America/Data-and-Analytics-Intern_R26_845,Simplify
Brunswick,Software Controls Engineer Intern,swe,Hardware,Summer 2027,"Fond du Lac, WI",Other,2026-08-31,2026-08-31,2026-09-01,,1,https://brunswick.wd1.myworkdayjobs.com/en-US/search/job/Fond-du-Lac-WI/Mercury-Marine--Software-Controls-Engineering-Intern_JR-051436,Simplify
Manulife Financial,Quantitative Analyst Co-op Intern - Derivative and Asset Modeling,quant,Quant,Summer 2027,"Toronto, ON, Canada",Other,2026-08-31,2026-09-01,2026-09-01,,1,https://manulife.wd3.myworkdayjobs.com/en-US/MFCJH_Jobs/job/Toronto-Ontario/XMLNAME-2027-Canada-Summer-Co-op---Quantitative-Analyst_JR26080358,Simplify
Adobe,Machine Learning Engineer Intern,data,AI/ML/Data,Summer 2027,"Seattle, WA, SF, Austin, TX, San Jose, CA, NYC, Lehi, UT",Other,2026-08-31,2026-09-01,2026-09-01,,1,https://adobe.wd5.myworkdayjobs.com/external_experienced/job/San-Jose/XMLNAME-2027-Intern---Machine-Learning-Engineer_R171519,Simplify
BlueCross BlueShield of Nebraska,Data Intern - Data Science - Data Analytics,data,AI/ML/Data,Summer 2027,"Omaha, NE",Other,2026-08-31,2026-09-01,2026-09-02,,1,https://nebraskablue.wd1.myworkdayjobs.com/BCBSNE/job/Omaha-NE/Data-Intern--Summer-2027_JR101406,Simplify
BlueCross BlueShield of Nebraska,Digital Experience Information Systems Intern,swe,Software,Summer 2027,"Omaha, NE",Other,2026-08-31,2026-09-01,2026-09-02,,1,https://nebraskablue.wd1.myworkdayjobs.com/BCBSNE/job/Omaha-NE/IS-Intern--Summer-2027_JR101404,Simplify
Manulife Financial,Data & Analytics Co-op - 8 Months,data,AI/ML/Data,Winter 2027,"Toronto, ON, Canada",Other,2026-08-31,2026-09-01,2026-09-02,,1,https://manulife.wd3.myworkdayjobs.com/en-US/MFCJH_Jobs/job/Toronto-Ontario/XMLNAME-2027-Winter-Co-op---Data---Analytics--8-Months-_JR26081944,Simplify
NiSource,People Analytics Intern,data,AI/ML/Data,Summer 2027,"Columbus, OH",Other,2026-08-31,2026-09-03,2026-09-03,,1,https://nisource.wd1.myworkdayjobs.com/NiSource/job/Columbus-OH---Arena-District/Intern-People-Analytics_R00943381,Simplify
Manulife Financial,Reporting Analyst Intern,data,AI/ML/Data,Summer 2027,"Toronto, ON, Canada",Other,2026-08-31,2026-09-03,2026-09-03,,1,https://manulife.wd3.myworkdayjobs.com/en-US/MFCJH_Jobs/job/Toronto-Ontario/XMLNAME-2027-Canada-Summer-Co-op---Reporting-Analyst_JR26080667,Simplify
Manulife Financial,Reporting Analyst Co-op,data,AI/ML/Data,Summer 2027,"Toronto, ON, Canada",Other,2026-08-31,2026-09-03,2026-09-03,,1,https://manulife.wd3.myworkdayjobs.com/en-US/MFCJH_Jobs/job/Toronto-Ontario/XMLNAME-2027-Canada-Winter-Co-op---Reporting-Analyst_JR26080665,Simplify
NiSource,Change Management Analytics Intern,data,AI/ML/Data,Summer 2027,"Columbus, OH",Other,2026-08-31,2026-09-09,2026-09-09,,1,https://nisource.wd1.myworkdayjobs.com/NiSource/job/Columbus-OH---Arena-District/Intern-People-Analytics---Change-Management_R00943378,Simplify
Equifax,Technology Intern - Software Development - Site Reliability Engineering,swe,Software,Fall 2026,"Alpharetta, GA",Other,2026-08-30,2026-08-31,2026-09-01,,1,https://equifax.wd5.myworkdayjobs.com/UR_External/job/USA---Georgia---Alpharetta---30005/USIS-Technology-Intern_J00178784,Simplify
Northwood Space,Software Engineer Intern - Multiple Teams,swe,Software,Summer 2027,"LA, Torrance, CA",Other,2026-08-29,2026-08-29,2026-09-01,,1,https://jobs.ashbyhq.com/NorthwoodSpace/ce3d4b73-461e-4128-a6f1-f933897e8119/application?embed=true,Simplify
Northwood Space,Embedded Software Engineer Intern,swe,Hardware,Summer 2027,"LA, Torrance, CA",Other,2026-08-29,2026-08-29,2026-09-01,,1,https://jobs.ashbyhq.com/NorthwoodSpace/d0cca9dd-ea90-4c3b-94b4-17761932d11c/application?embed=true,Simplify
Clerkie,Software Engineer Intern,swe,Software,Fall 2026,Remote in USA,Other,2026-08-29,2026-08-29,2026-09-01,,1,http://getfiber.ai/careers?gh_jid=5225258007,Simplify
Zipline,Maps Intern - Summer 2027,swe,Software,Summer 2027,South SF,Other,2026-08-29,2026-09-03,2026-09-03,,1,https://www.zipline.com/open-roles?gh_jid=7980866003,Simplify
Intuit,Software Engineer Intern - Full Stack,swe,Software,Summer 2027,"Charlotte, NC, NYC, Mountain View, CA, Atlanta, GA, San Diego, CA",Other,2026-08-29,2026-08-29,2026-09-14,,1,https://jobs.intuit.com/job/mountain-view/summer-2027-software-engineering-intern-full-stack/27595/99856180864,Simplify
Persona AI,Robotics Software Intern - Manipulation,swe,Software,Summer 2027,"Houston, TX",Other,2026-08-29,2026-08-29,2026-09-01,,1,https://jobs.ashbyhq.com/persona.ai/1e8d195c-e28e-423d-a06a-9eeb401ed4fc/application?embed=true,Simplify
Bland AI,Machine Learning Research Intern - Audio,data,AI/ML/Data,Fall 2026,SF,Other,2026-08-29,2026-08-29,2026-09-01,,1,https://jobs.ashbyhq.com/bland/c8a5c0de-935d-4f76-bc7d-237cbfb2cf55/application?embed=true,Simplify
Epic Games,Web Engineer Intern - Tools & Portals,swe,Software,Fall 2026,"London, UK",Other,2026-08-29,2026-08-29,2026-09-01,,1,https://epicgames.com/careers/jobs/6163851004?gh_jid=6163851004,Simplify
Charles Schwab,Data Engineering Intern - Data Engineering,data,AI/ML/Data,Summer 2027,"Austin, TX, Westlake, TX, Southlake, TX",Other,2026-08-29,2026-08-29,2026-09-04,,1,https://career-schwab.icims.com/jobs/126227/job?mobile=true&needsRedirect=false,Simplify
Charles Schwab,Software Engineering Intern - Technology,swe,Software,Summer 2027,"Austin, TX, Westlake, TX, Ann Arbor, MI, Southlake, TX, Omaha, NE, Phoenix, AZ",Other,2026-08-29,2026-08-29,2026-09-05,,1,https://career-schwab.icims.com/jobs/126228/job?mobile=true&needsRedirect=false,Simplify
Xaira Therapeutics,AI Scientist Intern - Computational Protein Design,data,AI/ML/Data,Fall 2026,"Seattle, WA, South SF",Other,2026-08-28,2026-09-03,2026-09-03,,1,https://job-boards.greenhouse.io/xairatherapeutics/jobs/5225658007,Simplify
Vertiv,Service Technology Research Intern - Summer 2027,data,AI/ML/Data,Summer 2027,"Westerville, OH",Other,2026-08-28,2026-08-28,2026-09-01,,1,https://egup.fa.us2.oraclecloud.com/hcmUI/CandidateExperience/en/sites/CX/job/20270351,Simplify
Zipline,Maps Intern - Spring 2027,swe,Software,Spring 2027,South SF,Other,2026-08-28,2026-08-28,2026-09-01,,1,https://www.zipline.com/open-roles?gh_jid=7929354003,Simplify
CSX,Engineering Intern - Positive Train Control - Paid,data,AI/ML/Data,Summer 2027,"Jacksonville, FL",Other,2026-08-28,2026-08-28,2026-09-01,,1,https://fa-eowa-saasfaprod1.fa.ocs.oraclecloud.com/hcmUI/CandidateExperience/en/sites/CSXCareers/job/54826,Simplify
Waymo,"2027 Summer Intern, MS/PhD, Quantitative UX Researcher, Growth/International Expansion",quant,,,"San Francisco, California, United States",,2026-08-28,2026-08-28,2026-09-02,,1,https://careers.withwaymo.com/jobs?gh_jid=8163364,greenhouse:waymo
CSX,Intermodal Intern - Summer 2027 - Paid,data,AI/ML/Data,Summer 2027,"Jacksonville, FL",Other,2026-08-28,2026-08-28,2026-09-01,,1,https://fa-eowa-saasfaprod1.fa.ocs.oraclecloud.com/hcmUI/CandidateExperience/en/sites/CSXCareers/job/54817,Simplify
Affirm,"Staff Software Engineer, Backend (Identity International)",swe,,,Remote Poland,,2026-08-28,2026-08-28,2026-09-01,,1,https://job-boards.greenhouse.io/affirm/jobs/7931496003,greenhouse:affirm
Fab2,Embedded Software Engineer Intern - Winter,swe,Hardware,Winter 2027,"SF, Austin, TX",Other,2026-08-28,2026-08-28,2026-09-01,,1,https://jobs.ashbyhq.com/fab2/3c7fd0f1-b25f-413c-8e62-6ef00a9d47da/application?embed=true,Simplify
Fab2,Automation Software Engineer Intern - Winter,swe,Software,Winter 2027,"SF, Austin, TX",Other,2026-08-28,2026-08-28,2026-09-01,,1,https://jobs.ashbyhq.com/fab2/f38b33e7-149e-45b2-b03f-fb8c1b437765/application?embed=true,Simplify
Analog Devices,AI/ML Engineer Intern,data,AI/ML/Data,Fall 2026,"Wilmington, MA",Other,2026-08-28,2026-08-28,2026-09-01,,1,https://analogdevices.wd1.myworkdayjobs.com/External/job/US-MA-Wilmington/AI-ML-Engineer-Intern_R265579,Simplify
Huntington Bancshares,Data and Analytics Intern,data,AI/ML/Data,Summer 2027,"Detroit, MI, Dallas, TX, Charlotte, NC, Columbus, OH",Other,2026-08-28,2026-08-28,2026-09-01,,1,https://huntington.wd12.myworkdayjobs.com/HNBcareers/job/Columbus-OH/Summer-2027-Data-and-Analytics-Internship_R0075377,Simplify
Booz Allen,Data Scientist Intern - Summer Games,data,AI/ML/Data,Summer 2027,"Rome, NY",Other,2026-08-28,2026-08-28,2026-09-01,,1,https://bah.wd1.myworkdayjobs.com/bah_jobs/job/Rome-NY/University--2027-Summer-Games-Data-Scientist-Intern_R0248143,Simplify
Booz Allen,AI Software Developer Intern,swe,Software,Summer 2027,"San Diego, CA",Other,2026-08-28,2026-08-28,2026-09-01,,1,https://bah.wd1.myworkdayjobs.com/bah_jobs/job/San-Diego-CA/AI-Software-Developer-Intern_R0248115,Simplify
Booz Allen,Software Developer Intern - University - 2027 Summer Games,swe,Software,Summer 2027,"Colorado Springs, CO",Other,2026-08-28,2026-08-28,2026-09-01,,1,https://bah.wd1.myworkdayjobs.com/bah_jobs/job/Colorado-Springs-CO/University--2027-Summer-Games-Software-Developer-Intern_R0248130,Simplify
Brunswick,Software Engineer Intern,swe,Software,Fall 2026,"Menomonee Falls, WI",Other,2026-08-28,2026-08-28,2026-09-01,,1,https://brunswick.wd1.myworkdayjobs.com/en-US/search/job/Menomonee-Falls-WI/Software-Engineer-Intern_JR-051426-1,Simplify
Brunswick,Reinforcement Learning Intern - Boating Intelligence Design Lab,data,AI/ML/Data,Summer 2027,"Champaign, IL",Other,2026-08-28,2026-08-28,2026-09-01,,1,https://brunswick.wd1.myworkdayjobs.com/en-US/search/job/Champaign-IL/Software-Engineering-Intern_JR-051449,Simplify
Lennox International,MES & Industrial Automation Intern,data,AI/ML/Data,Fall 2026,"Richardson, TX",Other,2026-08-27,2026-08-27,2026-09-01,,1,https://uscareers-lennox.icims.com/jobs/54562/job?mobile=true&needsRedirect=false,Simplify
TELUS Digital,Software Engineer Intern - US - Summer 2027,swe,Software,Summer 2027,"Durham, NC, Columbus, OH, Charlottesville, VA",Other,2026-08-27,2026-08-27,2026-09-01,,1,https://jobs.ashbyhq.com/telus-digital/32ee6ede-d3cf-4827-b7af-f8d64f2bca11/application?embed=true,Simplify
Tesla,Software Engineer Intern - Vehicle Software - Summer 2027,swe,Software,Summer 2027,"Palo Alto, CA",Other,2026-08-27,2026-08-27,2026-09-01,,1,https://www.tesla.com/careers/search/job/281097,Simplify
Tesla,Software Engineer Intern - Information Security - Spring 2027,swe,Software,Winter 2027,"Bellevue, WA",Other,2026-08-27,2026-08-27,2026-09-01,,1,https://www.tesla.com/careers/search/job/281473,Simplify
Tesla,Automated Diagnostics Intern - Software Engineer,swe,Software,Winter 2027,"Palo Alto, CA",Other,2026-08-27,2026-08-27,2026-09-01,,1,https://www.tesla.com/careers/search/job/281623,Simplify
IMC Trading,Performance Engineer Intern,swe,Software,Summer 2027,"Chicago, IL",Other,2026-08-27,2026-08-27,2026-09-01,,1,https://job-boards.eu.greenhouse.io/imc/jobs/4842595101,Simplify
Amazon,Software Development Engineer Intern - Annapurna Labs,swe,Software,Fall 2026,"Seattle, WA, Austin, TX, NYC, Cupertino, CA",Other,2026-08-27,2026-08-27,2026-09-01,,1,https://amazon.jobs/en/jobs/10517567/software-development-engineer-intern-annapurna-labs-2027,Simplify
Clyde Companies,Finance Intern,data,AI/ML/Data,Fall 2026,"Orem, UT",Other,2026-08-27,2026-09-04,2026-09-04,,1,https://careers.clydeinc.com/jobs/35824?icims=1,Simplify
Clyde Companies,Enterprise Business Solutions Intern,data,AI/ML/Data,Fall 2026,"Lindon, UT",Other,2026-08-27,2026-08-27,2026-09-01,,1,https://careers.clydeinc.com/jobs/20002?icims=1,Simplify
Clyde Companies,Business Intelligence Intern,data,AI/ML/Data,Fall 2026,"Orem, UT",Other,2026-08-27,2026-08-27,2026-09-01,,1,https://careers.clydeinc.com/jobs/34757?icims=1,Simplify
Clyde Companies,Platform Services Intern,swe,AI/ML/Data,Fall 2026,"Orem, UT",Other,2026-08-27,2026-08-27,2026-09-01,,1,https://careers.clydeinc.com/jobs/35829?icims=1,Simplify
IMC,Quant Performance Engineer Intern - Summer 2027,quant,,,"Chicago, United States",,2026-08-27,2026-08-27,2026-09-10,,1,https://job-boards.eu.greenhouse.io/imc/jobs/4842595101,greenhouse:imc
Figma,"IT Engineer, Internal AI Infrastructure",swe,,,"San Francisco, CA • New York, NY • United States",,2026-08-27,2026-08-27,2026-09-01,,1,https://boards.greenhouse.io/figma/jobs/6164379004?gh_jid=6164379004,greenhouse:figma
Phoenix Contact,Data Science & Analytics Intern,data,AI/ML/Data,Fall 2026,"Middletown, PA",Other,2026-08-27,2026-08-27,2026-09-01,,1,https://job-boards.greenhouse.io/phoenixcontact/jobs/7964865003,Simplify
AMI,Computer Vision Scientist Intern - Geometry and 3D Vision,data,AI/ML/Data,Fall 2026,"Montreal, QC, Canada, Paris, France, NYC",Other,2026-08-27,2026-08-27,2026-09-01,,1,https://jobs.ashbyhq.com/ami/0d7332d8-b8e7-40d3-89b6-dfc02b40bfa2/application?embed=true,Simplify
Vertiv,Innovation Lab Engineering Intern 2,data,AI/ML/Data,Fall 2026,"Delaware, OH",Other,2026-08-27,2026-08-27,2026-09-01,,1,https://egup.fa.us2.oraclecloud.com/hcmUI/CandidateExperience/en/sites/CX/job/20280113,Simplify
Vertiv,Innovation Lab Engineer Intern 1,data,AI/ML/Data,Fall 2026,"Delaware, OH",Other,2026-08-27,2026-09-03,2026-09-03,,1,https://egup.fa.us2.oraclecloud.com/hcmUI/CandidateExperience/en/sites/CX/job/20280112,Simplify
Vertiv,Business Analytics Intern - Summer 2027,data,AI/ML/Data,Summer 2027,"Westerville, OH",Other,2026-08-27,2026-09-03,2026-09-03,,1,https://egup.fa.us2.oraclecloud.com/hcmUI/CandidateExperience/en/sites/CX/job/20278794,Simplify
Auto-Owners Insurance,Software Developer Intern - Summer 2027,swe,Software,Summer 2027,"Lansing, MI",Other,2026-08-27,2026-08-27,2026-09-01,,1,https://aoins.wd5.myworkdayjobs.com/AutoOwners/job/Lansing-MI/Software-Developer-Internship_R_2121,Simplify
Dimensional Fund Advisors,Investment Engineering Intern - Undergraduate & Master's,data,AI/ML/Data,Fall 2026,"Austin, TX, Charlotte, NC",Other,2026-08-27,2026-08-27,2026-09-01,,1,https://dimensional.wd5.myworkdayjobs.com/dfa_careers/job/Austin/Internship-in-Investment-Engineering--Undergraduate---Master-s-_2026-9025,Simplify
Ambarella,Software Engineer Intern,swe,Hardware,Fall 2026,United States,Other,2026-08-27,2026-08-27,2026-09-01,,1,https://ambarella.wd108.myworkdayjobs.com/ambarella/job/US-Headquarters/Software-Development-Engineer-Intern_JR100366-1,Simplify
Ambarella,Algorithm Engineer Intern,swe,Software,Fall 2026,United States,Other,2026-08-27,2026-08-27,2026-09-01,,1,https://ambarella.wd108.myworkdayjobs.com/ambarella/job/US-Headquarters/Algorithm-Engineer-Intern_JR100359,Simplify
Ambarella,Software Architecture Intern,swe,Hardware,Fall 2026,United States,Other,2026-08-27,2026-08-27,2026-09-01,,1,https://ambarella.wd108.myworkdayjobs.com/ambarella/job/US-Headquarters/Software-Architecture-Engineer-Intern_JR100365,Simplify
Booz Allen,Data Scientist Intern - University,data,AI/ML/Data,Summer 2027,"San Diego, CA",Other,2026-08-27,2026-08-27,2026-09-01,,1,https://bah.wd1.myworkdayjobs.com/bah_jobs/job/San-Diego-CA/University---2027-Summer-Games-Data-Scientist-Intern---San-Diego--CA_R0248045,Simplify
Booz Allen,Software Developer Intern - University,swe,AI/ML/Data,Summer 2027,"McLean, VA",Other,2026-08-27,2026-08-27,2026-09-01,,1,https://bah.wd1.myworkdayjobs.com/bah_jobs/job/McLean-VA/University--2027-Summer-Games-Software-Developer-Intern_R0248029,Simplify
Booz Allen,Software Developer Intern - Summer Games,swe,Software,Summer 2027,"El Segundo, CA",Other,2026-08-27,2026-08-27,2026-09-01,,1,https://bah.wd1.myworkdayjobs.com/bah_jobs/job/El-Segundo-CA/University---2027-Summer-Games-Software-Developer-Intern---El-Segundo--CA_R0248046,Simplify
Leidos,Software Developer Co-op,swe,Software,Winter 2027,"Bethesda, MD",Other,2026-08-27,2026-08-27,2026-09-01,,1,https://leidos.wd5.myworkdayjobs.com/External/job/Bethesda-MD/Software-Developer-Co-op_R-00190766,Simplify
Manulife Financial,Software Engineering Intern,swe,Software,Summer 2027,"Boston, MA",Other,2026-08-27,2026-08-27,2026-09-01,,1,https://manulife.wd3.myworkdayjobs.com/en-US/MFCJH_Jobs/job/Boston-Massachusetts/Summer-Intern-2027---Software-Engineering_JR26081680,Simplify
Manulife Financial,AI Intern - AI,data,AI/ML/Data,Summer 2027,"Boston, MA",Other,2026-08-27,2026-08-27,2026-09-01,,1,https://manulife.wd3.myworkdayjobs.com/en-US/MFCJH_Jobs/job/Boston-Massachusetts/Summer-Intern-2027---AI_JR26081682,Simplify
Marsh,Summer Analyst - Data and Analytics,data,AI/ML/Data,Summer 2027,"Raleigh, NC",Other,2026-08-27,2026-08-27,2026-09-01,,1,https://mmc.wd1.myworkdayjobs.com/en-US/MMC/job/Raleigh---1-Glenwood/Oliver-Wyman---Summer-Analyst-2027---Data-and-Analytics--DNA----Raleigh--NC_R_363696,Simplify
Commerce Bank,IT Intern - Summer 2027,swe,Software,Summer 2027,"Kansas City, MO",Other,2026-08-27,2026-08-27,2026-09-01,,1,https://commercebank.wd1.myworkdayjobs.com/CommerceJobs/job/MO---Kansas-City-DowntownPlaza---Kansas-City---KC-Downtown-Trust-Building-922-Walnut-64106/Intern---IT--Summer-2027-_38395,Simplify
Micron Technology,Technical Customer Management Intern - AI,data,AI/ML/Data,Fall 2026,"Longmont, CO",Other,2026-08-27,2026-08-27,2026-09-01,,1,https://micron.wd1.myworkdayjobs.com/External/job/Longmont-MAX--Office-CO/Intern---Technical-Customer-Management--AI_JR109454,Simplify
Booz Allen,Data Scientist Intern - University - Summer Games,data,AI/ML/Data,Summer 2027,"El Segundo, CA",Other,2026-08-27,2026-08-27,2026-09-01,,1,https://bah.wd1.myworkdayjobs.com/bah_jobs/job/El-Segundo-CA/University--2027-Summer-Games-Data-Scientist-Intern_R0248050,Simplify
Dimensional Fund Advisors,Investment Solutions Intern - Undergraduate & Master's,data,AI/ML/Data,Fall 2026,"Austin, TX",Other,2026-08-27,2026-08-28,2026-09-01,,1,https://dimensional.wd5.myworkdayjobs.com/dfa_careers/job/Austin/Internship-in-Investment-Solutions--Undergraduate---Master-s-_2026-9041,Simplify
Alberta Investment Management Corporation,Fixed Income Co-op,quant,Quant,Summer 2027,"Calgary, AB, Canada",Other,2026-08-27,2026-09-03,2026-09-03,,1,https://aimco.wd10.myworkdayjobs.com/AIMCoCareers/job/Calgary/Co-op--Fixed-Income--May-2027-_JR100898,Simplify
Somerce,Data Operations Intern,data,AI/ML/Data,Fall 2026,"Manchester, UK",Other,2026-08-26,2026-08-26,2026-09-01,,1,https://apply.workable.com/somerce/j/DD49E21C54/apply,Simplify
Bosch Home Comfort,Software Engineering Intern,swe,Hardware,Fall 2026,"Plymouth, MI",Other,2026-08-26,2026-09-03,2026-09-03,,1,https://jobs.smartrecruiters.com/BoschGroup/744000145785190,Simplify
Realm,Software Engineer Intern,swe,Software,Fall 2026,Remote in USA,Other,2026-08-26,2026-08-26,2026-09-01,,1,https://jobs.ashbyhq.com/realmalliance/a8a2f78e-1c28-4b52-a77a-c2b2ad9b7a8a/application?embed=true,Simplify
Metropolitan Transportation Authority,EAM Analyst Intern - Emerging Talent,data,AI/ML/Data,Spring 2027,NYC,Other,2026-08-26,2026-09-04,2026-09-04,,1,https://jobs.jobvite.com/metropolitantransportationauthority/job/oZuEAfwr?nl=1&nl=1&fr=false,Simplify
Netflix,Machine Learning Scientist Intern - AI,data,AI/ML/Data,Winter 2027,"Los Gatos, CA",Other,2026-08-26,2026-08-26,2026-09-01,,1,https://explore.jobs.netflix.net/careers/job/790317916733,Simplify
Elk Valley Resources,Geographic Information Systems Co-op,data,AI/ML/Data,Summer 2027,"Calgary, AB, Canada",Other,2026-08-26,2026-08-26,2026-09-01,,1,https://jobs.lever.co/evr/5e458beb-48ae-4035-b9d2-684047241896/apply,Simplify
Tesla,Software Engineer Intern - Maps & Navigation Validation,swe,Software,Spring 2027,"Palo Alto, CA",Other,2026-08-26,2026-08-26,2026-09-01,,1,https://www.tesla.com/careers/search/job/281271,Simplify
Tesla,Embedded Software Engineer Intern - Firmware Platforms,swe,Hardware,Spring 2027,"Palo Alto, CA",Other,2026-08-26,2026-08-26,2026-09-01,,1,https://www.tesla.com/careers/search/job/281102,Simplify
Tesla,Fullstack Software Engineer Intern - Fleetnet - Fullstack Software Engineering,swe,Software,Spring 2027,"Palo Alto, CA",Other,2026-08-26,2026-08-26,2026-09-01,,1,https://www.tesla.com/careers/search/job/281099,Simplify
Tesla,Software Engineer Intern - Maps & Navigation - Robotaxi,swe,Hardware,Spring 2027,"Palo Alto, CA",Other,2026-08-26,2026-08-26,2026-09-01,,1,https://www.tesla.com/careers/search/job/280960,Simplify
Tesla,Android Engineer Intern - Mobile Software,swe,Software,Spring 2027,"Palo Alto, CA",Other,2026-08-26,2026-08-26,2026-09-01,,1,https://www.tesla.com/careers/search/job/280605,Simplify
Tesla,Fullstack C++ Engineer Intern - Vehicle User Interface,swe,Software,Spring 2027,"Palo Alto, CA",Other,2026-08-26,2026-08-26,2026-09-01,,1,https://www.tesla.com/careers/search/job/280604,Simplify
Verisk,AI Intern - Summer Internship Program,data,AI/ML/Data,Summer 2027,"Jersey City, NJ",Other,2026-08-26,2026-08-26,2026-09-01,,1,https://fa-ewmy-saasfaprod1.fa.ocs.oraclecloud.com/hcmUI/CandidateExperience/en/sites/CX_1/job/4682,Simplify
Auto-Owners Insurance,Data Engineering Intern - Summer 2027,data,AI/ML/Data,Summer 2027,"Lansing, MI",Other,2026-08-26,2026-08-26,2026-09-01,,1,https://aoins.wd5.myworkdayjobs.com/AutoOwners/job/Lansing-MI/Data-Engineering-Internship---Summer-2026_R_12318,Simplify
WhiteWater Midstream,Data Science Intern - Summer 2027,data,AI/ML/Data,Summer 2027,"Austin, TX",Other,2026-08-26,2026-08-26,2026-09-01,,1,https://job-boards.greenhouse.io/whitewatermidstream/jobs/5217853007,Simplify
GrayMatter Robotics,AI Research Intern - Foundation Models,data,AI/ML/Data,Fall 2026,"LA, Carson, CA",Other,2026-08-26,2026-08-26,2026-09-01,,1,https://jobs.ashbyhq.com/graymatter-robotics/dea0f08d-ebf5-4e55-b9cb-e6302014f429/application?embed=true,Simplify
Steven's Capital Management,Software Engineer,swe,Software Engineering,Summer 2027,"Radnor, PA",Offers Sponsorship,2026-08-26,2026-08-26,2026-09-01,,1,https://grnh.se/abfli75k1us,Zaku-Seven
TikTok,AI Infrastructure Engineer Intern - Recommendation & LLM,swe,AI/ML/Data,Summer 2027,"San Jose, CA",Other,2026-08-26,2026-08-26,2026-09-01,,1,https://lifeattiktok.com/search/7672671220798818613,Simplify
DV Trading,Futures & Options Trading Analyst Intern - Summer 2027,quant,Quant,Summer 2027,NYC,Other,2026-08-26,2026-08-26,2026-09-01,,1,https://job-boards.greenhouse.io/dvtrading/jobs/4722749005,Simplify
Zipline,Embedded Software Engineer Intern - Spring 2027,swe,Hardware,Spring 2027,South SF,Other,2026-08-26,2026-08-26,2026-09-01,,1,https://www.zipline.com/open-roles?gh_jid=7974897003,Simplify
North Atlantic Industries,Full Stack Software Engineer Intern,swe,Software,Fall 2026,"Bohemia, NY",Other,2026-08-26,2026-08-26,2026-09-01,,1,https://recruiting.paylocity.com/Recruiting/Jobs/Details/4450017,Simplify
North Atlantic Industries,Software Engineer Intern,swe,Hardware,Fall 2026,"Bohemia, NY",Other,2026-08-26,2026-08-26,2026-09-01,,1,https://recruiting.paylocity.com/Recruiting/Jobs/Details/4450421,Simplify
Honeywell,Software Engineer Intern - Computer Science,swe,Software,Summer 2027,United States,Other,2026-08-26,2026-08-26,2026-09-01,,1,https://ibqbjb.fa.ocs.oraclecloud.com/hcmUI/CandidateExperience/en/sites/Honeywell/job/155557,Simplify
Epic Games,Gameplay Programmer Intern,swe,Software,Summer 2027,"Cary, NC",Other,2026-08-26,2026-08-26,2026-09-01,,1,https://epicgames.com/careers/jobs/6152263004?gh_jid=6152263004,Simplify
Johnson & Johnson,Data Science Co-op - Spring 2027,data,AI/ML/Data,Spring 2027,"Cincinnati, OH",Other,2026-08-26,2026-08-26,2026-09-01,,1,https://jj.wd5.myworkdayjobs.com/JJ/job/Cincinnati-Ohio-United-States-of-America/Data-Science-Co-Op--Spring-2027_R-095743,Simplify
Ameren,Meteorology Intern - Crisis Management,data,AI/ML/Data,Summer 2027,"Peoria, IL",Other,2026-08-26,2026-08-26,2026-09-01,,1,https://ameren.wd1.myworkdayjobs.com/External/job/Peoria-IL/Crisis-Management-Data---Analytics-Intern_033895-1,Simplify
Ameren,Crisis Management Meteorology Intern,data,AI/ML/Data,Fall 2026,"Peoria, IL",Other,2026-08-26,2026-08-26,2026-09-03,,1,https://ameren.wd1.myworkdayjobs.com/External/job/Peoria-IL/Crisis-Management-Meteorology-Intern_033896-2,Simplify
Ancestry,Software Engineer Co-op - Observability,swe,Software,Fall 2026,Remote in USA,Other,2026-08-26,2026-08-26,2026-09-01,,1,https://ancestry.wd501.myworkdayjobs.com/Careers/job/Remote/Software-Engineer---Observability--Co-op_R003434,Simplify
Repsol,Reservoir Engineer Intern,data,AI/ML/Data,Summer 2027,"The Woodlands, TX",Other,2026-08-26,2026-08-26,2026-09-01,,1,https://repsol.wd3.myworkdayjobs.com/Repsol/job/Houston/Reservoir-Engineering-Intern_83945-1,Simplify
Repsol,Development Planning Engineer Intern,data,AI/ML/Data,Summer 2027,"The Woodlands, TX",Other,2026-08-26,2026-08-26,2026-09-01,,1,https://repsol.wd3.myworkdayjobs.com/Repsol/job/Houston/Development-Planning-Engineering-Intern_83951-1,Simplify
Chemours,Generative AI and Data Science Intern - AI & Data Science,data,AI/ML/Data,Fall 2026,"Wilmington, DE",Other,2026-08-26,2026-08-26,2026-09-01,,1,https://chemours.wd103.myworkdayjobs.com/Chemours/job/US---Remote/AI---Data-Science-Intern_JR15013,Simplify
Johnson & Johnson,Software Engineer Co-op - MedTech,swe,Software,Spring 2027,"Cincinnati, OH",Other,2026-08-26,2026-08-27,2026-09-01,,1,https://jj.wd5.myworkdayjobs.com/JJ/job/Cincinnati-Ohio-United-States-of-America/Software-Engineering-Co-Op--Spring-2027_R-095741,Simplify
RTX,Business Development Intern,data,AI/ML/Data,Winter 2027,"Longueuil, QC, Canada",Other,2026-08-26,2026-09-04,2026-09-04,,1,https://globalhr.wd5.myworkdayjobs.com/rec_rtx_ext_gateway/job/CA-QC-LONGUEUIL-J01--1000-Blvd-Marie-Victorin--J01-BLDG/Stage---Hiver-2027---Stagiaire-en-dveloppement-d-affaires---Internship---Winter-2027--Business-Development-Intern_01864752,Simplify
DTCC,Data Solutions Intern - Internship Program,data,AI/ML/Data,Summer 2027,"Boston, MA, Tampa, FL",Other,2026-08-25,2026-08-25,2026-09-01,,1,https://ebxr.fa.us2.oraclecloud.com/hcmUI/CandidateExperience/en/sites/CX_1/job/214478,Simplify
DTCC,Application Developer Intern,swe,Software,Summer 2027,"Tampa, FL, Dallas, TX, Jersey City, NJ",Other,2026-08-25,2026-08-25,2026-09-01,,1,https://ebxr.fa.us2.oraclecloud.com/hcmUI/CandidateExperience/en/sites/CX_1/job/214459,Simplify
DTCC,Model Risk Management Intern - 2027 Internship Program,quant,Quant,Summer 2027,"Jersey City, NJ",Other,2026-08-25,2026-09-03,2026-09-03,,1,https://ebxr.fa.us2.oraclecloud.com/hcmUI/CandidateExperience/en/sites/CX_1/job/214401,Simplify
Zip,Software Engineer Intern,swe,Software,Summer 2027,SF,Other,2026-08-25,2026-08-25,2026-09-01,,1,https://jobs.ashbyhq.com/zip/249837b3-106f-4751-a4f2-03a2c5df5faf/application?embed=true,Simplify
Zip,Software Engineer Intern - Winter 2027,swe,Software,Winter 2027,"Toronto, ON, Canada",Other,2026-08-25,2026-08-25,2026-09-04,,1,https://jobs.ashbyhq.com/zip/2bc7327b-1c06-418a-beeb-bec1dd70480e/application?embed=true,Simplify
The Voleon Group,Software Engineer Intern,swe,Software,Summer 2027,"Berkeley, CA, NYC",Other,2026-08-25,2026-08-25,2026-09-01,,1,https://jobs.ashbyhq.com/voleon/57f1b666-2f4b-4bad-aac0-fa42a1c8fdf6/application?embed=true,Simplify
Compeer Financial,Engineering Intern,swe,Software,Summer 2027,"Sun Prairie, WI, Mankato, MN, Bloomington, IL",Other,2026-08-25,2026-08-25,2026-09-01,,1,https://job-boards.greenhouse.io/compeerfinancial/jobs/5404850008,Simplify
Honeywell,Artificial Intelligence/Machine Learning Intern,data,AI/ML/Data,Summer 2027,United States,Other,2026-08-25,2026-08-25,2026-09-01,,1,https://ibqbjb.fa.ocs.oraclecloud.com/hcmUI/CandidateExperience/en/sites/Honeywell/job/155522,Simplify
Empirical Foods,Software Engineer Intern - Summer 2027,swe,Software,Summer 2027,"Dakota Dunes, SD",Other,2026-08-25,2026-08-25,2026-09-01,,1,https://careers-empiricalfoods.icims.com/jobs/4161/job?mobile=true&needsRedirect=false,Simplify
Susquehanna International Group,AI Co-op - Drexel University,data,AI/ML/Data,Fall 2026,"Bala Cynwyd, PA",Other,2026-08-25,2026-08-25,2026-09-01,,1,https://careers-sig.icims.com/jobs/11368/job?mobile=true&needsRedirect=false,Simplify
Zip,Software Engineer Intern (Summer 2027),swe,,,San Francisco,,2026-08-25,2026-08-25,2026-09-06,,1,https://jobs.ashbyhq.com/zip/249837b3-106f-4751-a4f2-03a2c5df5faf,ashby:zip
AQR Capital Management,Arbitrage Research Summer Analyst Intern - AQR Arbitrage,quant,Quant,Summer 2027,"Greenwich, CT",Other,2026-08-25,2026-09-04,2026-09-04,,1,https://careers.aqr.com/jobs?gh_jid=8156993&gh_jid=8156993,Simplify
Verkada,Mobile Software Engineer Intern,swe,Software,Summer 2027,"San Mateo, CA",Other,2026-08-25,2026-08-25,2026-09-01,,1,https://job-boards.greenhouse.io/verkada/jobs/5219131007,Simplify
Verkada,Security Software Engineer Intern,swe,Software,Summer 2027,"San Mateo, CA",Other,2026-08-25,2026-08-25,2026-09-01,,1,https://job-boards.greenhouse.io/verkada/jobs/5213881007,Simplify
Verkada,Frontend Software Engineer Intern,swe,Software,Summer 2027,"San Mateo, CA",Other,2026-08-25,2026-08-25,2026-09-01,,1,https://job-boards.greenhouse.io/verkada/jobs/5210942007,Simplify
Verkada,Embedded Software Engineer Intern,swe,Hardware,Summer 2027,"San Mateo, CA",Other,2026-08-25,2026-08-25,2026-09-01,,1,https://job-boards.greenhouse.io/verkada/jobs/5211595007,Simplify
Verkada,Backend Software Engineer Intern,swe,Software,Summer 2027,"San Mateo, CA",Other,2026-08-25,2026-08-25,2026-09-01,,1,https://job-boards.greenhouse.io/verkada/jobs/5210813007,Simplify
Verkada,Mobile Software Engineering Intern 2027,swe,,,"San Mateo, CA United States",,2026-08-25,2026-08-25,2026-09-02,,1,https://job-boards.greenhouse.io/verkada/jobs/5219131007,greenhouse:verkada
Verkada,Security Software Engineering Intern 2027,swe,,,"San Mateo, CA United States",,2026-08-25,2026-08-25,2026-09-02,,1,https://job-boards.greenhouse.io/verkada/jobs/5213881007,greenhouse:verkada
Verkada,Frontend Software Engineering Intern 2027,swe,,,"San Mateo, CA United States",,2026-08-25,2026-08-25,2026-09-02,,1,https://job-boards.greenhouse.io/verkada/jobs/5210942007,greenhouse:verkada
Verkada,Embedded Software Engineering Intern 2027,swe,,,"San Mateo, CA United States",,2026-08-25,2026-08-25,2026-09-02,,1,https://job-boards.greenhouse.io/verkada/jobs/5211595007,greenhouse:verkada
Verkada,Backend Software Engineering Intern 2027,swe,,,"San Mateo, CA United States",,2026-08-25,2026-08-25,2026-09-02,,1,https://job-boards.greenhouse.io/verkada/jobs/5210813007,greenhouse:verkada
Johns Hopkins Applied Physics Laboratory,Data Scientist Intern - Data Science - System Performance Evaluation,data,AI/ML/Data,Fall 2026,"Laurel, MD",Other,2026-08-25,2026-08-25,2026-09-01,,1,https://careers.jhuapl.edu/jobs/59800?icims=1,Simplify
Primetals Technologies,IT Data & Analytics Intern - Asset Demand & Procurement,data,AI/ML/Data,Fall 2026,"Lake Mary, FL",Other,2026-08-25,2026-08-25,2026-09-01,,1,https://mhicareers.com/job/Lake-Mary-IT-Data-&-Analytics-Intern-FL-32746/1429739133/?ats=successfactors,Simplify
Jump Trading,Campus Quantitative Researcher (Off-Cycle - Winter/Spring 2027 Intern),quant,,,Hong Kong; Shanghai,,2026-08-25,2026-08-25,2026-09-01,,1,https://www.jumptrading.com/hr/job?gh_jid=8027898,greenhouse:jumptrading
Meridian Partners,Front End Software Engineer Co-op,swe,Software,Fall 2026,"Cambridge, MA",Other,2026-08-25,2026-08-25,2026-09-01,,1,https://job-boards.greenhouse.io/morsecorpcoop/jobs/7968076003,Simplify
Meridian Partners,Embedded Software Engineer Co-op,swe,Hardware,Fall 2026,"Cambridge, MA",Other,2026-08-25,2026-08-25,2026-09-01,,1,https://job-boards.greenhouse.io/morsecorpcoop/jobs/7968605003,Simplify
Meridian Partners,Full Stack Software Engineer Co-op,swe,Software,Fall 2026,"Cambridge, MA, Seattle, WA, Arlington County, Arlington, VA",Other,2026-08-25,2026-08-25,2026-09-01,,1,https://job-boards.greenhouse.io/morsecorpcoop/jobs/7968093003,Simplify
Meridian Partners,Python Software Engineer Co-op,swe,Software,Fall 2026,"Cambridge, MA, Seattle, WA, Arlington County, Arlington, VA",Other,2026-08-25,2026-08-25,2026-09-01,,1,https://job-boards.greenhouse.io/morsecorpcoop/jobs/7968338003,Simplify
Meridian Partners,Data Scientist Co-op,data,AI/ML/Data,Fall 2026,"Cambridge, MA, Arlington County, Arlington, VA",Other,2026-08-25,2026-08-25,2026-09-01,,1,https://job-boards.greenhouse.io/morsecorpcoop/jobs/7967886003,Simplify
Meridian Partners,Machine Learning Engineer Co-op,data,AI/ML/Data,Fall 2026,"Cambridge, MA, Seattle, WA, Arlington County, Arlington, VA",Other,2026-08-25,2026-08-25,2026-09-01,,1,https://job-boards.greenhouse.io/morsecorpcoop/jobs/7968308003,Simplify
Kodiak Robotics,Simulation Intern,data,AI/ML/Data,Winter 2027,"Mountain View, CA",Other,2026-08-25,2026-08-25,2026-09-01,,1,https://job-boards.greenhouse.io/kodiak/jobs/4378662009,Simplify
Meridian Partners,Flight Software Engineer Co-op,swe,Hardware,Fall 2026,"Cambridge, MA",Other,2026-08-25,2026-08-25,2026-09-01,,1,https://job-boards.greenhouse.io/morsecorpcoop/jobs/7967400003,Simplify
Gritt,Robotics Planning & Controls Intern,data,AI/ML/Data,Fall 2026,South SF,Other,2026-08-25,2026-09-03,2026-09-03,,1,https://jobs.ashbyhq.com/gritt/df9254b5-e323-411a-a36f-57bd24a3de56/application?embed=true,Simplify
Penta Group,Monitoring & Insights Intern,data,AI/ML/Data,Fall 2026,Remote in USA,Other,2026-08-25,2026-09-17,2026-09-17,,1,https://jobs.lever.co/pentagrp/ec67c4f9-52b9-42b0-bf0b-e6f88c140951/apply,Simplify
John Deere,Robotics Engineer Part-Time Student - Product Engineering,swe,Software,N/A,"Urbandale, IA, Ames, IA",Other,2026-08-25,2026-08-25,2026-09-01,,1,https://johndeere.eightfold.ai/careers/job/137482782400,Simplify
Johnson & Johnson,Strategic Insights & Analytics Co-op,data,AI/ML/Data,Spring 2027,"Horsham, PA, Hopewell Township, NJ",Other,2026-08-25,2026-08-25,2026-09-01,,1,https://jj.wd5.myworkdayjobs.com/JJ/job/Horsham-Pennsylvania-United-States-of-America/Strategic-Insights---Analytics-Co-Op_R-095717,Simplify
Cigna Group,Legal Operations Financial Data & AI Analytics Intern,data,AI/ML/Data,Summer 2027,"St. Louis, MO",Other,2026-08-25,2026-08-25,2026-09-01,,1,https://cigna.wd5.myworkdayjobs.com/cignacareers/job/St-Louis-MO/Legal-Operations-Financial--Data---AI-Analytics-Intern_25016386,Simplify
RTX,Business Intelligence and Governance Analyst Intern,data,AI/ML/Data,Winter 2027,"Longueuil, QC, Canada",Other,2026-08-25,2026-08-25,2026-09-01,,1,https://globalhr.wd5.myworkdayjobs.com/rec_rtx_ext_gateway/job/CA-QC-LONGUEUIL-J01--1000-Blvd-Marie-Victorin--J01-BLDG/Stage---Hiver-2027---Analyste-en-intelligence-d-affaires-et-gouvernance---Internship---Winter-2027---Business-Intelligence-and-Governance-Analyst_01868337,Simplify
Brunswick,Systems Engineer Co-op - Software Engineering,swe,Software,Summer 2027,"Fond du Lac, WI",Other,2026-08-25,2026-08-26,2026-09-01,,1,https://brunswick.wd1.myworkdayjobs.com/en-US/search/job/Fond-du-Lac-WI/Mercury-Marine---Systems-Software-Engineering-Co-op_JR-051212,Simplify
Brunswick,Power BI/Ops Analytics Co-op,data,AI/ML/Data,Summer 2027,"Fond du Lac, WI",Other,2026-08-25,2026-09-03,2026-09-03,,1,https://brunswick.wd1.myworkdayjobs.com/en-US/search/job/Fond-du-Lac-WI/Mercury-Marine--Power-BI-Ops-Analytics-Co-op_JR-051236,Simplify
BTI360,Software Engineer Intern,swe,Software,Summer 2027,"Herndon, VA",Other,2026-08-24,2026-08-24,2026-09-01,,1,https://job-boards.greenhouse.io/bti36021/jobs/8155152,Simplify
Atoms,Robotics Software Engineer Intern,swe,Software,Fall 2026,"LA, Pittsburgh, PA",Other,2026-08-24,2026-08-24,2026-09-01,,1,https://job-boards.greenhouse.io/cssmerge/jobs/8695475002,Simplify
Kodiak Robotics,Planning Intern - Mission Planning,data,AI/ML/Data,Winter 2027,"Mountain View, CA",Other,2026-08-24,2026-08-24,2026-09-01,,1,https://job-boards.greenhouse.io/kodiak/jobs/4378548009,Simplify
Kodiak Robotics,Behavior Planning Intern - Motion Planning,data,AI/ML/Data,Winter 2027,"Mountain View, CA",Other,2026-08-24,2026-08-25,2026-09-01,,1,https://job-boards.greenhouse.io/kodiak/jobs/4377721009,Simplify
Kodiak Robotics,Controls Intern,data,AI/ML/Data,Winter 2027,"Mountain View, CA",Other,2026-08-24,2026-08-25,2026-09-03,,1,https://job-boards.greenhouse.io/kodiak/jobs/4378402009,Simplify
IMC,Machine Learning Research Intern - Summer 2027 - Sydney,data,,,"Sydney,  Australia",,2026-08-24,2026-08-24,2026-09-01,,1,https://job-boards.eu.greenhouse.io/imc/jobs/4956547101,greenhouse:imc
MSA Safety,Software Engineer Intern - Product Development - Summer 2027,swe,Hardware,Summer 2027,"Cranberry Township, PA",Other,2026-08-24,2026-08-24,2026-09-01,,1,https://careers.msasafety.com/jobs/9993?icims=1,Simplify
Springs Window Fashions,Software Engineering Intern - Summer 2027,swe,Software,Summer 2027,"Long Island City, Queens, NY",Other,2026-08-24,2026-08-24,2026-09-01,,1,https://careers-springswindowfashions.icims.com/jobs/12891/job?mobile=true&needsRedirect=false,Simplify
Sage,Software Engineer Intern - Full Stack,swe,Software,Summer 2027,NYC,Other,2026-08-24,2026-08-24,2026-09-01,,1,https://job-boards.greenhouse.io/sage49/jobs/6131185004,Simplify
Sage,Software Engineer Intern - Edge - Summer 2027,swe,Software,Summer 2027,NYC,Other,2026-08-24,2026-08-24,2026-09-01,,1,https://job-boards.greenhouse.io/sage49/jobs/6131191004,Simplify
Westinghouse Electric Company,Computer Engineering / Software Engineering Intern,swe,Software,Summer 2027,"Cranberry Township, PA",Other,2026-08-24,2026-08-24,2026-09-01,,1,https://careers.westinghousenuclear.com/job/Cranberry-Township-Summer-Intern-Computer-Engineering-Software-Engineering-NC/1422595200/?ats=successfactors,Simplify
Garmin,Software Engineer Intern,swe,Hardware,Summer 2027,"Olathe, KS",Other,2026-08-24,2026-08-24,2026-09-01,,1,https://careers.garmin.com/jobs/19693?icims=1,Simplify
Audax Group,Data Engineer Co-op,data,AI/ML/Data,Winter 2027,"Boston, MA",Other,2026-08-24,2026-08-24,2026-09-01,,1,https://job-boards.greenhouse.io/audaxgroup/jobs/4722779005,Simplify
Audax Group,Data Analyst Co-op - Business Solutions,data,AI/ML/Data,Winter 2027,"Boston, MA",Other,2026-08-24,2026-08-24,2026-09-01,,1,https://job-boards.greenhouse.io/audaxgroup/jobs/4722880005,Simplify
Audax Group,AI Engineer Co-op,data,AI/ML/Data,Winter 2027,"Boston, MA",Other,2026-08-24,2026-08-24,2026-09-01,,1,https://job-boards.greenhouse.io/audaxgroup/jobs/4722801005,Simplify
InfiniteQuant,Quantitative Developer Internship - Summer 2027,quant,Quant,Summer 2027,"Dubai - United Arab Emirates, NYC",Other,2026-08-24,2026-08-24,2026-09-01,,1,https://jobs.smartrecruiters.com/InfiniteQuant/744000145263134,Simplify
Medpace,Python Intern - Summer 2027,swe,Software,Summer 2027,"Cincinnati, OH",Other,2026-08-24,2026-08-24,2026-09-01,,1,https://careers.medpace.com/jobs/12962?icims=1,Simplify
Google,Software Developer Intern,swe,Software,Summer 2027,"Montreal, QC, Canada, Toronto, ON, Canada, Waterloo, ON, Canada",Other,2026-08-24,2026-08-24,2026-09-02,,1,https://www.google.com/about/careers/applications/jobs/results/112518690523488966,Simplify
Google,Research Intern - PhD,data,AI/ML/Data,Summer 2027,"Palo Alto, CA, Cambridge, MA, Madison, WI, Seattle, WA, Washington, DC, SF, Austin, TX, LA, San Jose, CA, Irvine, CA, Redwood City, CA, Raleigh, NC, San Bruno, CA, Redmond, WA, Durham, NC, Santa Cruz, CA, Chicago, IL, Goleta, CA, Pittsburgh, PA, Kirkland, WA, NYC, Bellevue, WA, Sunnyvale, CA, Mountain View, CA, Portland, OR, Boulder, CO, Atlanta, GA, San Diego, CA",Other,2026-08-24,2026-08-24,2026-09-02,,1,https://www.google.com/about/careers/applications/jobs/results/86701057991680710,Simplify
BNY,Software Engineer Intern - Engineering - Developer,swe,Software,Summer 2027,"Jersey City, NJ",Other,2026-08-24,2026-08-24,2026-09-01,,1,https://eofe.fa.us2.oraclecloud.com/hcmUI/CandidateExperience/en/sites/CX_1001/job/81251,Simplify
BNY,Data Science Intern - Engineering,data,AI/ML/Data,Summer 2027,"Jersey City, NJ",Other,2026-08-24,2026-08-24,2026-09-01,,1,https://eofe.fa.us2.oraclecloud.com/hcmUI/CandidateExperience/en/sites/CX_1001/job/81238,Simplify
BNY,Engineering Intern - Data Science,data,AI/ML/Data,Summer 2027,"Manchester, UK",Other,2026-08-24,2026-08-24,2026-09-01,,1,https://eofe.fa.us2.oraclecloud.com/hcmUI/CandidateExperience/en/sites/CX_1001/job/81322,Simplify
BNY,Engineering Developer Intern - Engineering,swe,Software,Summer 2027,"Lake Mary, FL",Other,2026-08-24,2026-08-24,2026-09-01,,1,https://eofe.fa.us2.oraclecloud.com/hcmUI/CandidateExperience/en/sites/CX_1001/job/81252,Simplify
BNY,Engineering Intern - Engineering - Developer,swe,Software,Summer 2027,"Pittsburgh, PA",Other,2026-08-24,2026-08-24,2026-09-01,,1,https://eofe.fa.us2.oraclecloud.com/hcmUI/CandidateExperience/en/sites/CX_1001/job/81254,Simplify
BNY,Engineering Intern - Developer,swe,Software,Summer 2027,"Greater Manchester, UK",Other,2026-08-24,2026-08-24,2026-09-01,,1,https://eofe.fa.us2.oraclecloud.com/hcmUI/CandidateExperience/en/sites/CX_1001/job/81318,Simplify
BNY,Software Developer Intern - Engineering,swe,Software,Summer 2027,NYC,Other,2026-08-24,2026-08-24,2026-09-01,,1,https://eofe.fa.us2.oraclecloud.com/hcmUI/CandidateExperience/en/sites/CX_1001/job/81253,Simplify
SpaceX,"Full Stack Software Engineer, Internal Systems",swe,,,"Cape Canaveral, FL",,2026-08-24,2026-08-24,2026-09-02,,1,https://boards.greenhouse.io/spacex/jobs/8741940002?gh_jid=8741940002,greenhouse:spacex
Procter & Gamble,Analytics & Insights Intern,data,AI/ML/Data,Winter 2027,"Fayetteville, NC, Boston, MA, Cumberland, MD, Virginia Beach, VA, Mason, OH, Minneapolis, MN, Cincinnati, OH",Other,2026-08-24,2026-08-24,2026-09-01,,1,https://pg.wd5.myworkdayjobs.com/1000/job/CINCINNATI-GENERAL-OFFICES/Analytics---Insights-Internship_R000157696,Simplify
Freddie Mac,Quantitative Risk Management Intern,quant,Quant,Summer 2027,"McLean, VA",Other,2026-08-24,2026-08-24,2026-09-03,,1,https://freddiemac.wd5.myworkdayjobs.com/External/job/McLean-VA/Risk-Management-Graduate-Intern---Quantitative-Summer-2027_JR17553,Simplify
Procter & Gamble,Analytics & Insights Intern - Advanced Analytics,data,AI/ML/Data,Winter 2027,"Cincinnati, OH",Other,2026-08-24,2026-08-24,2026-09-01,,1,https://pg.wd5.myworkdayjobs.com/1000/job/CINCINNATI-GENERAL-OFFICES/Analytics---Insights-Internship--Advanced-Analytics-_R000157697,Simplify
Motorola,Android Application Developer Intern - Summer 2027,swe,Software,Summer 2027,"Chicago, IL",Other,2026-08-24,2026-08-24,2026-09-01,,1,https://motorolasolutions.wd5.myworkdayjobs.com/Careers/job/Chicago-IL/Android-Applications-Developer-Intern---Summer-2027_R67740,Simplify
Polaris,Predictive Data Science Intern - Digital & IT,data,AI/ML/Data,Summer 2027,"Medina, MN, Plymouth, MN",Other,2026-08-24,2026-08-24,2026-09-01,,1,https://polaris.wd5.myworkdayjobs.com/PolarisJobs/job/Medina-MN-USA/Digital---IT---Predictive-Data-Science-Internship---Summer-2027_R30525,Simplify
Freddie Mac,Software Developer Intern - Single-Family,swe,Software,Summer 2027,"McLean, VA",Other,2026-08-24,2026-08-24,2026-09-01,,1,https://freddiemac.wd5.myworkdayjobs.com/External/job/McLean-VA/Single-Family-Software-Developer-Intern--Summer-2027_JR17544,Simplify
Freddie Mac,Multifamily Software Development Intern - Summer 2027,swe,Software,Summer 2027,"McLean, VA",Other,2026-08-24,2026-08-24,2026-09-01,,1,https://freddiemac.wd5.myworkdayjobs.com/External/job/McLean-VA/Multifamily-Software-Development-Intern---Summer-2027_JR17564,Simplify
Freddie Mac,Technology Intern - Enterprise Operations + Technology,swe,Software,Summer 2027,"McLean, VA",Other,2026-08-24,2026-08-24,2026-09-01,,1,https://freddiemac.wd5.myworkdayjobs.com/External/job/McLean-VA/EO-T-Technology-Intern--Summer-2027_JR17542,Simplify
Freddie Mac,Single-Family Data Intern,data,AI/ML/Data,Summer 2027,"McLean, VA",Other,2026-08-24,2026-08-24,2026-09-01,,1,https://freddiemac.wd5.myworkdayjobs.com/External/job/McLean-VA/Single-Family-Data-Intern--Summer-2027_JR17545,Simplify
Procter & Gamble,Data & AI Engineering Intern,data,AI/ML/Data,Summer 2027,"Cincinnati, OH",Other,2026-08-24,2026-08-24,2026-09-01,,1,https://pg.wd5.myworkdayjobs.com/1000/job/CINCINNATI-GENERAL-OFFICES/Data---AI-Engineering-Internship_R000157499,Simplify
Procter & Gamble,Data Scientist Intern,data,AI/ML/Data,Summer 2027,"Cincinnati, OH",Other,2026-08-24,2026-08-24,2026-09-01,,1,https://pg.wd5.myworkdayjobs.com/1000/job/CINCINNATI-GENERAL-OFFICES/Data-Scientist--Master-s-Degree--Internship_R000157504,Simplify
"DuCharme, McMillen & Associates",Software Developer Intern,swe,Software,Summer 2027,"Indianapolis, IN, Fort Wayne, IN",Other,2026-08-24,2026-08-24,2026-09-01,,1,https://dmainc.wd5.myworkdayjobs.com/dma/job/Fort-Wayne-IN/Software-Development-Intern---Summer-2027_REQ636,Simplify
"DuCharme, McMillen & Associates",Software Development Intern - Spring 2027,swe,Software,Spring 2027,"Indianapolis, IN, Fort Wayne, IN",Other,2026-08-24,2026-08-24,2026-09-01,,1,https://dmainc.wd5.myworkdayjobs.com/dma/job/Fort-Wayne-IN/Software-Development-Intern---Spring-2027_REQ634,Simplify
Monolithic Power Systems,AI Developer Intern,swe,Software,Fall 2026,"San Jose, CA",Other,2026-08-24,2026-08-24,2026-09-01,,1,https://monolithicpower.wd12.myworkdayjobs.com/MPS_Careers/job/San-Jose---California/AI-Developer-Intern_R-1756,Simplify
The Hartford,Software Engineer Intern - Tech & Data Program,swe,Software,Summer 2027,"Hartford, CT",Other,2026-08-24,2026-08-24,2026-09-01,,1,https://thehartford.wd5.myworkdayjobs.com/Careers_External/job/Hartford-CT/Tech---Data-Program-Summer-2027---Software-Engineer-Intern--Hartford-_R2626105-1,Simplify
The Hartford,"Data Engineer Intern - Technology, Data, AI, and Operations",data,AI/ML/Data,Summer 2027,"Hartford, CT",Other,2026-08-24,2026-08-24,2026-09-01,,1,https://thehartford.wd5.myworkdayjobs.com/Careers_External/job/Hartford-CT/Tech---Data-Program-Summer-2027---Data-Engineer-Intern--Hartford-_R2626103-1,Simplify
RTX,Customer First Centre Intern - Customer First Centre - Technical Helpdesk,data,AI/ML/Data,Winter 2027,"Longueuil, QC, Canada",Other,2026-08-24,2026-08-24,2026-09-01,,1,https://globalhr.wd5.myworkdayjobs.com/rec_rtx_ext_gateway/job/CA-QC-LONGUEUIL-J01--1000-Blvd-Marie-Victorin--J01-BLDG/Stage---Hiver-2027---Centre-Priorit-Clients---Internship---Winter-2027---Customer-First-Centre--Technical-helpdesk_01867386,Simplify
The Walt Disney Company,Menu Planning Intern,data,AI/ML/Data,Winter 2027,"Lake Buena Vista, FL, Glendale, CA",Other,2026-08-24,2026-08-24,2026-09-01,,1,https://disney.wd5.myworkdayjobs.com/disneycareerdc/job/Glendale-CA-USA/WDI-Menu-Planning-Intern--Spring-2027_10159160-1,Simplify
Procter & Gamble,"IT Engineering Internship - Software, Platform, Network",swe,Software,Summer 2027,"Cincinnati, OH",Other,2026-08-24,2026-09-04,2026-09-04,,1,https://pg.wd5.myworkdayjobs.com/1000/job/CINCINNATI-GENERAL-OFFICES/IT-Engineering-Internship--Software--Platform----Network-_R000157503,Simplify
Springs Window Fashions,Data Analyst Intern - Consumer Business Unit,data,AI/ML/Data,Summer 2027,"Middleton, WI",Other,2026-08-22,2026-08-22,2026-09-01,,1,https://careers-springswindowfashions.icims.com/jobs/12874/job?mobile=true&needsRedirect=false,Simplify
Springs Window Fashions,Textile Engineering Intern - Summer 2027,data,AI/ML/Data,Summer 2027,"Middleton, WI",Other,2026-08-22,2026-08-22,2026-09-01,,1,https://careers-springswindowfashions.icims.com/jobs/12881/job?mobile=true&needsRedirect=false,Simplify
Springs Window Fashions,AI Analyst Intern - Consumer Business Unit,data,AI/ML/Data,Summer 2027,"Middleton, WI",Other,2026-08-22,2026-08-22,2026-09-01,,1,https://careers-springswindowfashions.icims.com/jobs/12875/job?mobile=true&needsRedirect=false,Simplify
Springs Window Fashions,Dealer Business Operations & Analytics Intern - Summer 2027,data,AI/ML/Data,Summer 2027,"Middleton, WI",Other,2026-08-22,2026-08-22,2026-09-01,,1,https://careers-springswindowfashions.icims.com/jobs/12886/job?mobile=true&needsRedirect=false,Simplify
TikTok,AI Product Manager Intern - Product Social,data,Product,Summer 2027,"San Jose, CA",Other,2026-08-22,2026-08-22,2026-09-01,,1,https://lifeattiktok.com/search/7675616554318596357,Simplify
Analog Devices,Algorithm Development Engineer Intern,data,AI/ML/Data,Fall 2026,"Wilmington, MA",Other,2026-08-22,2026-08-22,2026-09-01,,1,https://analogdevices.wd1.myworkdayjobs.com/External/job/US-MA-Wilmington/Algorithm-Development-Engineer-Intern_R265306-1,Simplify
SimIS,Artificial Intelligence Developer Intern - Aerospace/Aviation,swe,AI/ML/Data,Fall 2026,"Suffolk, VA",Other,2026-08-21,2026-08-21,2026-09-01,,1,https://simisinc.applytojob.com/apply/U1yOSyvkvH/AerospaceAviation-Artificial-Intelligence-Developer-Intern,Simplify
Zipline,Software Engineer Intern - Summer 2027,swe,Software,Summer 2027,South SF,Other,2026-08-21,2026-08-21,2026-09-01,,1,https://www.zipline.com/open-roles?gh_jid=7929236003,Simplify
JP Morgan Chase,Analytics Solutions Associate - Consumer and Community Banking - Focused Analytics Solutions Team,data,AI/ML/Data,N/A,"Plano, TX, Columbus, OH, NYC, Wilmington, DE",Other,2026-08-21,2026-08-21,2026-09-01,,1,https://jpmc.fa.oraclecloud.com/hcmUI/CandidateExperience/en/sites/CX_1001/job/210774454,Simplify
Susquehanna International Group,Trading Systems Engineer Intern,quant,Quant,Summer 2027,"London, UK",Other,2026-08-21,2026-08-21,2026-09-01,,1,https://careers-sig.icims.com/jobs/11334/job?mobile=true&needsRedirect=false,Simplify
Susquehanna International Group,Quantitative Strategy Developer Intern,quant,Quant,Summer 2027,"London, UK, Dublin, Ireland",Other,2026-08-21,2026-08-21,2026-09-01,,1,https://careers-sig.icims.com/jobs/11333/job?mobile=true&needsRedirect=false,Simplify
Databricks,Software Engineer Intern,swe,Software,Winter 2027,"SF, Bellevue, WA, Mountain View, CA",Other,2026-08-21,2026-08-21,2026-09-01,,1,https://boards.greenhouse.io/embed/job_app?token=8732364002,Simplify
AMD,Software Engineer Intern/Co-op - Masters,swe,Software,Summer 2027,"San Jose, CA, Santa Clara, CA",Other,2026-08-21,2026-08-21,2026-09-01,,1,https://careers.amd.com/jobs/91176?icims=1,Simplify
AMD,Machine Learning Intern/Co-op - Multiple Teams,data,AI/ML/Data,Summer 2027,"Rochester, NY, Austin, TX, Longmont, CO, Fishkill, NY, Fort Collins, CO, Boxborough, MA",Other,2026-08-21,2026-08-21,2026-09-01,,1,https://careers.amd.com/jobs/91170?icims=1,Simplify
AMD,Software Engineer Intern/Co-op,swe,Software,Summer 2027,"San Jose, CA, Santa Clara, CA",Other,2026-08-21,2026-08-21,2026-09-01,,1,https://careers.amd.com/jobs/90891?icims=1,Simplify
AMD,Machine Learning Intern/Co-op - Artificial Intelligence,data,AI/ML/Data,Summer 2027,"Rochester, NY, Austin, TX, Longmont, CO, Fishkill, NY, Fort Collins, CO, Boxborough, MA",Other,2026-08-21,2026-08-21,2026-09-01,,1,https://careers.amd.com/jobs/91181?icims=1,Simplify
AMD,Data Analyst Intern/Co-op,data,AI/ML/Data,Summer 2027,"Rochester, NY, Austin, TX, Longmont, CO, Fishkill, NY, Fort Collins, CO, Boxborough, MA",Other,2026-08-21,2026-08-21,2026-09-01,,1,https://careers.amd.com/jobs/91183?icims=1,Simplify
AMD,Machine Learning Intern/Co-op - Machine Learning - Artificial Intelligence,data,AI/ML/Data,Summer 2027,"San Jose, CA, Santa Clara, CA",Other,2026-08-21,2026-08-21,2026-09-01,,1,https://careers.amd.com/jobs/91177?icims=1,Simplify
AMD,Product Development Engineer Intern/Co-op,data,AI/ML/Data,Summer 2027,"San Jose, CA, Santa Clara, CA",Other,2026-08-21,2026-08-21,2026-09-01,,1,https://careers.amd.com/jobs/91227?icims=1,Simplify
Phoebe,Software Engineer Intern,swe,Software,Fall 2026,NYC,Other,2026-08-21,2026-08-21,2026-09-01,,1,https://jobs.ashbyhq.com/phoebe-work/1ffe3e63-2163-447e-a8b0-1fff8b87e0ca/application?embed=true,Simplify
Cigna Group,Technology Apprentice - Multiple Teams,swe,Software,Fall 2026,"St. Louis, MO",Other,2026-08-21,2026-08-21,2026-09-01,,1,https://cigna.wd5.myworkdayjobs.com/cignacareers/job/St-Louis-MO/Technology-Apprentice-Program---Hybrid_26010314,Simplify
RTX,Digital Support & Business Intelligence Intern - Computer Science,data,AI/ML/Data,Winter 2027,"Longueuil, QC, Canada",Other,2026-08-21,2026-08-21,2026-09-01,,1,https://globalhr.wd5.myworkdayjobs.com/rec_rtx_ext_gateway/job/CA-QC-LONGUEUIL-J01--1000-Blvd-Marie-Victorin--J01-BLDG/Stage---Hiver-2027---Soutien-numrique-et-intelligence-d-affaires--Informatique----Internship---Winter-2027-Digital-Support---Business-Intelligence-Intern--Computer-Science-_01866869,Simplify
Blackstone,Data Engineer Summer Analyst - Blackstone Technology & Innovations,data,AI/ML/Data,Summer 2027,"Miami, FL",Other,2026-08-21,2026-08-21,2026-09-01,,1,https://blackstone.wd1.myworkdayjobs.com/zh-CN/Blackstone_Campus_Careers/job/Miami/XMLNAME-2027-Blackstone-Technology-and-Innovations--Data-Engineer-Summer-Analyst_45022,Simplify
Blackstone,Software Engineer Summer Analyst - Blackstone Technology & Innovations,swe,Software,Summer 2027,"Miami, FL",Other,2026-08-21,2026-08-21,2026-09-01,,1,https://blackstone.wd1.myworkdayjobs.com/zh-CN/Blackstone_Campus_Careers/job/Miami/XMLNAME-2027-Blackstone-Software-Engineer-Summer-Analyst_45021,Simplify
Marsh,Government Health Consulting Informatics Intern - College Program,data,AI/ML/Data,Summer 2027,"Phoenix, AZ, Minneapolis, MN",Other,2026-08-21,2026-08-21,2026-09-02,,1,https://mmc.wd1.myworkdayjobs.com/en-US/MMC/job/Phoenix---E-Camelback/Government-Health-Consulting-Informatics-Summer-Intern---College-Program-2027_R_362073,Simplify
RTX,Repair & Overhaul Intern,data,AI/ML/Data,Winter 2027,"Saint-Hubert, Longueuil, QC, Canada",Other,2026-08-21,2026-08-22,2026-09-01,,1,https://globalhr.wd5.myworkdayjobs.com/rec_rtx_ext_gateway/job/CA-QC-SAINT-HUBERT-H05--7007-Chemin-De-La-Savane--BLDG-H05-FACTORY/Stage-Hiver-2027---Groupe-Solutions-Client--Rparation-et-Rvision-----Internship-Winter-2027---Repair---Overhaul-Customer-Solutions-Group-_01867393,Simplify
Micron Technology,Yield Enhancement Intern - Data Analysis,data,AI/ML/Data,Fall 2026,"Boise, ID",Other,2026-08-21,2026-08-22,2026-09-01,,1,https://micron.wd1.myworkdayjobs.com/External/job/Boise-ID---Main-Site/Intern---Yield-Enhancement--Data-Analysis_JR109076,Simplify
Ecolab,Digital & AI Technology Intern,swe,Software,Summer 2027,"Naperville, IL, Eagan, MN, St Paul, MN",Other,2026-08-21,2026-08-22,2026-09-01,,1,https://ecolab.wd1.myworkdayjobs.com/ecolab_external/job/USA---Minnesota---Saint-Paul/Digital---AI-Technology-Intern_R00303249,Simplify
RTX,Industrialization Intern - Industrialization Production Readiness,data,AI/ML/Data,Winter 2027,"Longueuil, QC, Canada",Other,2026-08-21,2026-08-22,2026-09-01,,1,https://globalhr.wd5.myworkdayjobs.com/rec_rtx_ext_gateway/job/CA-QC-LONGUEUIL-J01--1000-Blvd-Marie-Victorin--J01-BLDG/Stage---Hiver-2027---Industrialisation----Internship---Winter-2027---Industrialization-Production-Readiness_01867520,Simplify
Nationwide,State Product Analyst Intern - Personal Lines,data,AI/ML/Data,Summer 2027,"Des Moines, IA, Columbus, OH",Other,2026-08-21,2026-09-03,2026-09-03,,1,https://nationwide.wd1.myworkdayjobs.com/Nationwide_Career/job/Ohio---Columbus-One-Nationwide-Plaza/Summer-2027-State-Product-Analyst-Intern---Personal-Lines_099794,Simplify
Databricks,Software Engineering Intern (2027 Start) - Winter,swe,,,"Bellevue, Washington; Mountain View, California; San Francisco, California",,2026-08-20,2026-08-20,2026-09-01,,1,https://databricks.com/company/careers/open-positions/job?gh_jid=8732364002,greenhouse:databricks
Zipline,Software Engineer Intern - Spring 2027,swe,Software,Spring 2027,South SF,Other,2026-08-20,2026-08-20,2026-09-01,,1,https://www.zipline.com/open-roles?gh_jid=7907191003,Simplify
Zipline,Perception Intern - Summer 2027,data,AI/ML/Data,Summer 2027,South SF,Other,2026-08-20,2026-08-20,2026-09-01,,1,https://www.zipline.com/open-roles?gh_jid=7909570003,Simplify
Tesla,Internship - Fullstack Engineer - Applications Engineering - Winter/Spring 2027,swe,Software,Winter 2027,"Fremont, CA",Other,2026-08-20,2026-08-20,2026-09-01,,1,https://www.tesla.com/careers/search/job/280820,Simplify
Epic Games,Engine Programmer Intern - Unreal Engine,swe,Software,Fall 2026,"London, UK",Other,2026-08-20,2026-08-20,2026-09-01,,1,https://epicgames.com/careers/jobs/6147283004?gh_jid=6147283004,Simplify
Zoox,Data Scientist,data,AI/ML/Data,N/A,"Foster City, CA",Other,2026-08-20,2026-08-20,2026-09-01,,1,https://jobs.lever.co/zoox/51838a63-2dde-44dc-9c3e-757f35b9690f/apply,Simplify
Framatome,Computer Science Engineer Intern Co-op - Univ/Co-op Technical,swe,Software,Fall 2026,"Richland, WA",Other,2026-08-20,2026-08-20,2026-09-01,,1,https://careers-framatome.icims.com/jobs/3295/job?mobile=true&needsRedirect=false,Simplify
AbbVie,Business Technology Solutions Intern - Data & Software Engineering - Undergraduate,swe,Software,Summer 2027,"North Chicago, IL",Other,2026-08-20,2026-08-20,2026-09-01,,1,https://jobs.smartrecruiters.com/AbbVie/3743990014697918,Simplify
Abundant,Member of Technical Staff Intern - Research,swe,Software,Winter 2027,SF,Other,2026-08-20,2026-08-20,2026-09-01,,1,https://jobs.ashbyhq.com/abundant/1ebf7fda-c322-404d-acc3-2757bbd79996/application?embed=true,Simplify
TikTok,Software Engineer Intern - Recommendation Infra - Performance Efficiency,swe,Software,Summer 2027,"San Jose, CA",Other,2026-08-20,2026-08-20,2026-09-01,,1,https://lifeattiktok.com/search/7675159726676101381,Simplify
TikTok,Software Engineer Intern - Recommendation Architecture - Feeds Infrastructure,swe,Software,Summer 2027,"Seattle, WA",Other,2026-08-20,2026-08-20,2026-09-01,,1,https://lifeattiktok.com/search/7672926068681951493,Simplify
TikTok,Software Engineer Intern - TikTok Search Architecture,swe,Software,Summer 2027,"San Jose, CA",Other,2026-08-20,2026-08-20,2026-09-01,,1,https://lifeattiktok.com/search/7675517686256863541,Simplify
Epic Games,Tools Programmer Intern,swe,Software,Fall 2026,"Cary, NC",Other,2026-08-20,2026-08-20,2026-09-01,,1,https://epicgames.com/careers/jobs/6147167004?gh_jid=6147167004,Simplify
Epic Games,Technical Art Intern - Rocket League,swe,Software,Fall 2026,"Cary, NC",Other,2026-08-20,2026-09-04,2026-09-04,,1,https://epicgames.com/careers/jobs/6147154004?gh_jid=6147154004,Simplify
General Matter,Software Engineering Intern,swe,Software,Summer 2027,LA,Other,2026-08-20,2026-08-20,2026-09-01,,1,https://job-boards.greenhouse.io/generalmatter/jobs/5377118008,Simplify
Notion,Data Science Intern,data,AI/ML/Data,Winter 2027,SF,Other,2026-08-20,2026-08-20,2026-09-01,,1,https://jobs.ashbyhq.com/notion/a67d6f2b-7c13-41d0-b36b-b2f662c9873e/application?embed=true,Simplify
Ampersand,Data Engineering Co-op - Open to Northeastern students only,data,AI/ML/Data,Fall 2026,"Boston, MA",Other,2026-08-20,2026-08-20,2026-09-01,,1,https://ats.rippling.com/ampersand-biomedicines/jobs/be3f5479-379e-4d48-9bd1-82a69b2dcfd3,Simplify
Fannie Mae,Data Science Intern - Analytics & Modeling Program,data,AI/ML/Data,Summer 2027,"Washington, DC",Other,2026-08-20,2026-08-20,2026-09-01,,1,https://fanniemae.wd1.myworkdayjobs.com/FannieMaeCareers/job/Washington-DC/Campus---Data-Science-Intern--Analytics---Modeling-Program-_JR2815,Simplify
Devon Energy,Technology Intern - Data Engineering,data,AI/ML/Data,Summer 2027,"Houston, TX, Oklahoma City, OK",Other,2026-08-20,2026-08-20,2026-09-01,,1,https://wd5.myworkdaysite.com/en-US/recruiting/devonenergy/Careers/job/Oklahoma-City-OK/Technology-Summer-Intern-2027_R26264-1,Simplify
Philips,Data Scientist Co-op,data,AI/ML/Data,Summer 2027,"Plymouth, MN",Other,2026-08-20,2026-08-20,2026-09-01,,1,https://philips.wd3.myworkdayjobs.com/jobs-and-careers/job/Plymouth-Minnesota-United-States/Graduate-Level-Co-op---Data-Scientist---Plymouth--MN---Summer-2027_590567,Simplify
Excellus BCBS,College Intern - AI Engineering,data,AI/ML/Data,Fall 2026,"Rochester, NY, DeWitt, IA, Albany, NY, Binghamton, NY, Buffalo, NY",Other,2026-08-20,2026-08-20,2026-09-01,,1,https://lthc.wd1.myworkdayjobs.com/en-US/ExcellusBCBSCareers/job/Rochester/College-Intern---AI-Engineering---Fall-2026--Multiple-Openings-_JR103879-2,Simplify
Mosaic,Artificial Intelligence Co-op Intern,data,AI/ML/Data,Spring 2027,"Tampa, FL",Other,2026-08-20,2026-08-21,2026-09-01,,1,https://mosaic.wd5.myworkdayjobs.com/mosaic/job/US---Tampa-FL-Lithia-area/Artificial-Intelligence-Co-Op-Intern---Spring-2027_64729,Simplify
Vanguard,Data Science Intern - College to Corporate IT,data,AI/ML/Data,Summer 2027,"Charlotte, NC",Other,2026-08-20,2026-08-21,2026-09-01,,1,https://vanguard.wd5.myworkdayjobs.com/en-US/vanguard_external/job/Charlotte-NC/College-to-Corporate-IT-Internship---Data-Science--NC-_181765,Simplify
Vanguard,Data Science Intern - Information Technology,data,AI/ML/Data,Summer 2027,"Malvern, PA",Other,2026-08-20,2026-08-21,2026-09-01,,1,https://vanguard.wd5.myworkdayjobs.com/en-US/vanguard_external/job/Malvern-PA/College-to-Corporate-IT-Internship---Data-Science--PA-_181766,Simplify
Vanguard,Data Analyst Intern - College to Corporate IT,data,AI/ML/Data,Summer 2027,"Charlotte, NC",Other,2026-08-20,2026-08-21,2026-09-01,,1,https://vanguard.wd5.myworkdayjobs.com/en-US/vanguard_external/job/Charlotte-NC/College-to-Corporate-IT-Internship---Data-Analyst--NC-_181767,Simplify
Specialisterne,Software Engineer Intern - Neurodiversity Hiring Initiative,swe,Software,Fall 2026,"Dallas, TX",Other,2026-08-19,2026-08-19,2026-09-01,,1,https://specialisterne.applytojob.com/apply/gOkVN8zGTL/Software-Engineer-Intern-Neurodiversity-Hiring-Initiative,Simplify
Notion,Data Science Intern (Winter 2027),data,,,"San Francisco, California",,2026-08-19,2026-08-19,2026-09-02,,1,https://jobs.ashbyhq.com/notion/a67d6f2b-7c13-41d0-b36b-b2f662c9873e,ashby:notion
Kepler Communications,Embedded Software Engineer Intern - January 2027 - 4 months,swe,Hardware,Winter 2027,"Toronto, ON, Canada",Other,2026-08-19,2026-08-19,2026-09-01,,1,https://jobs.lever.co/kepler/2ad02ce3-1d56-4aee-9f1d-5199c780c0c1/apply,Simplify
ByteDance,Machine Learning Engineer Intern - E-Commerce Risk Control - PhD,data,AI/ML/Data,Summer 2027,"San Jose, CA",Other,2026-08-19,2026-08-19,2026-09-01,,1,https://jobs.bytedance.com/en/position/7675478684795881781/detail,Simplify
Deloitte,Data & AI Solutions Engineering Summer Scholar Intern,swe,Software,Summer 2027,"Atlanta, GA",Other,2026-08-19,2026-09-04,2026-09-04,,1,https://apply.deloitte.com/en_US/careers/JobDetail/Consultative-Offerings-Summer-Scholar-Data-AI-Solutions-Engineering/363475,Simplify
NVIDIA,Systems Software Engineering Intern,swe,Software,Fall 2026,"Santa Clara, CA",Other,2026-08-19,2026-08-19,2026-09-01,,1,https://nvidia.wd5.myworkdayjobs.com/NVIDIAExternalCareerSite/job/US-CA-Santa-Clara/NVIDIA-2027-Internships--Systems-Software-Engineering_JR2023492,Simplify
NVIDIA,Deep Learning Intern - Deep Learning Applications and Algorithms - Deep Learning Frameworks and Libraries,data,AI/ML/Data,Fall 2026,"Santa Clara, CA",Other,2026-08-19,2026-08-19,2026-09-01,,1,https://nvidia.wd5.myworkdayjobs.com/NVIDIAExternalCareerSite/job/US-CA-Santa-Clara/NVIDIA-2027-Internships--Deep-Learning_JR2023497-1,Simplify
NVIDIA,Software Engineering Intern,swe,Software,Summer 2027,"Canada, Santa Clara, CA",Other,2026-08-19,2026-08-19,2026-09-01,,1,https://nvidia.wd5.myworkdayjobs.com/NVIDIAExternalCareerSite/job/US-CA-Santa-Clara/NVIDIA-2027-Internships--Software-Engineering_JR2023495,Simplify
NVIDIA,Deep Learning Computer Architecture Intern,data,AI/ML/Data,Summer 2027,"Santa Clara, CA",Other,2026-08-19,2026-08-19,2026-09-01,,1,https://nvidia.wd5.myworkdayjobs.com/NVIDIAExternalCareerSite/job/US-CA-Santa-Clara/NVIDIA-2027-Internships--Deep-Learning-Computer-Architecture_JR2023491,Simplify
Marmon Holdings,Data & Process Automation Intern - Duty Drawback,data,AI/ML/Data,Fall 2026,"Newark, NJ",Other,2026-08-19,2026-08-19,2026-09-01,,1,https://marmon.wd501.myworkdayjobs.com/Marmon_Careers/job/Newark-NJ/Data---Process-Automation-Intern---Duty-Drawback_JR0000045184,Simplify
Autodesk,AI Developer Intern,swe,AI/ML/Data,Winter 2027,"Montreal, QC, Canada",Other,2026-08-19,2026-08-19,2026-09-01,,1,https://autodesk.wd1.myworkdayjobs.com/uni/job/Montreal-QC-CAN/Intern--AI-Developer--Stagiaire-en-dveloppement-IA_26WD100523-1,Simplify
Autodesk,AI Developer Intern - Creative Technology,swe,AI/ML/Data,Winter 2027,"Montreal, QC, Canada",Other,2026-08-19,2026-08-19,2026-09-01,,1,https://autodesk.wd1.myworkdayjobs.com/Ext/job/Montreal-QC-CAN/Intern--AI-Developer--Stagiaire-en-dveloppement-IA_26WD100523-2,Simplify
GE Vernova,GridOS Project Engineer Intern Co-op - GridOS,data,AI/ML/Data,Winter 2027,"Bellevue, WA, Atlanta, GA",Other,2026-08-19,2026-09-03,2026-09-03,,1,https://gevernova.wd5.myworkdayjobs.com/vernova_externalsite/job/Bellevue/GE-Vernova-GridOS--Project-Engineer---Co-Op-Intern---January-2027-June-2027_R5050087-2,Simplify
GE Vernova,GridOS Project Engineer Co-op/Intern,data,AI/ML/Data,Winter 2027,"Bellevue, WA, Atlanta, GA",Other,2026-08-19,2026-09-03,2026-09-03,,1,https://gevernova.wd5.myworkdayjobs.com/only_confidential_executive_recruiting/job/Bellevue/GE-Vernova-GridOS--Project-Engineer---Co-Op-Intern---January-2027-June-2027_R5050087-1,Simplify
Garda Capital Partners,Software Engineer Intern,swe,Software,Summer 2027,NYC,Other,2026-08-18,2026-08-18,2026-09-01,,1,https://job-boards.greenhouse.io/gardacp/jobs/6146213004,Simplify
American Express,Data Analytics Intern - Global Servicing - Financial Crimes Risk & Controls,data,AI/ML/Data,Summer 2027,NYC,Other,2026-08-18,2026-08-18,2026-09-01,,1,https://egug.fa.us2.oraclecloud.com/hcmUI/CandidateExperience/en/sites/CX_1/job/26012627,Simplify
Zipline,Long Range Platform Embedded Firmware Intern - Summer 2027,swe,Hardware,Summer 2027,South SF,Other,2026-08-18,2026-08-18,2026-09-01,,1,https://www.zipline.com/open-roles?gh_jid=7891459003,Simplify
Five Rings Capital,Software Development Intensive Program - LINK,swe,Software,N/A,NYC,Other,2026-08-18,2026-08-18,2026-09-01,,1,https://job-boards.greenhouse.io/fiveringsllc/jobs/5394515008,Simplify
Foundation Finance,Full Stack Developer Intern,swe,Software,Fall 2026,"Rothschild, WI",Other,2026-08-18,2026-08-18,2026-09-01,,1,https://careers.foundationfinance.com/jobs/2097?icims=1,Simplify
Quantinuum,Quantum Error Correction Intern - Quantum Error Correction,quant,Software,Fall 2026,"London, UK, Cambridge, UK",Other,2026-08-18,2026-08-24,2026-09-03,,1,https://jobs.eu.lever.co/quantinuum/46b3f32c-a2ad-4d4d-bff6-b1bbebf3e382/apply,Simplify
TikTok,Software Engineer Intern - TikTok Search Data Infra,swe,Software,Summer 2027,"San Jose, CA",Other,2026-08-18,2026-08-18,2026-09-01,,1,https://lifeattiktok.com/search/7675128776856029445,Simplify
L3Harris Technologies,Software Engineer Intern,swe,Hardware,Winter 2027,"Greenville, TX",Other,2026-08-18,2026-08-18,2026-09-01,,1,"https://jobs.l3harris.com/job/Greenville-Intern,-Software-Engineer-Spring-2027-TX-75402/1420331200/?ats=successfactors",Simplify
University of St. Thomas,Digital Innovation & Learning Technology Intern,swe,Software,Fall 2026,"St Paul, MN",Other,2026-08-18,2026-08-18,2026-09-01,,1,https://studentemployment-stthomas.icims.com/jobs/9527/job?mobile=true&needsRedirect=false,Simplify
AeroVect,Autonomy Intern,data,AI/ML/Data,Fall 2026,SF,Other,2026-08-18,2026-08-18,2026-09-01,,1,https://jobs.smartrecruiters.com/AeroVect/743999725988642,Simplify
Clinical Ink,Data Management Intern,data,AI/ML/Data,Fall 2026,"Horsham, PA",Other,2026-08-18,2026-08-18,2026-09-01,,1,https://jobs.smartrecruiters.com/ClinicalInk/89163444,Simplify
RegDesk,Front End Developer Intern,swe,Software,Fall 2026,"Philadelphia, PA",Other,2026-08-18,2026-08-18,2026-09-01,,1,https://jobs.smartrecruiters.com/RegDeskInc/92145731,Simplify
SightCall,Web Developer Intern,swe,Software,Fall 2026,SF,Other,2026-08-18,2026-08-18,2026-09-01,,1,https://jobs.smartrecruiters.com/SightCall/80298252,Simplify
Encephalo Investments,Software Developer Intern,swe,Software,Fall 2026,"Woodbury, MN",Other,2026-08-18,2026-08-18,2026-09-01,,1,https://jobs.smartrecruiters.com/EncephaloInvestments/743999734497349,Simplify
Zoomifier,Software Development Intern,swe,Software,Fall 2026,NYC,Other,2026-08-18,2026-08-18,2026-09-01,,1,https://jobs.smartrecruiters.com/CustomShow/75886593,Simplify
Huck Adventures,Research Analyst Intern,data,AI/ML/Data,Fall 2026,"Boulder, CO",Other,2026-08-18,2026-08-18,2026-09-01,,1,https://jobs.smartrecruiters.com/HuckAdventures/743999747985535,Simplify
KOSTAL Group,Systems Engineering Intern,swe,Hardware,Fall 2026,"Troy, MI",Other,2026-08-18,2026-08-18,2026-09-01,,1,https://jobs.smartrecruiters.com/KOSTALGroup/744000138137225,Simplify
Dimensional Fund Advisors,Global Client Group Intern - Data and Tools - Undergraduate and Master's,data,AI/ML/Data,Summer 2027,"Austin, TX",Other,2026-08-18,2026-08-18,2026-09-01,,1,https://dimensional.wd5.myworkdayjobs.com/dfa_careers/job/Austin/Internship-in-Global-Client-Group---Data-and-Tools--Undergraduate---Master-s-_2026-9003,Simplify
PIMCO,Software Engineering Intern - Technology Analyst,swe,Software,Summer 2027,"Austin, TX",Other,2026-08-18,2026-08-18,2026-09-01,,1,https://pimco.wd1.myworkdayjobs.com/pimco-careers/job/Austin-TX-USA/XMLNAME-2027-Summer-Intern---Technology-Analyst--Software-Engineering_R106745,Simplify
Continental Resources,Data Analyst Intern,data,AI/ML/Data,Summer 2027,"Oklahoma City, OK",Other,2026-08-18,2026-08-19,2026-09-01,,1,https://clr.wd5.myworkdayjobs.com/CLR_Careers/job/Oklahoma-City-OK/Data-Analyst-Intern--Summer-2027-_R02591-1,Simplify
Deutsche Bank,"Technology, Data and Innovation Intern - Technology, Data and Innovation",swe,Software,Summer 2027,NYC,Other,2026-08-17,2026-08-17,2026-09-01,,1,https://db.recsolu.com/external/requisitions/utrM7YhSIN2pudx_g6Rh2w,Simplify
WEC Energy Group,Energy Analytics Intern,data,AI/ML/Data,Summer 2027,"Milwaukee, WI",Other,2026-08-17,2026-08-17,2026-09-01,,1,https://careers.wecenergygroup.com/We_Energies/job/Milwaukee-Intern-Energy-Analytics-WI-53203/1420267800/?ats=successfactors,Simplify
Arthur J. Gallagher & Co.,Data Analytics Intern,data,AI/ML/Data,Summer 2027,"Rolling Meadows, IL",Other,2026-08-17,2026-08-17,2026-09-01,,1,https://jobs.ajg.com/jobs/57701?icims=1,Simplify
Google,Research Scientist PhD Intern,data,AI/ML/Data,Summer 2027,"London, UK",Other,2026-08-17,2026-08-17,2026-09-01,,1,https://www.google.com/about/careers/applications/jobs/results/134795423167455942,Simplify
GE Aerospace,Engines Engineering Intern - Computer or Software Engineering,swe,Hardware,Summer 2027,"Lynn, MA, Evendale, OH",Other,2026-08-17,2026-08-17,2026-09-03,,1,https://geaerospace.wd5.myworkdayjobs.com/ge_externalsite/job/Evendale/Engines-Engineering-Intern---Computer-or-Software-Engineering---US---Summer-2027_R5029622-1,Simplify
Xantium,Quantitative Developer Intern,quant,Quant,Summer 2027,"London, UK, NYC",Other,2026-08-17,2026-08-17,2026-09-01,,1,https://job-boards.greenhouse.io/xantium/jobs/4360768009,Simplify
Xantium,Quantitative Researcher Intern,quant,Quant,Summer 2027,"London, UK, NYC",Other,2026-08-17,2026-08-17,2026-09-01,,1,https://job-boards.greenhouse.io/xantium/jobs/4371217009,Simplify
American Express,AI Engineer Intern - Enterprise Technology Services,data,AI/ML/Data,Summer 2027,"Atlanta, GA",Other,2026-08-17,2026-08-17,2026-09-01,,1,https://egug.fa.us2.oraclecloud.com/hcmUI/CandidateExperience/en/sites/CX_1/job/26011796,Simplify
ByteDance,Software Engineer Intern - Global Payment,swe,Software,Summer 2027,"San Jose, CA",Other,2026-08-17,2026-08-17,2026-09-01,,1,https://jobs.bytedance.com/en/position/7668650945276168453/detail,Simplify
American Express,Software Engineer Intern - Technology,swe,Software,Summer 2027,NYC,Other,2026-08-17,2026-08-17,2026-09-01,,1,https://egug.fa.us2.oraclecloud.com/hcmUI/CandidateExperience/en/sites/CX_1/job/26010970,Simplify
Toyota Research Institute,Robotics Research Intern - Post-Training,data,AI/ML/Data,Fall 2026,"Los Altos, CA",Other,2026-08-17,2026-08-17,2026-09-03,,1,https://jobs.lever.co/tri/186808f9-464c-4f22-9d7d-4372ef272ff0/apply,Simplify
Xantium ,Quantitative Researcher Intern,quant,,,"London, England, New York, New York",,2026-08-17,2026-08-17,2026-09-02,,1,https://job-boards.greenhouse.io/xantium/jobs/4371217009,greenhouse:xantium
Xantium ,Quantitative Developer Intern,quant,,,"London, England, New York, New York",,2026-08-17,2026-08-17,2026-09-02,,1,https://job-boards.greenhouse.io/xantium/jobs/4360768009,greenhouse:xantium
DV Trading,Trading Intern - Summer 2027 (DV Commodities),quant,,,New York,,2026-08-17,2026-08-17,2026-09-01,,1,https://job-boards.greenhouse.io/dvtrading/jobs/4719134005,greenhouse:dvtrading
Daktronics,Software Design Student,swe,Software,N/A,"Brookings, SD, Rapid City, SD",Other,2026-08-17,2026-08-17,2026-09-01,,1,https://careers-daktronics.icims.com/jobs/7493/job?mobile=true&needsRedirect=false,Simplify
FAST Enterprises,Implementation Intern,swe,Software,Summer 2027,United States,Other,2026-08-17,2026-08-17,2026-09-01,,1,https://careers.fastenterprises.com/jobs/1709?icims=1,Simplify
Stripe,"Software Engineer, Intern (Summer or Winter)",swe,,,Dublin,,2026-08-17,2026-08-17,2026-09-01,,1,https://stripe.com/jobs/search?gh_jid=8097801,greenhouse:stripe
Google,Data Science PhD Intern,data,AI/ML/Data,Summer 2027,"London, UK",Other,2026-08-17,2026-08-17,2026-09-01,,1,https://www.google.com/about/careers/applications/jobs/results/73321728058499782,Simplify
Google,Software Engineering or Site Reliability Engineering PhD Intern,swe,Software,Summer 2027,"London, UK",Other,2026-08-17,2026-09-03,2026-09-03,,1,https://www.google.com/about/careers/applications/jobs/results/80037545080955590,Simplify
W.W. Grainger,Software Engineer Intern - Grainger Technology Group,swe,Software,Summer 2027,"Chicago, IL",Other,2026-08-17,2026-08-17,2026-09-01,,1,https://jobs.grainger.com/job/CHICAGO-GTG-Intern-Software-Engineer-IL-60661-4555/1419930800/?ats=successfactors,Simplify
TikTok,Data Analyst Intern - LIVE,data,AI/ML/Data,Summer 2027,"London, UK",Other,2026-08-17,2026-08-17,2026-09-01,,1,https://lifeattiktok.com/search/7674944387893791029,Simplify
TikTok,Machine Learning Engineer Intern - E-Commerce Governance,data,AI/ML/Data,Fall 2026,"Seattle, WA",Other,2026-08-17,2026-08-17,2026-09-01,,1,https://lifeattiktok.com/search/7674029136531015941,Simplify
TikTok,Data Engineer Intern - Data Platform Global Live,swe,AI/ML/Data,Summer 2027,"San Jose, CA",Other,2026-08-17,2026-08-17,2026-09-01,,1,https://lifeattiktok.com/search/7674032146438162693,Simplify
American Express,Software Engineer Intern - Enterprise Technology Services,swe,Software,Summer 2027,"Charlotte, NC",Other,2026-08-17,2026-08-17,2026-09-01,,1,https://egug.fa.us2.oraclecloud.com/hcmUI/CandidateExperience/en/sites/CX_1/job/26011987,Simplify
Levi Strauss & Co.,Analytics Intern - eCommerce,data,AI/ML/Data,Fall 2026,"London, UK",Other,2026-08-17,2026-08-17,2026-09-16,,1,https://levistraussandco.wd5.myworkdayjobs.com/external/job/London-United-Kingdom/Analytics-Intern_R-0155618-1,Simplify
Ryan Companies,Business Intelligence Intern - Mission Critical,data,AI/ML/Data,Summer 2027,"Des Moines, IA, Austin, TX, Tampa, FL, Dallas, TX, Chicago, IL, Minneapolis, MN, Atlanta, GA",Other,2026-08-17,2026-08-17,2026-09-01,,1,https://ryancompanies.wd5.myworkdayjobs.com/ryancompanies/job/Minneapolis/Business-Intelligence-Intern--Mission-Critical_R-101961,Simplify
KeyBank,Data Intern - Key Technology & Services - Data Track,data,AI/ML/Data,Summer 2027,"Brooklyn, OH",Other,2026-08-17,2026-08-17,2026-09-01,,1,https://keybank.wd5.myworkdayjobs.com/External_Career_Site/job/Brooklyn-OH/XMLNAME-2027-Summer-Key-Technology---Services--Data-Track-Internship--Cleveland_R-41385,Simplify
Capital One,Full Stack Software Engineer Intern - Team Integrated Sprout,swe,Software,Winter 2027,"Toronto, ON, Canada",Other,2026-08-17,2026-08-17,2026-09-01,,1,https://capitalone.wd12.myworkdayjobs.com/Capital_One/job/Toronto-ON/Intern--Full-Stack-Software-Engineer---Team-Integrated-Sprout---Winter-2027_R249010,Simplify
Capital One,Mobile Software Engineer Intern,swe,Software,Winter 2027,"Toronto, ON, Canada",Other,2026-08-17,2026-08-17,2026-09-01,,1,https://capitalone.wd12.myworkdayjobs.com/Capital_One/job/Toronto-ON/Intern--Mobile-Software-Engineer---Team-Gringotts-North---Winter-2027_R249015,Simplify
Capital One,Full Stack Software Engineer Intern - Team Pickle,swe,Software,Winter 2027,"Toronto, ON, Canada",Other,2026-08-17,2026-08-17,2026-09-01,,1,https://capitalone.wd12.myworkdayjobs.com/Capital_One/job/Toronto-ON/Intern--Full-Stack-Software-Engineer---Team-Pickle---Winter-2027_R249013,Simplify
Capital One,Backend Software Engineer Intern - Team Interstellar,swe,Software,Winter 2027,"Toronto, ON, Canada",Other,2026-08-17,2026-08-17,2026-09-01,,1,https://capitalone.wd12.myworkdayjobs.com/Capital_One/job/Toronto-ON/Intern--Backend-Software-Engineer---Team-Interstellar---Winter-2027_R249022,Simplify
Dee Zee,Software Development Intern,swe,Software,Summer 2027,"Des Moines, IA",Other,2026-08-17,2026-08-17,2026-09-01,,1,https://deezee.wd108.myworkdayjobs.com/DeeZee_Careers/job/Des-Moines/Software-Development-Intern_REQ00368,Simplify
Thomson Reuters,Applied Research Intern - NLP/ML/GenAI,data,AI/ML/Data,Fall 2026,"Toronto, ON, Canada",Other,2026-08-17,2026-08-17,2026-09-01,,1,https://thomsonreuters.wd5.myworkdayjobs.com/en-US/External_Career_Site/job/Canada-Toronto-Ontario/Applied-Research-Intern--NLP-ML-GenAI-_JREQ202812,Simplify
RTX,Conversion Systems Engineer 1 Intern,swe,Software,Fall 2026,"Cedar Rapids, IA",Other,2026-08-17,2026-08-18,2026-09-01,,1,https://globalhr.wd5.myworkdayjobs.com/fr-CA/Private_Posting_No_TMP/job/US-IA-CEDAR-RAPIDS-130--5350-C-Ave-NE--BLDG-130/Intern-Conversion-Systems-Engineer-I--Onsite-_01866850,Simplify
Vanguard,IT Intern - Application Development,swe,Software,Summer 2027,"Charlotte, NC",Other,2026-08-17,2026-09-04,2026-09-04,,1,https://vanguard.wd5.myworkdayjobs.com/en-US/vanguard_external/job/Charlotte-NC/College-to-Corporate-IT-Internship---Application-Development--NC-_177681-1,Simplify
Vanguard,IT Intern - Investment Systems,swe,Software,Summer 2027,"Malvern, PA",Other,2026-08-17,2026-09-04,2026-09-04,,1,https://vanguard.wd5.myworkdayjobs.com/en-US/vanguard_external/job/Malvern-PA/College-to-Corporate-IT-Internship---Investment-Systems--PA-_177685-1,Simplify
Dedalus Labs,Design Engineer Intern,swe,Software,Fall 2026,SF,Other,2026-08-15,2026-08-15,2026-09-01,,1,https://jobs.ashbyhq.com/dedalus-labs/bcd6db2e-400b-4ffa-aef3-0948a7b558c2/application?embed=true,Simplify
Freeform,Software Engineer Intern - Summer 2027,swe,Hardware,Summer 2027,LA,Other,2026-08-15,2026-08-15,2026-09-01,,1,https://job-boards.greenhouse.io/freeformfuturecorp/jobs/7872198003,Simplify
Abridge,Software Engineer Intern,swe,Software,Fall 2026,"SF, NYC",Other,2026-08-15,2026-08-15,2026-09-12,,1,https://jobs.ashbyhq.com/abridge/3f07a457-dc14-4238-bf4e-5c33b5c1f883/application?embed=true,Simplify
Goldman Sachs,Quantitative Strategist Intern - Investment Banking,quant,Quant,Summer 2027,"London, UK",Other,2026-08-15,2026-09-04,2026-09-04,,1,https://higher.gs.com/roles/175428?type=students,Simplify
Goldman Sachs,Quantitative Strategist Intern - Multiple Teams,quant,Quant,Summer 2027,"London, UK",Other,2026-08-15,2026-08-15,2026-09-01,,1,https://higher.gs.com/roles/175424?type=students,Simplify
Goldman Sachs,Quantitative Strategist Associate Intern - Asset and Wealth Management,quant,Quant,Summer 2027,"London, UK",Other,2026-08-15,2026-08-15,2026-09-01,,1,https://higher.gs.com/roles/175423?type=students,Simplify
Goldman Sachs,Quantitative Strategist Intern - Asset and Wealth Management - Quantitative Strats,quant,Quant,Summer 2027,"London, UK",Other,2026-08-15,2026-09-04,2026-09-04,,1,https://higher.gs.com/roles/175421?type=students,Simplify
Goldman Sachs,Summer Associate Intern,quant,Quant,Summer 2027,NYC,Other,2026-08-15,2026-08-27,2026-09-01,,1,https://higher.gs.com/roles/171552?type=students,Simplify
Goldman Sachs,Summer Analyst Intern,quant,Quant,Summer 2027,NYC,Other,2026-08-15,2026-09-04,2026-09-04,,1,https://higher.gs.com/roles/171550?type=students,Simplify
Goldman Sachs,Quantitative Strats Analyst Intern - Americas - Investment Banking,quant,Quant,Summer 2027,"Dallas, TX",Other,2026-08-15,2026-09-04,2026-09-04,,1,https://higher.gs.com/roles/171548?type=students,Simplify
Goldman Sachs,Quantitative Strategist Intern - Americas - The Core Quantitative Strats,quant,Quant,Summer 2027,"Salt Lake City, UT",Other,2026-08-15,2026-09-04,2026-09-04,,1,https://higher.gs.com/roles/171551?type=students,Simplify
Goldman Sachs,Summer Analyst Intern - Americas - Engineering,swe,Software,Summer 2027,NYC,Other,2026-08-15,2026-09-04,2026-09-04,,1,https://higher.gs.com/roles/171564?type=students,Simplify
Goldman Sachs,Quantitative Strategist Intern - Americas,quant,Quant,Summer 2027,"Dallas, TX",Other,2026-08-15,2026-09-04,2026-09-04,,1,https://higher.gs.com/roles/171532?type=students,Simplify
Goldman Sachs,Quantitative Strategist Associate Intern - The Core Quantitative Strats,quant,Quant,Summer 2027,"London, UK",Other,2026-08-15,2026-08-15,2026-09-01,,1,https://higher.gs.com/roles/175427?type=students,Simplify
Goldman Sachs,Associate Intern - The Core Quantitative Strats,quant,Quant,Summer 2027,"Dallas, TX",Other,2026-08-15,2026-08-27,2026-09-01,,1,https://higher.gs.com/roles/171546?type=students,Simplify
Goldman Sachs,Summer Analyst Intern - Engineering,swe,Software,Summer 2027,"London, UK",Other,2026-08-15,2026-09-04,2026-09-04,,1,https://higher.gs.com/roles/170644?type=students,Simplify
Goldman Sachs,Summer Analyst Intern - The Core Quantitative Strats,quant,Quant,Summer 2027,"London, UK",Other,2026-08-15,2026-09-04,2026-09-04,,1,https://higher.gs.com/roles/175426?type=students,Simplify
Vendelux,Data Intern,data,AI/ML/Data,Fall 2026,NYC,Other,2026-08-15,2026-08-15,2026-09-01,,1,https://jobs.ashbyhq.com/vendelux/ec44a794-9622-444e-a789-491fa12726dd/application?embed=true,Simplify
Notion,Software Engineer Intern - Winter 2027,swe,Software,Winter 2027,"SF, NYC",Other,2026-08-15,2026-08-15,2026-09-01,,1,https://jobs.ashbyhq.com/notion/e66c6658-9e65-4c58-8db2-844628b6e8f8/application?embed=true,Simplify
Notion,Software Engineer Intern - Summer 2027,swe,Software,Summer 2027,"SF, NYC",Other,2026-08-15,2026-08-15,2026-09-01,,1,https://jobs.ashbyhq.com/notion/3fba1c39-c5cb-47d7-9ad2-1cec4d7e9d0c/application?embed=true,Simplify
ByteDance,Software Engineer Intern - Global Payment Infra and SRE,swe,Software,Summer 2027,"San Jose, CA",Other,2026-08-15,2026-08-15,2026-09-01,,1,https://jobs.bytedance.com/en/position/7668315137242351925/detail,Simplify
ByteDance,Software Engineer Intern - Global Traffic Architecture,swe,Software,Summer 2027,"San Jose, CA",Other,2026-08-15,2026-08-15,2026-09-01,,1,https://jobs.bytedance.com/en/position/7672557061679483189/detail,Simplify
The Nuclear Company,Data Science & Machine Learning Fellow Intern,data,AI/ML/Data,Summer 2027,"Washington, DC",Other,2026-08-14,2026-08-14,2026-09-01,,1,https://job-boards.greenhouse.io/thenuclearcompany/jobs/5391923008,Simplify
The Nuclear Company,AI Applied Research Intern,data,AI/ML/Data,Spring 2027,"Washington, DC",Other,2026-08-14,2026-08-14,2026-09-01,,1,https://job-boards.greenhouse.io/thenuclearcompany/jobs/5391888008,Simplify
WEC Energy Group,Renewables Data Analytics Intern,data,AI/ML/Data,Summer 2027,"Milwaukee, WI, Green Bay, WI",Other,2026-08-14,2026-08-14,2026-09-01,,1,https://careers.wecenergygroup.com/We_Energies/job/Milwaukee-Intern-Renewables-Data-Analytics-WI-53203/1419740100/?ats=successfactors,Simplify
Vertiv,Planning Analytics Intern - Summer 2027,data,AI/ML/Data,Summer 2027,"Westerville, OH",Other,2026-08-14,2026-08-14,2026-09-01,,1,https://egup.fa.us2.oraclecloud.com/hcmUI/CandidateExperience/en/sites/CX/job/20279236,Simplify
GuideWell Mutual,Enterprise Analytics Intern,data,AI/ML/Data,Summer 2027,"Jacksonville, FL",Other,2026-08-14,2026-08-14,2026-09-01,,1,http://fa-etum-saasfaprod1.fa.ocs.oraclecloud.com/hcmUI/CandidateExperience/en/sites/CX_1/job/41879,Simplify
Notion,Software Engineer Intern (Summer 2027),swe,,,"San Francisco, California",,2026-08-14,2026-08-14,2026-09-02,,1,https://jobs.ashbyhq.com/notion/3fba1c39-c5cb-47d7-9ad2-1cec4d7e9d0c,ashby:notion
Notion,Software Engineer Intern (Winter 2027),swe,,,"San Francisco, California",,2026-08-14,2026-08-14,2026-09-02,,1,https://jobs.ashbyhq.com/notion/e66c6658-9e65-4c58-8db2-844628b6e8f8,ashby:notion
ByteDance,Multi-Cloud CDN Scheduling Platform Engineer Intern - CDN Platform,swe,Software,Summer 2027,"San Jose, CA",Other,2026-08-14,2026-09-03,2026-09-03,,1,https://jobs.bytedance.com/en/position/7673636205233490181/detail,Simplify
TikTok,Mobile Software Engineer Intern - Global E-Commerce,swe,Software,Summer 2027,"San Jose, CA",Other,2026-08-14,2026-08-14,2026-09-01,,1,https://lifeattiktok.com/search/7673663349758675205,Simplify
M.C. Dean,Engineering Intern - I2Cs,swe,Software,Fall 2026,"Tysons, VA",Other,2026-08-14,2026-09-03,2026-09-03,,1,https://careers.mcdean.com/jobs/32346?icims=1,Simplify
AARP,Data Science and Advanced Analytics Intern,data,AI/ML/Data,Fall 2026,"Washington, DC",Other,2026-08-14,2026-08-14,2026-09-01,,1,https://careers.aarp.org/jobs/7437?icims=1,Simplify
Composio,Fullstack Engineer Intern - Product Team,swe,Software,Fall 2026,SF,Other,2026-08-14,2026-08-14,2026-09-01,,1,https://jobs.ashbyhq.com/composio/eea3c0be-8589-4e3d-a684-de29a9eada0d/application?embed=true,Simplify
Composio,Forward Deployed Engineer Intern,data,AI/ML/Data,Fall 2026,SF,Other,2026-08-14,2026-09-03,2026-09-03,,1,https://jobs.ashbyhq.com/composio/6b742321-a1e6-46d7-88d1-103bae44df23/application?embed=true,Simplify
MSA Safety,Software Engineer Co-op - Product Development,swe,Hardware,Spring 2027,"Cranberry Township, PA",Other,2026-08-14,2026-08-14,2026-09-01,,1,https://careers.msasafety.com/jobs/9992?icims=1,Simplify
Bank of China USA,Risk Analytics Model Intern - Credit Risk Management Department,quant,Quant,Fall 2026,NYC,Other,2026-08-14,2026-09-03,2026-09-03,,1,https://careers-bocusa.icims.com/jobs/3599/job?mobile=true&needsRedirect=false,Simplify
Jane Street,Trading Desk Operations Engineer Intern,quant,Quant,N/A,"London, UK",Other,2026-08-14,2026-08-14,2026-09-01,,1,https://www.janestreet.com/join-jane-street/apply/8700980002?gh_jid=8700980002,Simplify
Crowe,Data Analytics Developer Intern - Consulting Practice,swe,AI/ML/Data,Fall 2026,"Chicago, IL",Other,2026-08-14,2026-08-15,2026-09-01,,1,https://crowe.wd12.myworkdayjobs.com/en-US/external_careers/job/Chicago-IL-USA/Data-Analytics-Developer-Intern_R-71041,Simplify
Barclays,Quantitative Finance Associate Intern,quant,Quant,Summer 2027,NYC,Other,2026-08-14,2026-09-04,2026-09-04,,1,https://barclays.wd3.myworkdayjobs.com/External_Career_Site_Barclays/job/New-York-745-7th-Avenue/Quantitative-Finance-Associate-Summer-Internship-Program-2027-New-York_JR-0000128099,Simplify
Vertiv,Operations Intern - Summer 2027,data,AI/ML/Data,Summer 2027,"Westerville, OH",Other,2026-08-13,2026-08-13,2026-09-01,,1,https://egup.fa.us2.oraclecloud.com/hcmUI/CandidateExperience/en/sites/CX/job/20279223,Simplify
InfiniteQuant,Quantitative Researcher Intern - Summer 2027,quant,Quant,Summer 2027,"Dubai - United Arab Emirates, NYC",Other,2026-08-13,2026-08-13,2026-09-01,,1,https://jobs.smartrecruiters.com/InfiniteQuant/744000143307421,Simplify
Affirm,"Software Engineer II, Fullstack (International)",swe,,,Remote UK,,2026-08-13,2026-08-13,2026-09-01,,1,https://job-boards.greenhouse.io/affirm/jobs/7854835003,greenhouse:affirm
Affirm,"Senior Software Engineer, Fullstack (International)",swe,,,Remote UK,,2026-08-13,2026-08-13,2026-09-01,,1,https://job-boards.greenhouse.io/affirm/jobs/7827039003,greenhouse:affirm
TikTok,Data Science Intern - Advertisement Team,data,AI/ML/Data,Summer 2027,"San Jose, CA",Other,2026-08-13,2026-08-13,2026-09-01,,1,https://lifeattiktok.com/search/7673226686054107445,Simplify
ConnectPrep,Data Analyst Intern,data,AI/ML/Data,Fall 2026,"Washington, DC, Remote in USA",Other,2026-08-13,2026-08-13,2026-09-01,,1,https://apply.workable.com/connectprep/j/D1C67258C0/apply,Simplify
Specter Aerospace,Image Processing Co-op,data,AI/ML/Data,Spring 2027,"Boston, MA",Other,2026-08-13,2026-08-13,2026-09-01,,1,https://specteraerospace.bamboohr.com/careers/121/,Simplify
Specter Aerospace,Full Stack Developer Co-op,swe,Software,Summer 2027,"Boston, MA, Peabody, MA",Other,2026-08-13,2026-08-13,2026-09-01,,1,https://specteraerospace.bamboohr.com/careers/122/,Simplify
Specter Aerospace,Front-End Software Developer Co-op,swe,Software,Spring 2027,"Boston, MA, Peabody, MA",Other,2026-08-13,2026-08-13,2026-09-01,,1,https://specteraerospace.bamboohr.com/careers/120/,Simplify
Specter Aerospace,Embedded Software Co-op,swe,Hardware,Spring 2027,"Boston, MA",Other,2026-08-13,2026-08-13,2026-09-01,,1,https://specteraerospace.bamboohr.com/careers/119/,Simplify
ByteDance,Student Researcher - AI Foundation Model Infrastructure - Seed,swe,AI/ML/Data,N/A,"San Jose, CA",Other,2026-08-13,2026-08-13,2026-09-01,,1,https://jobs.bytedance.com/en/position/7673274430383032629/detail,Simplify
Inbulks,Junior Front End Developer Intern,swe,Software,Fall 2026,"Long Island City, Queens, NY",Other,2026-08-13,2026-08-13,2026-09-01,,1,https://jobs.smartrecruiters.com/InbulksCorp/743999750129753,Simplify
VWH Capital Management,Quantitative Researcher Intern,quant,Quant,Fall 2026,"Dallas, TX",Other,2026-08-13,2026-08-13,2026-09-01,,1,https://jobs.smartrecruiters.com/VWHCapitalManagementLP/744000135105801,Simplify
ByteDance,Self-Built Engineer Intern - CDN Platform,swe,AI/ML/Data,Summer 2027,"San Jose, CA",Other,2026-08-13,2026-08-13,2026-09-01,,1,https://jobs.bytedance.com/en/position/7670364362450733317/detail,Simplify
Gartner,Data Analyst Intern,data,AI/ML/Data,Fall 2026,"Irving, TX",Other,2026-08-13,2026-08-13,2026-09-01,,1,https://gartner.wd5.myworkdayjobs.com/EXT/job/Irving-TX/Data-Analyst-Internship--2028-Graduates-_113297,Simplify
National Laboratory of the Rockies,Transportation Systems Analysis Intern - Year-Round,data,AI/ML/Data,Fall 2026,"Golden, CO",Other,2026-08-13,2026-08-13,2026-09-01,,1,https://nrel.wd5.myworkdayjobs.com/NLR/job/Golden-CO/Graduate--Year-Round--Intern---Transportation-Systems-Analysis_R14385,Simplify
Crowe,AI Engineering Intern,data,AI/ML/Data,Fall 2026,"Chicago, IL",Other,2026-08-13,2026-08-13,2026-09-01,,1,https://crowe.wd12.myworkdayjobs.com/en-US/external_careers/job/Chicago-IL-USA/AI-Engineering-Intern_R-51782,Simplify
Teledyne,Software Engineer Intern - NHRC,swe,Software,Summer 2027,"Huntsville, AL",Other,2026-08-13,2026-08-14,2026-09-01,,1,https://flir.wd1.myworkdayjobs.com/flircareers/job/US---Huntsville-AL/NHRC-Software-Engineering-Internship--Summer-2027-_REQ36193,Simplify
PIMCO,Client Solutions & Analytics Analyst Intern,data,AI/ML/Data,Summer 2027,"Newport Beach, CA",Other,2026-08-13,2026-08-14,2026-09-01,,1,https://pimco.wd1.myworkdayjobs.com/pimco-careers/job/Newport-Beach-CA-USA/XMLNAME-2027-Summer-Intern---Client-Solutions---Analytics-Analyst--US_R106605,Simplify
DV Trading,Trading Intern,quant,Quant,Summer 2027,"London, UK",Other,2026-08-12,2026-08-12,2026-09-01,,1,https://job-boards.greenhouse.io/dvtrading/jobs/4719135005,Simplify
TMEIC Corporation Americas,Applications Intern - AI and Machine Learning,data,AI/ML/Data,Summer 2027,"Roanoke, VA",Other,2026-08-12,2026-08-12,2026-09-01,,1,https://apply.workable.com/tmeic-corporation-americas/j/6FDBF2FD32/apply,Simplify
Tower Research Capital,Quantitative Research Intern - Central Execution Research,quant,Quant,Fall 2026,"London, UK",Other,2026-08-12,2026-08-12,2026-09-01,,1,https://www.tower-research.com/open-positions/?gh_jid=8113986,Simplify
TikTok,Product Manager Intern - Ads Interface and Platform,swe,Product,Summer 2027,"San Jose, CA",Other,2026-08-12,2026-08-12,2026-09-01,,1,https://lifeattiktok.com/search/7672562486917286149,Simplify
TikTok,Machine Learning Engineer Intern - E-Commerce Recommendation Foundation,data,AI/ML/Data,Summer 2027,"San Jose, CA",Other,2026-08-12,2026-08-12,2026-09-01,,1,https://lifeattiktok.com/search/7672883129493948677,Simplify
TikTok,Machine Learning Engineer Intern - E-Commerce Recommendation Mall,data,AI/ML/Data,Summer 2027,"Seattle, WA",Other,2026-08-12,2026-08-12,2026-09-01,,1,https://lifeattiktok.com/search/7672920375646488885,Simplify
Tower Research Capital,"Quantitative Research Internship - 6 Months, Central Execution Research",quant,,,London,,2026-08-12,2026-08-12,2026-09-02,,1,https://www.tower-research.com/open-positions/?gh_jid=8113986,greenhouse:towerresearchcapital
IMC,Quantitative Trader Intern 2027,quant,,,"Hong Kong, Hong Kong",,2026-08-12,2026-08-12,2026-09-01,,1,https://job-boards.eu.greenhouse.io/imc/jobs/4941205101,greenhouse:imc
IMC,Software Engineer Intern 2027,swe,,,"Hong Kong, Hong Kong",,2026-08-12,2026-08-12,2026-09-01,,1,https://job-boards.eu.greenhouse.io/imc/jobs/4941206101,greenhouse:imc
IMC,Quantitative Research Intern 2027,quant,,,"Hong Kong, Hong Kong",,2026-08-12,2026-08-12,2026-09-01,,1,https://job-boards.eu.greenhouse.io/imc/jobs/4941208101,greenhouse:imc
Felix Magazine,Web Developer/Programmer Intern,swe,Software,Fall 2026,"Chicago, IL",Other,2026-08-12,2026-08-12,2026-09-01,,1,https://jobs.smartrecruiters.com/LuxeMediaLLC/83337967,Simplify
Tesla,Software Engineer Intern - AI Inference Co Design,swe,Software,Fall 2026,"Palo Alto, CA",Other,2026-08-12,2026-08-12,2026-09-01,,1,https://www.tesla.com/careers/search/job/279600,Simplify
Maxinsights,Data Operations Intern,data,AI/ML/Data,Fall 2026,"Santa Clara, CA",Other,2026-08-12,2026-08-26,2026-09-01,,1,https://jobs.ashbyhq.com/maxinsights/afbc425f-9543-460d-8f78-792a8017d060/application?embed=true,Simplify
University System of New Hampshire,Robotics Intern,data,AI/ML/Data,Fall 2026,"Durham, NH",Other,2026-08-12,2026-08-12,2026-09-01,,1,https://usnh.wd5.myworkdayjobs.com/Careers/job/University-of-New-Hampshire--Main-Campus/Research-Intern_JR8497,Simplify
Northwestern Mutual,Quantitative Analyst Intern - Public Investments,quant,Quant,Summer 2027,"Milwaukee, WI",Other,2026-08-12,2026-08-12,2026-09-01,,1,https://northwesternmutual.wd5.myworkdayjobs.com/corporate-careers/job/Milwaukee-WI-Corporate/Public-Investments-Quantitative-Analyst-Intern--Summer-2027_JR-45807,Simplify
GE Vernova,Engineering Intern,swe,Software,Summer 2027,"Niskayuna, NY",Other,2026-08-12,2026-08-12,2026-09-18,,1,https://gevernova.wd5.myworkdayjobs.com/vernova_externalsite/job/Niskayuna/Engineering-Intern---Power-Conversion---Storage-AI-Tool-Developer--2027_R5049957-2,Simplify
Quantbot Technologies,Data Trading Analyst Intern - Data Trading Lab,quant,Quant,Summer 2027,"London, UK",Other,2026-08-11,2026-08-11,2026-09-01,,1,https://www.quantbot.com/careers/4299858009?gh_jid=4299858009,Simplify
AQR Capital Management,Quantitative Prediction Markets Research Summer Analyst Intern,quant,Quant,Summer 2027,"Greenwich, CT",Other,2026-08-11,2026-09-04,2026-09-04,,1,https://careers.aqr.com/jobs?gh_jid=8122378&gh_jid=8122378,Simplify
Zoox,Machine Learning Engineer Student Worker - Data Mining & VLM,data,AI/ML/Data,N/A,"Foster City, CA",Other,2026-08-11,2026-08-11,2026-09-01,,1,https://jobs.lever.co/zoox/7206fd97-14e4-43a0-b903-ba65dfeee53e/apply,Simplify
Zip,Software Engineer Intern (Winter 2027),swe,,,Toronto,,2026-08-11,2026-08-11,2026-09-06,,1,https://jobs.ashbyhq.com/zip/2bc7327b-1c06-418a-beeb-bec1dd70480e,ashby:zip
SpaceX,"Sr. Full Stack Engineer, Internal Systems",swe,,,"Bastrop, TX",,2026-08-11,2026-08-11,2026-09-02,,1,https://boards.greenhouse.io/spacex/jobs/8696900002?gh_jid=8696900002,greenhouse:spacex
Quantbot Technologies,Quantitative Developer Intern,quant,Quant,Summer 2027,NYC,Other,2026-08-11,2026-08-11,2026-09-17,,1,https://www.quantbot.com/careers/4341038009?gh_jid=4341038009,Simplify
Quantbot Technologies,Machine Learning Research Engineer Intern,data,AI/ML/Data,Summer 2027,NYC,Other,2026-08-11,2026-08-11,2026-09-04,,1,https://www.quantbot.com/careers/4340833009?gh_jid=4340833009,Simplify
Quantbot Technologies,Quantitative Researcher Intern,quant,Quant,Summer 2027,NYC,Other,2026-08-11,2026-08-11,2026-09-01,,1,https://www.quantbot.com/careers/4299496009?gh_jid=4299496009,Simplify
Quantbot Technologies,Data Trading Analyst Intern,quant,Quant,Summer 2027,NYC,Other,2026-08-11,2026-08-11,2026-09-01,,1,https://www.quantbot.com/careers/4299767009?gh_jid=4299767009,Simplify
ByteDance,Data Lake Infrastructure & Data Analytics Research Engineer Intern - Applied Machine Learning Ark,swe,AI/ML/Data,Summer 2027,"Seattle, WA",Other,2026-08-11,2026-08-11,2026-09-01,,1,https://jobs.bytedance.com/en/position/7672394389001816325/detail,Simplify
ByteDance,Data Platform Engineer Intern - Global Engineering CDN,swe,AI/ML/Data,Fall 2026,"San Jose, CA",Other,2026-08-11,2026-09-04,2026-09-04,,1,https://jobs.bytedance.com/en/position/7538139519473092882/detail,Simplify
TikTok,AI Safety Evaluation & Governance Product Manager Intern - Multiple Teams,data,Product,Summer 2027,"San Jose, CA",Other,2026-08-11,2026-08-11,2026-09-01,,1,https://lifeattiktok.com/search/7670529537944766773,Simplify
DV Trading,Software Engineer Intern,swe,Software,Summer 2027,NYC,Other,2026-08-11,2026-08-11,2026-09-01,,1,https://job-boards.greenhouse.io/dvtrading/jobs/4719119005,Simplify
DV Trading,Software Engineer Intern - DV Commodities,swe,Software,Summer 2027,"London, UK",Other,2026-08-11,2026-08-11,2026-09-01,,1,https://job-boards.greenhouse.io/dvtrading/jobs/4719125005,Simplify
ResponsiveAds,Full-Stack Developer Intern - ResponsiveAds - Studio 4,swe,Software,Fall 2026,"Vancouver, BC, Canada",Other,2026-08-11,2026-08-11,2026-09-01,,1,https://apply.workable.com/responsiveads-inc/j/493EAC12D6/apply,Simplify
OpusClip,AI Product Management Intern,data,Product,Fall 2026,"Mountain View, CA",Other,2026-08-11,2026-08-11,2026-09-01,,1,https://jobs.ashbyhq.com/opusclip/501d374d-7d4f-4889-bc53-0a1fd16253ea/application?embed=true,Simplify
Autodesk,"Software Developer Intern - Interactive Graphics, Media & Entertainment",swe,Software,Winter 2027,"Montreal, QC, Canada",Other,2026-08-11,2026-08-11,2026-09-01,,1,https://autodesk.wd1.myworkdayjobs.com/Ext/job/Montreal-QC-CAN/Intern-Software-Developer--Stagiaire-en-Dveloppement-Logiciel_26WD100398-2,Simplify
Autodesk,Software Developer Intern,swe,Software,Winter 2027,"Montreal, QC, Canada",Other,2026-08-11,2026-08-11,2026-09-01,,1,https://autodesk.wd1.myworkdayjobs.com/uni/job/Montreal-QC-CAN/Intern-Software-Developer--Stagiaire-en-Dveloppement-Logiciel_26WD100398-1,Simplify
ConocoPhillips,Trading Analytics Intern,quant,Quant,Summer 2027,"Houston, TX",Other,2026-08-11,2026-08-11,2026-09-01,,1,https://conocophillips.wd1.myworkdayjobs.com/External/job/Houston-TX/Intern--Trading-Analytics-2027_REQ-006429,Simplify
UHY,Data Operations Intern,data,AI/ML/Data,Winter 2027,"Kansas City, MO",Other,2026-08-11,2026-08-11,2026-09-01,,1,https://uhyus.wd12.myworkdayjobs.com/uhy/job/Kansas-City-MO/XMLNAME-2027-Data-Operations-Winter-Internship---Kansas-City_JR102226,Simplify
DV Trading,Software Engineer Intern - Summer 2027 (DV Commodities),swe,,,New York,,2026-08-10,2026-08-10,2026-09-01,,1,https://job-boards.greenhouse.io/dvtrading/jobs/4719119005,greenhouse:dvtrading
Mujin,Software Integration Intern,swe,Software,Winter 2027,"Suwanee, GA",Other,2026-08-10,2026-08-10,2026-09-01,,1,https://mujin.bamboohr.com/careers/166/,Simplify
Mujin,Software Development Intern - Spring 2027,swe,Software,Spring 2027,"Suwanee, GA",Other,2026-08-10,2026-08-10,2026-09-01,,1,https://mujin.bamboohr.com/careers/165/,Simplify
Altamira Technologies,Software Development Intern,swe,Software,Summer 2027,"Fairborn, OH",Other,2026-08-10,2026-08-10,2026-09-01,,1,https://jobs.jobvite.com/altamiracorps/job/oMqCAfw8?nl=1&nl=1&fr=false,Simplify
Altamira Technologies,Research and Development Intern,data,AI/ML/Data,Summer 2027,"Fairborn, OH",Other,2026-08-10,2026-08-10,2026-09-01,,1,https://jobs.jobvite.com/altamiracorps/job/oHqCAfw3?nl=1&nl=1&fr=false,Simplify
Figma,Software Engineer Intern - Winter 2027,swe,Software,Winter 2027,"SF, NYC",Other,2026-08-10,2026-08-10,2026-09-01,,1,https://boards.greenhouse.io/figma/jobs/6131089004,Simplify
Atoms,Machine Learning PhD Software Engineer Intern,swe,Software,Summer 2027,"Seattle, WA, LA, NYC, Mountain View, CA",Other,2026-08-10,2026-08-10,2026-09-01,,1,https://job-boards.greenhouse.io/cssmerge/jobs/8693034002,Simplify
Tesla,Software Engineer Intern - Engineering Automation - Vehicle Engineering,swe,Software,Winter 2027,"Palo Alto, CA",Other,2026-08-10,2026-08-10,2026-09-01,,1,https://www.tesla.com/careers/search/job/279763,Simplify
Medpace,Data Engineer Intern - Spring 2027,data,AI/ML/Data,Spring 2027,"Cincinnati, OH",Other,2026-08-10,2026-08-10,2026-09-01,,1,https://careers.medpace.com/jobs/12921?icims=1,Simplify
Medpace,Software Development Co-op - Spring 2027,swe,Software,Spring 2027,"Cincinnati, OH",Other,2026-08-10,2026-08-10,2026-09-01,,1,https://careers.medpace.com/jobs/12922?icims=1,Simplify
Figma,Software Engineer Intern (Winter 2027),swe,,,"San Francisco, CA • New York, NY",,2026-08-10,2026-08-10,2026-09-01,,1,https://boards.greenhouse.io/figma/jobs/6131089004?gh_jid=6131089004,greenhouse:figma
ByteDance,Data Lake Infrastructure and Data Analytics Research Engineer Intern - Applied Machine Learning Ark,swe,AI/ML/Data,Summer 2027,"San Jose, CA",Other,2026-08-10,2026-08-10,2026-09-01,,1,https://jobs.bytedance.com/en/position/7671109787509213445/detail,Simplify
ByteDance,Visual Generation & Multimodal Evaluation Machine Learning Engineer Intern - Aml-Ark,data,AI/ML/Data,Summer 2027,"San Jose, CA",Other,2026-08-10,2026-08-10,2026-09-01,,1,https://jobs.bytedance.com/en/position/7671105026009925893/detail,Simplify
ByteDance,Agent Evaluation & Evolution Machine Learning Engineer Intern - Applied Machine Learning Ark,data,AI/ML/Data,Summer 2027,"San Jose, CA",Other,2026-08-10,2026-08-10,2026-09-01,,1,https://jobs.bytedance.com/en/position/7671096345243535669/detail,Simplify
Commercial Metals,AI Intern,data,AI/ML/Data,Fall 2026,"Irving, TX",Other,2026-08-10,2026-09-04,2026-09-01,,1,https://jobs.cmc.com/job/Irving-AI-Intern-SIOP-TX-75039/1417644400/?ats=successfactors,Simplify
Montenson,Artificial Intelligence Intern,data,AI/ML/Data,Summer 2027,Minnesota,Other,2026-08-10,2026-08-10,2026-09-01,,1,https://fa-esgu-saasfaprod1.fa.ocs.oraclecloud.com/hcmUI/CandidateExperience/en/sites/CX_1/job/23339,Simplify
Montenson,Data Analytics Intern - Insights,data,AI/ML/Data,Summer 2027,Minnesota,Other,2026-08-10,2026-08-10,2026-09-01,,1,https://fa-esgu-saasfaprod1.fa.ocs.oraclecloud.com/hcmUI/CandidateExperience/en/sites/CX_1/job/23342,Simplify
TikTok,Software Engineer Intern - Global E-commerce-Search,swe,Software,Summer 2027,"Seattle, WA",Other,2026-08-10,2026-08-10,2026-09-01,,1,https://lifeattiktok.com/search/7670839727059339525,Simplify
TikTok,Data Engineer Intern - Monetization Data,data,AI/ML/Data,Summer 2027,"San Jose, CA",Other,2026-08-10,2026-08-10,2026-09-01,,1,https://lifeattiktok.com/search/7671232204182276405,Simplify
Palantir,"Forward Deployed Software Engineer, Internship - Commercial",swe,,,"Seoul, South Korea",,2026-08-10,2026-08-10,2026-09-01,,1,https://jobs.lever.co/palantir/2ad0ab10-34c3-410d-883b-8052864a95cd,lever:palantir
Marshall Wace,AI Placement - Imperial 6 month placement,data,AI/ML/Data,N/A,"London, UK",Other,2026-08-10,2026-08-10,2026-09-01,,1,https://job-boards.greenhouse.io/mwinternshipprogram/jobs/8620541002,Simplify
PSP Investments,AI Solutions Intern - External Manager Selection & Monitoring,data,AI/ML/Data,Summer 2027,"Montreal, QC, Canada",Other,2026-08-10,2026-08-11,2026-09-01,,1,https://investpsp.wd3.myworkdayjobs.com/psp_careers/job/Montreal/Intern--AI-Solutions-for-External-Manager-Selection---Monitoring--May---August-2027-_R4933,Simplify
LPL Financial Holdings,Software Engineer Intern,swe,Software,Summer 2027,"Austin, TX, Fort Mill, SC, Charlotte, NC",Other,2026-08-10,2026-08-11,2026-09-01,,1,https://lplfinancial.wd1.myworkdayjobs.com/university/job/Fort-MillCharlotte/Summer-Intern-2027--Software-Engineer_R-052921,Simplify
LPL Financial Holdings,Data Engineer Intern - Data,data,AI/ML/Data,Summer 2027,"Austin, TX, Fort Mill, SC, Charlotte, NC",Other,2026-08-10,2026-08-11,2026-09-01,,1,https://lplfinancial.wd1.myworkdayjobs.com/university/job/Fort-MillCharlotte/Summer-Intern-2027---Data_R-052914,Simplify
Sorting Robotics,Robotics Engineer Co-op Intern,data,AI/ML/Data,Fall 2026,LA,Other,2026-08-08,2026-08-08,2026-09-03,,1,https://apply.workable.com/sorting-robotics/j/05B01A3981/apply,Simplify
Capula,Trading and Research Intern,quant,Quant,Summer 2027,"London, UK",Other,2026-08-08,2026-08-08,2026-09-01,,1,https://apply.workable.com/capula-investment-management-ltd/j/A15A62A8BE/apply,Simplify
WallStreetQuants,Quantitative Researcher Intern,quant,Quant,Fall 2026,NYC,Other,2026-08-08,2026-08-08,2026-09-01,,1,https://apply.workable.com/wallstreetquants/j/494E392FD3/apply,Simplify
ByteDance,Software Development Engineer Intern - Network Automation - 2027 Summer,swe,Software,Summer 2027,"San Jose, CA",Other,2026-08-08,2026-08-08,2026-09-01,,1,https://jobs.bytedance.com/en/position/7671147251943213317/detail,Simplify
Epic Games,Machine Learning Intern,data,AI/ML/Data,Summer 2027,"Canada, United Kingdom, United States",Other,2026-08-07,2026-08-07,2026-09-01,,1,https://epicgames.com/careers/jobs/6138134004?gh_jid=6138134004,Simplify
The Nuclear Company,Software Engineering Intern,swe,Software,Spring 2027,"Washington, DC",Other,2026-08-07,2026-08-07,2026-09-01,,1,https://job-boards.greenhouse.io/thenuclearcompany/jobs/5383171008,Simplify
The Nuclear Company,AI/ML Engineer Intern,data,AI/ML/Data,Summer 2027,"Washington, DC",Other,2026-08-07,2026-08-07,2026-09-01,,1,https://job-boards.greenhouse.io/thenuclearcompany/jobs/5383231008,Simplify
The Nuclear Company,Software Engineering Intern - Product - Platform,swe,Software,Summer 2027,"Washington, DC",Other,2026-08-07,2026-08-07,2026-09-01,,1,https://job-boards.greenhouse.io/thenuclearcompany/jobs/5383236008,Simplify
The Nuclear Company,Data Science Intern,data,AI/ML/Data,Spring 2027,"Washington, DC",Other,2026-08-07,2026-08-07,2026-09-01,,1,https://job-boards.greenhouse.io/thenuclearcompany/jobs/5383218008,Simplify
The Nuclear Company,AI/ML Engineer Intern - Platform Integration & AI/Data,swe,AI/ML/Data,Spring 2027,"Washington, DC",Other,2026-08-07,2026-08-07,2026-09-01,,1,https://job-boards.greenhouse.io/thenuclearcompany/jobs/5383212008,Simplify
TikTok,Frontend Engineer Intern - Ads Interface,swe,Software,Summer 2027,"San Jose, CA",Other,2026-08-07,2026-08-07,2026-09-01,,1,https://lifeattiktok.com/search/7671211313289398581,Simplify
TikTok,AI Agent Product Manager Intern - Product Infrastructure-Customer Service Platform,swe,Product,Summer 2027,"San Jose, CA",Other,2026-08-07,2026-08-07,2026-09-01,,1,https://lifeattiktok.com/search/7670010726514493749,Simplify
TikTok,Search Safety Operations Intern - Platform Responsibility - Search,swe,AI/ML/Data,N/A,"San Jose, CA",Other,2026-08-07,2026-08-07,2026-09-01,,1,https://lifeattiktok.com/search/7670420117406452021,Simplify
Belvedere Trading,Quantitative Trading Intern - Summer 2027,quant,Quant,Summer 2027,"Chicago, IL",Other,2026-08-07,2026-08-07,2026-09-01,,1,https://jobs.lever.co/belvederetrading/cbde47db-c60b-4339-a8f4-a8e4f30505ab/apply,Simplify
Belvedere Trading,Quantitative Trading Intern - Winter Quarter 2027,quant,Quant,Winter 2027,"Chicago, IL",Other,2026-08-07,2026-08-07,2026-09-01,,1,https://jobs.lever.co/belvederetrading/8f06f221-8777-4a4d-b035-40882db5f4a0/apply,Simplify
Belvedere Trading,Software Engineer Intern - Summer 2027,swe,Software,Summer 2027,"Chicago, IL",Other,2026-08-07,2026-08-07,2026-09-01,,1,https://jobs.lever.co/belvederetrading/10746b3d-1760-4573-9b63-b93f5a5e4fc0/apply,Simplify
Varda Space,Flight Software Intern - Spring 2027,swe,Hardware,Spring 2027,"El Segundo, CA",Other,2026-08-07,2026-08-07,2026-09-01,,1,https://job-boards.greenhouse.io/vardaspace/jobs/7824815003,Simplify
GCI,Telecommunications Intern - Computer Science/Data Analytics,data,AI/ML/Data,Fall 2026,"Anchorage, AK",Other,2026-08-07,2026-08-07,2026-09-01,,1,https://edqv.fa.us2.oraclecloud.com/hcmUI/CandidateExperience/en/sites/CX/job/21003640,Simplify
TikTok,AI/ML Infrastructure Engineer Intern - Data-Arch-Tiktok Live,swe,AI/ML/Data,Summer 2027,"San Jose, CA",Other,2026-08-07,2026-09-04,2026-09-04,,1,https://lifeattiktok.com/search/7670876223732762933,Simplify
Terranova,Software Engineer Intern,swe,Software,Fall 2026,"Berkeley, CA",Other,2026-08-07,2026-08-07,2026-09-01,,1,https://jobs.ashbyhq.com/terranova/a8e5a8d2-4af3-4736-b66e-e0804447f7a0/application?embed=true,Simplify
Luminance,AI Engineering Intern,data,AI/ML/Data,Fall 2026,"Cambridge, UK",Other,2026-08-07,2026-08-07,2026-09-01,,1,https://apply.workable.com/luminance-1/j/E045EF5A7A/apply,Simplify
TikTok,Software Engineer Intern - Global E-Commerce Search Infrastructure,swe,Software,Fall 2026,"Seattle, WA",Other,2026-08-07,2026-08-07,2026-09-01,,1,https://lifeattiktok.com/search/7662594807715072261,Simplify
TikTok,Fullstack Software Engineer Intern - Global E-Commerce,swe,Software,Summer 2027,"Seattle, WA",Other,2026-08-07,2026-08-07,2026-09-01,,1,https://lifeattiktok.com/search/7670700387322300677,Simplify
TikTok,Fullstack Software Engineer Intern - Global E-Commerce - 2027 Summer,swe,Software,Summer 2027,"San Jose, CA",Other,2026-08-07,2026-08-07,2026-09-01,,1,https://lifeattiktok.com/search/7670738362521520437,Simplify
ByteDance,Machine Learning Research Scientist Intern - Seed AI for Science - Atomistic AI,data,AI/ML/Data,Summer 2027,"Seattle, WA",Other,2026-08-07,2026-08-07,2026-09-01,,1,https://jobs.bytedance.com/en/position/7670855041951795509/detail,Simplify
ByteDance,Network Software Engineer Intern - Network Switch,swe,Software,Summer 2027,"San Jose, CA",Other,2026-08-07,2026-08-07,2026-09-01,,1,https://jobs.bytedance.com/en/position/7670778018960542005/detail,Simplify
ByteDance,Network Software Engineer Intern - Network Observation,swe,Software,Summer 2027,"San Jose, CA",Other,2026-08-07,2026-08-07,2026-09-01,,1,https://jobs.bytedance.com/en/position/7670772641439041797/detail,Simplify
XPENG Motors,Robotics Center Intern - Multiple Teams,data,AI/ML/Data,Summer 2027,"Santa Clara, CA",Other,2026-08-07,2026-09-21,2026-09-21,,1,https://job-boards.greenhouse.io/xpengmotors/jobs/8681156002,Simplify
Delta Dental,Application Development Intern,swe,Software,Fall 2026,"Okemos, MI",Other,2026-08-07,2026-08-07,2026-09-01,,1,https://rhsc.wd5.myworkdayjobs.com/delta_dental_of_michigan/job/Okemos-MI/Internship---Application-Development_JR101382,Simplify
Autodesk,"Cloud Developer Intern - Interactive Graphics, Media & Entertainment",swe,Software,Winter 2027,"Montreal, QC, Canada",Other,2026-08-07,2026-08-07,2026-09-01,,1,https://autodesk.wd1.myworkdayjobs.com/uni/job/Montreal-QC-CAN/Stagiaire-en-Dveloppement-Cloud--Intern-Cloud-Developer_26WD100400-3,Simplify
Autodesk,Cloud Developer Intern - Fcap,swe,Software,Winter 2027,"Montreal, QC, Canada",Other,2026-08-07,2026-08-07,2026-09-01,,1,https://autodesk.wd1.myworkdayjobs.com/uni/job/Montreal-QC-CAN/Stagiaire-en-Dveloppement-Cloud--Intern-Cloud-Developer---FCAP_26WD100406-1,Simplify
Centerfield,Frontend Engineer Intern,swe,Software,Fall 2026,LA,Other,2026-08-06,2026-08-06,2026-09-01,,1,https://jobs.ashbyhq.com/centerfield/1d7eacc1-37f7-478c-9b0a-fa7974f1a9e4/application?embed=true,Simplify
Samsung Research America,Digital Health Algorithms Intern,data,AI/ML/Data,Fall 2026,"Mountain View, CA",Other,2026-08-06,2026-08-06,2026-09-01,,1,https://job-boards.greenhouse.io/samsungresearchamericainternship/jobs/8678880002,Simplify
TikTok,Machine Learning Engineer Intern - E-Commerce Recommendation/Search Alliance,data,AI/ML/Data,Fall 2026,"Seattle, WA",Other,2026-08-06,2026-08-06,2026-09-01,,1,https://lifeattiktok.com/search/7670247810111768837,Simplify
ByteDance,AI Network Automation Engineer Intern - Global Physical Network Infrastructure,swe,Software,Summer 2027,"San Jose, CA",Other,2026-08-06,2026-08-06,2026-09-01,,1,https://jobs.bytedance.com/en/position/7670690923748870405/detail,Simplify
TikTok,Software Engineer Intern - Foundation Platform,swe,Software,Summer 2027,"San Jose, CA",Other,2026-08-06,2026-08-06,2026-09-01,,1,https://lifeattiktok.com/search/7670281449668905269,Simplify
TikTok,Product Manager Intern - Product Infrastructure - Account,swe,Product,Summer 2027,"San Jose, CA",Other,2026-08-06,2026-08-06,2026-09-01,,1,https://lifeattiktok.com/search/7670009830602721589,Simplify
TikTok,LLM Post-training Engineer Intern - Research & Product,data,AI/ML/Data,Summer 2027,"San Jose, CA",Other,2026-08-06,2026-08-06,2026-09-01,,1,https://lifeattiktok.com/search/7670285031018432773,Simplify
TikTok,Software Engineer Intern - Media Engine,swe,Software,Summer 2027,"San Jose, CA",Other,2026-08-06,2026-08-06,2026-09-01,,1,https://lifeattiktok.com/search/7670295535077427509,Simplify
TikTok,Strategy Product Manager Intern - Platform Responsibility,swe,Product,Summer 2027,"San Jose, CA",Other,2026-08-06,2026-08-06,2026-09-01,,1,https://lifeattiktok.com/search/7670420287191517493,Simplify
ByteDance,GPU/AI Application System Software Engineer Intern - System Technologies and Engineering,swe,Software,Summer 2027,"San Jose, CA",Other,2026-08-06,2026-08-06,2026-09-01,,1,https://jobs.bytedance.com/en/position/7668464504736876853/detail,Simplify
ByteDance,AI/LLM Network Research Intern - High Speed Network - PhD,data,AI/ML/Data,Fall 2026,"San Jose, CA",Other,2026-08-06,2026-08-06,2026-09-01,,1,https://jobs.bytedance.com/en/position/7669969771686775045/detail,Simplify
ByteDance,AI/LLM Network Research Intern - High Speed Network,data,AI/ML/Data,Fall 2026,"Seattle, WA",Other,2026-08-06,2026-08-06,2026-09-01,,1,https://jobs.bytedance.com/en/position/7670281454740818181/detail,Simplify
ByteDance,Research Intern - SDN Traffic Intelligence & Control,swe,Software,Fall 2026,"San Jose, CA",Other,2026-08-06,2026-09-04,2026-09-04,,1,https://jobs.bytedance.com/en/position/7668118098724079877/detail,Simplify
ByteDance,GPU/AI Application Platform Engineer Intern - Server Platform,swe,Hardware,Fall 2026,"San Jose, CA",Other,2026-08-06,2026-09-04,2026-09-04,,1,https://jobs.bytedance.com/en/position/7668475133954197765/detail,Simplify
ByteDance,Video/Image AI/ML Software Engineer Intern - Multimedia,swe,Software,Summer 2027,"San Diego, CA",Other,2026-08-06,2026-08-06,2026-09-01,,1,https://jobs.bytedance.com/en/position/7670354329765464373/detail,Simplify
ByteDance,Backend Developer Intern - Infrastructure Platform Delivery,swe,Software,Summer 2027,"San Jose, CA",Other,2026-08-06,2026-09-04,2026-09-04,,1,https://jobs.bytedance.com/en/position/7668489218234157365/detail,Simplify
ByteDance,Research Scientist Intern - Multimedia Streaming,data,AI/ML/Data,Summer 2027,"San Diego, CA",Other,2026-08-06,2026-08-06,2026-09-01,,1,https://jobs.bytedance.com/en/position/7670354800621603125/detail,Simplify
Roblox,Software Engineer Intern,swe,Software,Summer 2027,"San Mateo, CA",Other,2026-08-05,2026-08-05,2026-09-01,,1,https://careers.roblox.com/jobs/8072713?gh_jid=8072713,Simplify
Optiver,Quantitative Intern - Summer 2027,quant,Quant,Summer 2027,"Austin, TX",Other,2026-08-05,2026-08-05,2026-09-01,,1,https://www.optiver.com/join-us/jobs/8682750002/?gh_jid=8682750002,Simplify
Rho,Quantitative Analyst Intern,quant,Quant,Fall 2026,NYC,Other,2026-08-05,2026-08-05,2026-09-01,,1,https://jobs.ashbyhq.com/rho/eb5c9709-ab43-4e9e-9c41-ccb122955fcf/application?embed=true,Simplify
Faraday Future,Robotics Data Operator Intern,data,AI/ML/Data,Fall 2026,"El Segundo, CA",Other,2026-08-05,2026-08-13,2026-09-03,,1,https://job-boards.greenhouse.io/faradayfuture/jobs/7828531003,Simplify
SpaceX,"Full Stack Software Engineer, Internal Systems - Memphis",swe,,,"Memphis, TN",,2026-08-05,2026-08-05,2026-09-04,,1,https://boards.greenhouse.io/spacex/jobs/8686286002?gh_jid=8686286002,greenhouse:spacex
Roblox,[Summer 2027] Software Engineer Intern,swe,,,"San Mateo, CA, United States",,2026-08-05,2026-08-05,2026-09-01,,1,https://careers.roblox.com/jobs/8072713?gh_jid=8072713,greenhouse:roblox
Maven Securities,Trader Intern - Summer,quant,Quant,Summer 2027,"Chicago, IL",Other,2026-08-05,2026-08-05,2026-09-01,,1,https://job-boards.greenhouse.io/mavensecuritiesholdingltd/jobs/8051937,Simplify
Affirm,"Software Engineer I, Fullstack ( Post-Purchase International)",swe,,,Remote Spain,,2026-08-05,2026-08-05,2026-09-21,,1,https://job-boards.greenhouse.io/affirm/jobs/7809763003,greenhouse:affirm
Affirm,"Software Engineer I, Fullstack (Post-Purchase International)",swe,,,Remote Poland,,2026-08-05,2026-08-05,2026-09-21,,1,https://job-boards.greenhouse.io/affirm/jobs/7809761003,greenhouse:affirm
TikTok,Machine Learning Engineer Intern - Search,data,AI/ML/Data,Summer 2027,"Seattle, WA",Other,2026-08-05,2026-08-05,2026-09-01,,1,https://lifeattiktok.com/search/7668396597746862341,Simplify
TikTok,Data Scientist Intern - VOD Data,data,AI/ML/Data,Summer 2027,"San Jose, CA",Other,2026-08-05,2026-08-05,2026-09-01,,1,https://lifeattiktok.com/search/7670287013157095733,Simplify
TikTok,Backend Software Engineer Intern - Creation Platform,swe,Software,Summer 2027,"San Jose, CA",Other,2026-08-05,2026-08-05,2026-09-01,,1,https://lifeattiktok.com/search/7670289874020993285,Simplify
TikTok,Data Engineer Intern - Ads Targeting,data,AI/ML/Data,Summer 2027,"San Jose, CA",Other,2026-08-05,2026-08-05,2026-09-01,,1,https://lifeattiktok.com/search/7668533140146817333,Simplify
ByteDance,Student Researcher Intern - AI Foundation Models Infrastructure - Seed Infra,swe,AI/ML/Data,N/A,"Seattle, WA",Other,2026-08-05,2026-08-05,2026-09-01,,1,https://jobs.bytedance.com/en/position/7670330161462364421/detail,Simplify
ByteDance,Student Researcher - AI Foundation Models Infrastructure - Seed Infra,swe,AI/ML/Data,N/A,"Seattle, WA",Other,2026-08-05,2026-09-04,2026-09-04,,1,https://jobs.bytedance.com/en/position/7670329439609850165/detail,Simplify
ByteDance,Student Researcher - Multiple Teams,data,AI/ML/Data,N/A,"San Jose, CA",Other,2026-08-05,2026-08-05,2026-09-01,,1,https://jobs.bytedance.com/en/position/7670323135220959493/detail,Simplify
ByteDance,Infrastructure Intern - AI Foundation Models Infrastructure - Seed Infra,swe,AI/ML/Data,N/A,"San Jose, CA",Other,2026-08-05,2026-09-03,2026-09-04,,1,https://jobs.bytedance.com/en/position/7670314064148810037/detail,Simplify
ByteDance,Student Researcher - LLM Post Training - Agent & Reinforcement Learning,data,AI/ML/Data,N/A,"San Jose, CA",Other,2026-08-05,2026-08-05,2026-09-01,,1,https://jobs.bytedance.com/en/position/7670325736893565189/detail,Simplify
ByteDance,Student Researcher - Seed Vision - Long-Range Video Generation,data,AI/ML/Data,N/A,"San Jose, CA",Other,2026-08-05,2026-08-05,2026-09-01,,1,https://jobs.bytedance.com/en/position/7670326702018906421/detail,Simplify
John Deere,Data Science and Analytics Part-Time Student - Data and Analytics,data,AI/ML/Data,N/A,"Austin, TX",Other,2026-08-05,2026-08-05,2026-09-01,,1,https://johndeere.eightfold.ai/careers/job/137481458189,Simplify
TikTok,Machine Learning Engineer Intern - Data-Global E-Commerce-Search,data,AI/ML/Data,Summer 2027,"Seattle, WA",Other,2026-08-05,2026-08-05,2026-09-01,,1,https://lifeattiktok.com/search/7668415591670417717,Simplify
TikTok,Data Science Intern - TikTok Product,data,AI/ML/Data,Summer 2027,"San Jose, CA",Other,2026-08-05,2026-08-05,2026-09-01,,1,https://lifeattiktok.com/search/7669683639101884725,Simplify
TikTok,AI Infrastructure Engineer Intern - Algorithm Infrastructure,swe,AI/ML/Data,Fall 2026,"San Jose, CA",Other,2026-08-05,2026-09-03,2026-09-04,,1,https://lifeattiktok.com/search/7670120579999385861,Simplify
Valstad,Robotics Software Intern - Manipulation & Simulation,swe,Software,Fall 2026,"Austin, TX",Other,2026-08-05,2026-08-05,2026-09-01,,1,https://jobs.ashbyhq.com/valstad/8478558b-c5b5-43d2-b9c0-eae7a1fb30d8/application?embed=true,Simplify
ByteDance,Student Researcher - Compiler - Seed Infra,swe,AI/ML/Data,N/A,"San Jose, CA",Other,2026-08-05,2026-08-05,2026-09-01,,1,https://jobs.bytedance.com/en/position/7670317975513794869/detail,Simplify
Northrop Grumman,Software Engineer Intern - Aeronautics Systems,swe,Software,Summer 2027,"Melbourne, FL",Other,2026-08-05,2026-08-06,2026-09-01,,1,https://ngc.wd1.myworkdayjobs.com/Northrop_Grumman_External_Site/job/United-States-Florida-Melbourne/XMLNAME-2027-Intern-Software-Engineer_R10243573,Simplify
Centific,Robotics Intern,data,AI/ML/Data,Fall 2026,"Redmond, WA, East Palo Alto, CA",Other,2026-08-05,2026-09-03,2026-09-04,,1,https://centific.wd1.myworkdayjobs.com/Centific_Global/job/Redmond-Washington/Robotics-Interns_JR107983-1,Simplify
Ameren,GIS Real Estate Co-op,data,AI/ML/Data,Spring 2027,"St. Louis, MO",Other,2026-08-05,2026-09-03,2026-09-04,,1,https://ameren.wd1.myworkdayjobs.com/External/job/St-Louis-MO/GIS-Co-op--Real-Estate-_033670-1,Simplify
DV Trading,Quantitative Risk Intern,quant,Quant,Summer 2027,"Chicago, IL",Other,2026-08-04,2026-08-04,2026-09-01,,1,https://job-boards.greenhouse.io/dvtrading/jobs/4719118005,Simplify
Contoro,Robotics Test & Validation Intern,data,AI/ML/Data,Fall 2026,"Austin, TX",Other,2026-08-04,2026-08-04,2026-09-03,,1,https://jobs.ashbyhq.com/contoro/7de98745-6a26-4a96-b82c-0cecf4900eb1/application?embed=true,Simplify
Diversified Automation,Software Engineering Co-op,swe,Hardware,Fall 2026,"Louisville, KY",Other,2026-08-04,2026-08-04,2026-09-01,,1,https://jobs.lever.co/diversified-automation/827a092d-b8a3-4ca9-a84a-e8c236d1aabc/apply,Simplify
Keysight Technologies,Software Engineer Intern - R&D - FPGA,swe,Hardware,Fall 2026,"Santa Clara, CA, Calabasas, CA",Other,2026-08-04,2026-08-04,2026-09-22,,1,https://jobs.keysight.com/jobs/53636?icims=1,Simplify
DV Trading,Quantitative Risk Intern - Summer 2027,quant,,,Chicago,,2026-08-04,2026-08-04,2026-09-01,,1,https://job-boards.greenhouse.io/dvtrading/jobs/4719118005,greenhouse:dvtrading
Belvederetrading,Quantitative Trading Intern - Summer 2027,quant,,,"Chicago, Illinois",,2026-08-04,2026-08-04,2026-09-01,,1,https://jobs.lever.co/belvederetrading/cbde47db-c60b-4339-a8f4-a8e4f30505ab,lever:belvederetrading
Belvederetrading,Quantitative Trading Intern - Winter Quarter 2027,quant,,,"Chicago, Illinois",,2026-08-04,2026-08-04,2026-09-01,,1,https://jobs.lever.co/belvederetrading/8f06f221-8777-4a4d-b035-40882db5f4a0,lever:belvederetrading
Belvederetrading,Software Engineer Intern - Summer 2027,swe,,,"Chicago, Illinois",,2026-08-04,2026-08-04,2026-09-01,,1,https://jobs.lever.co/belvederetrading/10746b3d-1760-4573-9b63-b93f5a5e4fc0,lever:belvederetrading
TikTok,Research Engineer Intern - Agentic Systems & AI Infrastructure - Tiktok-Generalized Arch,swe,AI/ML/Data,Fall 2026,"San Jose, CA",Other,2026-08-04,2026-08-04,2026-09-01,,1,https://lifeattiktok.com/search/7667935568626043141,Simplify
TikTok,Machine Learning Engineer Intern - Commerce Ads - Summer 2027,data,AI/ML/Data,Summer 2027,"San Jose, CA",Other,2026-08-04,2026-08-04,2026-09-01,,1,https://lifeattiktok.com/search/7669711968043092229,Simplify
TikTok,Backend Software Engineer Intern - LIVE Foundation Governance Engineering,swe,Software,Summer 2027,"San Jose, CA",Other,2026-08-04,2026-08-04,2026-09-01,,1,https://lifeattiktok.com/search/7667935150530840837,Simplify
TikTok,Frontend Engineer Intern - Global CRM,swe,Software,Summer 2027,"San Jose, CA",Other,2026-08-04,2026-08-04,2026-09-01,,1,https://lifeattiktok.com/search/7669711026846058757,Simplify
TikTok,Machine Learning Engineer Intern - Lead Ads,data,AI/ML/Data,Summer 2027,"San Jose, CA",Other,2026-08-04,2026-08-04,2026-09-01,,1,https://lifeattiktok.com/search/7669707492914727221,Simplify
TikTok,Machine Learning Engineer Intern - Data Search Recommendation Global E-Commerce,data,AI/ML/Data,Summer 2027,"Seattle, WA",Other,2026-08-04,2026-08-04,2026-09-01,,1,https://lifeattiktok.com/search/7668383643375257909,Simplify
TikTok,Data Science Intern - TikTok Live,data,AI/ML/Data,Summer 2027,"San Jose, CA",Other,2026-08-04,2026-08-04,2026-09-01,,1,https://lifeattiktok.com/search/7669700822370945333,Simplify
TikTok,Data Science Intern - Integrity and Safety,data,AI/ML/Data,Summer 2027,"San Jose, CA",Other,2026-08-04,2026-08-04,2026-09-01,,1,https://lifeattiktok.com/search/7669682935444900149,Simplify
TikTok,Machine Learning Engineer Intern - Brand Ads,data,AI/ML/Data,Summer 2027,"San Jose, CA",Other,2026-08-04,2026-08-04,2026-09-01,,1,https://lifeattiktok.com/search/7668654528822954245,Simplify
TikTok,Machine Learning Engineer Intern - App Ads and Gaming,data,AI/ML/Data,Summer 2027,"San Jose, CA",Other,2026-08-04,2026-08-04,2026-09-01,,1,https://lifeattiktok.com/search/7669709472078170373,Simplify
TikTok,Machine Learning Engineer Intern - Search Ads,data,AI/ML/Data,Summer 2027,"San Jose, CA",Other,2026-08-04,2026-08-04,2026-09-01,,1,https://lifeattiktok.com/search/7669698648817305909,Simplify
TikTok,Software Engineer Intern - Intelligent Creation-Camera,swe,Software,Summer 2027,"San Jose, CA",Other,2026-08-04,2026-08-04,2026-09-01,,1,https://lifeattiktok.com/search/7668862422178318597,Simplify
TikTok,Machine Learning Engineer Intern - Performance Monetization,data,AI/ML/Data,Summer 2027,"San Jose, CA",Other,2026-08-04,2026-08-04,2026-09-01,,1,https://lifeattiktok.com/search/7669693163422845237,Simplify
TikTok,Software Engineer Intern - Transaction Platform,swe,Software,Summer 2027,"San Jose, CA",Other,2026-08-04,2026-08-04,2026-09-01,,1,https://lifeattiktok.com/search/7669943120351906053,Simplify
ByteDance,Research Intern - AI Compute Efficiency & Scheduling,data,AI/ML/Data,Summer 2027,"San Jose, CA",Other,2026-08-04,2026-09-03,2026-09-03,,1,https://jobs.bytedance.com/en/position/7668804309487749429/detail,Simplify
ByteDance,Software Engineer Intern - AI Platform,swe,Software,Summer 2027,"San Jose, CA",Other,2026-08-04,2026-08-04,2026-09-01,,1,https://jobs.bytedance.com/en/position/7668212952030841093/detail,Simplify
Flow Traders,Trading Intern,quant,,,Hong Kong,,2026-08-04,2026-08-04,2026-09-01,,1,https://job-boards.greenhouse.io/flowtraders/jobs/8102618,greenhouse:flowtraders
TikTok,Backend Software Engineer Intern - Product Infrastructure,swe,Software,Summer 2027,"San Jose, CA",Other,2026-08-04,2026-08-04,2026-09-01,,1,https://lifeattiktok.com/search/7667935633764370741,Simplify
TikTok,Machine Learning Engineer Intern - Data Search Local Service,data,AI/ML/Data,Fall 2026,"San Jose, CA",Other,2026-08-04,2026-08-04,2026-09-01,,1,https://lifeattiktok.com/search/7668381860191734021,Simplify
TikTok,Software Engineer Intern - Effects Performance,swe,Software,Summer 2027,"San Jose, CA",Other,2026-08-04,2026-08-04,2026-09-01,,1,https://lifeattiktok.com/search/7668725183121000757,Simplify
TikTok,Backend Software Engineer Intern - Global E-Commerce,swe,Software,Summer 2027,"San Jose, CA",Other,2026-08-04,2026-08-04,2026-09-01,,1,https://lifeattiktok.com/search/7668834837268138293,Simplify
TikTok,Machine Learning Engineer Intern - Ads Signal & Measurement,data,AI/ML/Data,Summer 2027,"San Jose, CA",Other,2026-08-04,2026-08-04,2026-09-01,,1,https://lifeattiktok.com/search/7669700361976809733,Simplify
TikTok,Machine Learning Infrastructure Engineer Intern - Ads Infrastructure,swe,AI/ML/Data,Summer 2027,"San Jose, CA",Other,2026-08-04,2026-09-03,2026-09-03,,1,https://lifeattiktok.com/search/7668881813744191749,Simplify
TikTok,Software Engineer Intern - Ads Interface,swe,Software,Summer 2027,"San Jose, CA",Other,2026-08-04,2026-08-04,2026-09-01,,1,https://lifeattiktok.com/search/7669705785962727733,Simplify
TikTok,Software Engineer Intern - Global CRM,swe,Software,Summer 2027,"San Jose, CA",Other,2026-08-04,2026-08-04,2026-09-01,,1,https://lifeattiktok.com/search/7669711844487399685,Simplify
TikTok,Machine Learning Engineer Intern - Commercial AI-CRM and Transaction,data,AI/ML/Data,Summer 2027,"San Jose, CA",Other,2026-08-04,2026-08-04,2026-09-01,,1,https://lifeattiktok.com/search/7669702702763018501,Simplify
Uline,Executive Operations Analyst Intern - Summer 2027,data,AI/ML/Data,Summer 2027,"Waukegan, IL, Milwaukee, WI, Glenview, IL, Pleasant Prairie, WI, Kenosha, WI",Other,2026-08-04,2026-09-04,2026-09-04,,1,https://uline.wd1.myworkdayjobs.com/en-US/Uline_Careers/job/Pleasant-Prairie-WI/Executive-Operations-Analyst-Internship---Summer-2027_R265821,Simplify
StepStone Group,AI Intern,data,AI/ML/Data,Summer 2027,"La Jolla, San Diego, CA",Other,2026-08-03,2026-08-03,2026-09-01,,1,https://boards.greenhouse.io/embed/job_app?token=8096268,Simplify
SpaceX,Software Engineering Intern/Co-op,swe,Software,Summer 2027,"Palo Alto, CA, Bastrop, TX, Irvine, CA, Cape Canaveral, FL, Brownsville, TX, Redmond, WA, McGregor, TX, Hawthorne, CA",Other,2026-08-03,2026-08-03,2026-09-01,,1,https://boards.greenhouse.io/spacex/jobs/8621757002,Simplify
SpaceX,Software Engineer Intern/Co-op,swe,Software,Spring 2027,"Palo Alto, CA, Bastrop, TX, Irvine, CA, Cape Canaveral, FL, Brownsville, TX, Redmond, WA, McGregor, TX, Hawthorne, CA",Other,2026-08-03,2026-08-03,2026-09-01,,1,https://boards.greenhouse.io/spacex/jobs/8621756002,Simplify
Persona AI,Autonomy Software Engineer Intern - World Modeling,swe,AI/ML/Data,Fall 2026,"Houston, TX",Other,2026-08-03,2026-08-03,2026-09-01,,1,https://jobs.ashbyhq.com/persona.ai/fd514a3f-4138-48d5-9862-05ff74a4ca08/application?embed=true,Simplify
Etched,Performance Tools Intern,swe,Software,Fall 2026,"San Jose, CA",Other,2026-08-03,2026-08-03,2026-09-01,,1,https://jobs.ashbyhq.com/Etched/f02e8035-7dc9-4b0c-aab7-75bbb4e975b8/application?embed=true,Simplify
NTT DATA AIVista,AI Scientist Intern,data,AI/ML/Data,Fall 2026,"Palo Alto, CA, SF",Other,2026-08-03,2026-08-03,2026-09-01,,1,https://jobs.ashbyhq.com/ntt-data-aivista/75f9f312-1cf9-4141-b352-60cb2fac8fe9/application?embed=true,Simplify
Chicago Trading Company,Software Engineer Intern,swe,Software,Summer 2027,"Chicago, IL",Other,2026-08-03,2026-08-03,2026-09-01,,1,https://job-boards.greenhouse.io/chicagotradingcampus/jobs/4716932005,Simplify
Chicago Trading Company,Quantitative Trading Intern,quant,Quant,Summer 2027,"Chicago, IL",Other,2026-08-03,2026-08-03,2026-09-01,,1,https://job-boards.greenhouse.io/chicagotradingcampus/jobs/4716930005,Simplify
TransMarket Group,Algorithmic Trader Intern,quant,Quant,Fall 2026,"Chicago, IL",Other,2026-08-03,2026-08-03,2026-09-01,,1,https://job-boards.greenhouse.io/transmarketgroup/jobs/5151581007?gh_jid=5151581007,Simplify
SpaceX,Summer 2027 Software Engineering Internship/Co-op,swe,,,Flexible - Any SpaceX Site,,2026-08-03,2026-08-03,2026-09-02,,1,https://boards.greenhouse.io/spacex/jobs/8621757002?gh_jid=8621757002,greenhouse:spacex
SpaceX,Spring 2027 Software Engineering Internship/Co-op,swe,,,Flexible - Any SpaceX Site,,2026-08-03,2026-08-03,2026-09-02,,1,https://boards.greenhouse.io/spacex/jobs/8621756002?gh_jid=8621756002,greenhouse:spacex
Samsara,Software Engineering Internship - San Francisco,swe,,,San Francisco - SF9,,2026-08-03,2026-08-03,2026-09-01,,1,https://www.samsara.com/company/careers/roles/8082091?gh_jid=8082091,greenhouse:samsara
Jane Street,Quantitative Researcher,quant,Quant,N/A,"London, UK",Other,2026-08-03,2026-08-03,2026-09-01,,1,https://www.janestreet.com/join-jane-street/apply/8474416002?gh_jid=8474416002,Simplify
TikTok,Research Engineer Intern - Monetization Technology - Business Integrity,data,AI/ML/Data,Fall 2026,"San Jose, CA",Other,2026-08-03,2026-08-03,2026-09-01,,1,https://lifeattiktok.com/search/7668204394458466565,Simplify
TikTok,Research Scientist Intern - Monetization Technology - Business Integrity,data,AI/ML/Data,Summer 2027,"San Jose, CA",Other,2026-08-03,2026-08-03,2026-09-01,,1,https://lifeattiktok.com/search/7668204438271969589,Simplify
ByteDance,Research Scientist Intern,data,AI/ML/Data,Fall 2026,"Seattle, WA",Other,2026-08-03,2026-08-03,2026-09-01,,1,https://jobs.bytedance.com/en/position/7667379218929780997/detail,Simplify
ByteDance,AI Perception Intern - Pico,data,AI/ML/Data,Summer 2027,"San Jose, CA",Other,2026-08-03,2026-08-03,2026-09-01,,1,https://jobs.bytedance.com/en/position/7665457718334425349/detail,Simplify
ByteDance,Research Scientist Intern - Multi-modal Agentic Databases,data,AI/ML/Data,Summer 2027,"Seattle, WA",Other,2026-08-03,2026-08-03,2026-09-01,,1,https://jobs.bytedance.com/en/position/7667380184615127301/detail,Simplify
ByteDance,Research Scientist Intern - AI Infra Compute,data,AI/ML/Data,Fall 2026,"San Jose, CA",Other,2026-08-03,2026-08-03,2026-09-01,,1,https://jobs.bytedance.com/en/position/7667379221434796341/detail,Simplify
ByteDance,Software Engineer Intern - AI Infra Compute,swe,Software,Summer 2027,"Seattle, WA",Other,2026-08-03,2026-08-03,2026-09-01,,1,https://jobs.bytedance.com/en/position/7667378931599214853/detail,Simplify
ByteDance,Software Engineer Intern - AI Infrastructure Compute,swe,Software,Summer 2027,"San Jose, CA",Other,2026-08-03,2026-08-03,2026-09-01,,1,https://jobs.bytedance.com/en/position/7667377525182662965/detail,Simplify
ByteDance,Software Engineer Intern - Distributed NoSQL Database Systems,swe,Software,Summer 2027,"San Jose, CA",Other,2026-08-03,2026-08-03,2026-09-01,,1,https://jobs.bytedance.com/en/position/7668374190764050741/detail,Simplify
ByteDance,Research Scientist Intern - Distributed NoSQL Database Systems,swe,AI/ML/Data,Fall 2026,"Seattle, WA",Other,2026-08-03,2026-08-03,2026-09-01,,1,https://jobs.bytedance.com/en/position/7668371456348326149/detail,Simplify
ByteDance,Software Engineer Intern,swe,Software,Summer 2027,"Seattle, WA",Other,2026-08-03,2026-08-03,2026-09-01,,1,https://jobs.bytedance.com/en/position/7668373268886161669/detail,Simplify
Jane Street,Software Engineer Intern,swe,Software,N/A,"London, UK",Other,2026-08-03,2026-08-03,2026-09-01,,1,https://www.janestreet.com/join-jane-street/apply/8589868002?gh_jid=8589868002,Simplify
Jump Trading,Campus Quantitative Researcher (Intern),quant,,,Singapore,,2026-08-03,2026-08-03,2026-09-01,,1,https://www.jumptrading.com/hr/job?gh_jid=8027939,greenhouse:jumptrading
Jump Trading,Campus Python Software Engineer (Intern),swe,,,Singapore,,2026-08-03,2026-08-03,2026-09-01,,1,https://www.jumptrading.com/hr/job?gh_jid=8027955,greenhouse:jumptrading
Jump Trading,Campus C++ Software Engineer (Intern),swe,,,Singapore,,2026-08-03,2026-08-03,2026-09-01,,1,https://www.jumptrading.com/hr/job?gh_jid=8027946,greenhouse:jumptrading
JP Morgan Chase,Quantitative Research Intern,quant,Quant,Summer 2027,NYC,Other,2026-08-03,2026-08-03,2026-09-01,,1,https://jpmc.fa.oraclecloud.com/hcmUI/CandidateExperience/en/sites/CX_1001/job/210774061,Simplify
JP Morgan Chase,Quantitative Research Intern - Risk and Treasury,quant,Quant,Summer 2027,"Plano, TX, Chicago, IL, NYC",Other,2026-08-03,2026-08-03,2026-09-01,,1,https://jpmc.fa.oraclecloud.com/hcmUI/CandidateExperience/en/sites/CX_1001/job/210773978,Simplify
JP Morgan Chase,Quantitative Research Summer Analyst Intern - Asset Management,quant,Quant,Summer 2027,NYC,Other,2026-08-03,2026-08-03,2026-09-01,,1,https://jpmc.fa.oraclecloud.com/hcmUI/CandidateExperience/en/sites/CX_1001/job/210774074,Simplify
Prospect Equities,Backend / Frontend Developer Intern,swe,Software,Fall 2026,"Chicago, IL",Other,2026-08-03,2026-08-03,2026-09-01,,1,https://prospectequities.applytojob.com/apply/XTbzSAcNtg/Backend-Frontend-Developer-Intern,Simplify
Nebo,Web Development Intern,swe,Software,Fall 2026,"Atlanta, GA",Other,2026-08-03,2026-08-03,2026-09-01,,1,https://neboagency.applytojob.com/apply/AFMqe9Jb7b/Web-Development-Intern,Simplify
Nebo,Front-End Engineer Intern,swe,Software,Fall 2026,"Atlanta, GA",Other,2026-08-03,2026-08-03,2026-09-01,,1,https://neboagency.applytojob.com/apply/TtGKnP4ODV/FrontEnd-Engineering-Intern,Simplify
Nebo,Back-End Engineer Intern,swe,Software,Fall 2026,"Atlanta, GA",Other,2026-08-03,2026-08-03,2026-09-01,,1,https://neboagency.applytojob.com/apply/VhgOaS6Nx3/BackEnd-Engineering-Intern,Simplify
IntelliGenesis,Applied Data Scientist Intern,data,AI/ML/Data,Fall 2026,"Columbia, MD",Other,2026-08-03,2026-08-03,2026-09-01,,1,http://intelligenesis.applytojob.com/apply/synY3toJUH/Applied-Data-Scientist-Internship-DoW-SkillBridge,Simplify
Stellar Science,Scientific Software Developer Intern Co-op,swe,Software,Fall 2026,"Albuquerque, NM",Other,2026-08-03,2026-08-03,2026-09-01,,1,https://stellarscience.applytojob.com/apply/my4AC4VXHI/Scientific-Software-Developer-Paid-CoopInternship,Simplify
TikTok,Research Scientist Intern - Trust and Safety,data,AI/ML/Data,Summer 2027,"Seattle, WA",Other,2026-08-03,2026-08-03,2026-09-01,,1,https://lifeattiktok.com/search/7662672903447988485,Simplify
TikTok,Research Scientist Intern - Content Intelligence,data,AI/ML/Data,Fall 2026,"San Jose, CA",Other,2026-08-03,2026-08-03,2026-09-01,,1,https://lifeattiktok.com/search/7662662842545539381,Simplify
TikTok,Research Scientist Intern - Foundations & Intelligence Service,data,AI/ML/Data,Summer 2027,"San Jose, CA",Other,2026-08-03,2026-08-03,2026-09-01,,1,https://lifeattiktok.com/search/7662677746436524293,Simplify
TikTok,Machine Learning Engineer Intern - Recommendation,data,AI/ML/Data,Summer 2027,"San Jose, CA",Other,2026-08-03,2026-08-03,2026-09-01,,1,https://lifeattiktok.com/search/7662653087863081221,Simplify
TikTok,Machine Learning Scientist Intern - Recommendation,data,AI/ML/Data,Summer 2027,"San Jose, CA",Other,2026-08-03,2026-08-03,2026-09-01,,1,https://lifeattiktok.com/search/7662657855099357493,Simplify
TikTok,Machine Learning Engineer Intern - Data Search Search Quality,data,AI/ML/Data,Summer 2027,"San Jose, CA",Other,2026-08-03,2026-08-03,2026-09-01,,1,https://lifeattiktok.com/search/7665475888805611781,Simplify
TikTok,Machine Learning Engineer Intern - Trust and Safety,data,AI/ML/Data,Summer 2027,"San Jose, CA",Other,2026-08-03,2026-08-03,2026-09-01,,1,https://lifeattiktok.com/search/7662672554084059445,Simplify
TikTok,Machine Learning Engineer Intern,data,AI/ML/Data,Summer 2027,"San Jose, CA",Other,2026-08-03,2026-08-03,2026-09-01,,1,https://lifeattiktok.com/search/7667338938890930437,Simplify
TikTok,Software Engineer Intern - Trust and Safety Engineering,swe,Software,Summer 2027,"Seattle, WA",Other,2026-08-03,2026-08-03,2026-09-01,,1,https://lifeattiktok.com/search/7662684280234232117,Simplify
TikTok,Machine Learning Engineer Intern - Search Quality,data,AI/ML/Data,Summer 2027,"San Jose, CA",Other,2026-08-03,2026-08-03,2026-09-01,,1,https://lifeattiktok.com/search/7665475460339665157,Simplify
TikTok,Machine Learning Engineer Intern - Basic Ranking,data,AI/ML/Data,Summer 2027,"San Jose, CA",Other,2026-08-03,2026-08-03,2026-09-01,,1,https://lifeattiktok.com/search/7667339583362025781,Simplify
TikTok,Machine Learning Engineer Intern - Data Search - Visual Search,data,AI/ML/Data,Summer 2027,"San Jose, CA",Other,2026-08-03,2026-08-03,2026-09-01,,1,https://lifeattiktok.com/search/7667349591727278341,Simplify
TikTok,Backend Software Engineer Intern,swe,Software,Summer 2027,"San Jose, CA",Other,2026-08-03,2026-08-03,2026-09-01,,1,https://lifeattiktok.com/search/7667935565120112949,Simplify
TikTok,Backend Software Engineer Intern - Innovative Growth,swe,Software,Summer 2027,"San Jose, CA",Other,2026-08-03,2026-08-03,2026-09-01,,1,https://lifeattiktok.com/search/7667934860750063925,Simplify
TikTok,Backend Software Engineer Intern - Digital Content Center,swe,Software,Summer 2027,"San Jose, CA",Other,2026-08-03,2026-08-03,2026-09-01,,1,https://lifeattiktok.com/search/7667934302872537397,Simplify
TikTok,Software Engineer Intern - Social Friending,swe,Software,Summer 2027,"San Jose, CA",Other,2026-08-03,2026-08-03,2026-09-01,,1,https://lifeattiktok.com/search/7667935399050692917,Simplify
TikTok,Machine Learning Scientist Intern - Content Ecology - LLM Application,data,AI/ML/Data,Summer 2027,"San Jose, CA",Other,2026-08-03,2026-08-03,2026-09-01,,1,https://lifeattiktok.com/search/7667933770625599749,Simplify
TikTok,Artificial Intelligence Engineer Intern - Client Architecture,data,AI/ML/Data,Summer 2027,"San Jose, CA",Other,2026-08-03,2026-08-03,2026-09-01,,1,https://lifeattiktok.com/search/7667935738190465285,Simplify
TikTok,Machine Learning Scientist Intern,data,AI/ML/Data,Summer 2027,"San Jose, CA",Other,2026-08-03,2026-08-03,2026-09-01,,1,https://lifeattiktok.com/search/7667934169444485429,Simplify
TikTok,Frontend Engineer Intern - Open Platform,swe,Software,Summer 2027,"San Jose, CA",Other,2026-08-03,2026-08-03,2026-09-01,,1,https://lifeattiktok.com/search/7667935739300792629,Simplify
TikTok,Research Engineer Intern - Agentic Systems & AI Infrastructure - Generalized Architecture,swe,AI/ML/Data,Summer 2027,"Seattle, WA",Other,2026-08-03,2026-08-04,2026-09-01,,1,https://lifeattiktok.com/search/7667934792727906565,Simplify
TikTok,Research Scientist Intern - Neural Graphics and World Models,data,AI/ML/Data,Summer 2027,"San Jose, CA",Other,2026-08-03,2026-08-03,2026-09-01,,1,https://lifeattiktok.com/search/7667935738840090933,Simplify
TikTok,Software Engineer Intern - Data Architecture - E-commerce,swe,Software,Summer 2027,"Seattle, WA",Other,2026-08-03,2026-08-03,2026-09-01,,1,https://lifeattiktok.com/search/7668582146236631349,Simplify
TikTok,Software Engineer Intern - Agentic Creation-Effect Platform,swe,Software,Summer 2027,"San Jose, CA",Other,2026-08-03,2026-08-03,2026-09-01,,1,https://lifeattiktok.com/search/7668445566565321013,Simplify
TikTok,Software Engineer Intern - Business Integrity,swe,Software,Summer 2027,"San Jose, CA",Other,2026-08-03,2026-08-03,2026-09-01,,1,https://lifeattiktok.com/search/7668584916620527925,Simplify
TikTok,Software Engineer Intern - Creative Intelligence and Brand Innovation,swe,Software,Summer 2027,"San Jose, CA",Other,2026-08-03,2026-08-03,2026-09-01,,1,https://lifeattiktok.com/search/7668642761473902901,Simplify
TikTok,Software Engineer Intern,swe,Software,Summer 2027,"San Jose, CA",Other,2026-08-03,2026-08-03,2026-09-01,,1,https://lifeattiktok.com/search/7668581636242016565,Simplify
TikTok,Software Engineer Intern - Ads Measurement Signal and Privacy,swe,Software,Summer 2027,"San Jose, CA",Other,2026-08-03,2026-08-03,2026-09-01,,1,https://lifeattiktok.com/search/7668582031916435717,Simplify
TikTok,Frontend Software Engineer Intern - Ads Measurement Signal and Privacy,swe,Software,Summer 2027,"San Jose, CA",Other,2026-08-03,2026-08-03,2026-09-01,,1,https://lifeattiktok.com/search/7668584161852229893,Simplify
TikTok,Generative AI Researcher Intern - Intelligent Creation-Vision and Graphics,data,AI/ML/Data,Summer 2027,"San Jose, CA",Other,2026-08-03,2026-08-03,2026-09-01,,1,https://lifeattiktok.com/search/7668183035989281029,Simplify
TikTok,Research Scientist Intern - Recommendation,data,AI/ML/Data,Summer 2027,"San Jose, CA",Other,2026-08-03,2026-08-03,2026-09-01,,1,https://lifeattiktok.com/search/7662661203281447221,Simplify
Black Cape,Software Engineer Intern,swe,Software,Fall 2026,"Arlington County, Arlington, VA",Other,2026-08-03,2026-08-03,2026-09-01,,1,https://blackcape.applytojob.com/apply/7o6mmAYryt/US-Military-Skillbridge-Internship-Software-EngineerArlington-VA,Simplify
The Boeing Company,Data Analytics Intern,data,AI/ML/Data,Summer 2027,"Ridley Park, PA, Seattle, WA, Long Beach, CA, Mesa, AZ, Colorado Springs, CO, Renton, WA, Dallas, TX, Fairfax, VA, Plano, TX, Chicago, IL, Seal Beach, CA, Tukwila, WA, St Charles, MO, San Antonio, TX, Arlington County, Arlington, VA, Everett, WA, Berkeley, MO, Auburn, WA, Oklahoma City, OK, Kent, WA, Charleston, SC, Bellevue, WA, Herndon, VA, Atlanta, GA, Huntsville, AL, North Charleston, SC, Huntington Beach, CA, Hazelwood, MO, Mukilteo, WA, El Segundo, CA",Other,2026-08-03,2026-08-03,2026-09-01,,1,https://boeing.wd1.myworkdayjobs.com/EXTERNAL_CAREERS/job/USA---Everett-WA/Boeing-Summer-2027-Internship-Program--Paid----Data-Analytics-Intern_JR2026520976-1,Simplify
Netsmart,Software Engineer Intern,swe,Software,Summer 2027,"Overland Park, KS",Other,2026-08-03,2026-08-03,2026-09-18,,1,https://ntst.wd1.myworkdayjobs.com/careers/job/Overland-Park-KS/Software-Engineer-Intern--Summer-2027-Internship-_R015667,Simplify
Uline,Financial Data Analyst Intern,data,AI/ML/Data,Summer 2027,"Waukegan, IL, Milwaukee, WI, Glenview, IL, Pleasant Prairie, WI, Kenosha, WI",Other,2026-08-03,2026-08-03,2026-09-01,,1,https://uline.wd1.myworkdayjobs.com/en-US/Uline_Careers/job/Pleasant-Prairie-WI/Financial-Data-Analyst-Internship---Summer-2027_R265665,Simplify
Uline,Software Development Intern,swe,Software,Summer 2027,"Waukegan, IL, Milwaukee, WI, Glenview, IL, Pleasant Prairie, WI, Kenosha, WI",Other,2026-08-03,2026-08-03,2026-09-01,,1,https://uline.wd1.myworkdayjobs.com/en-US/Uline_Careers/job/Pleasant-Prairie-WI/Software-Development-Internship---Summer-2027_R265684,Simplify
Uline,International Operations Analyst Intern,data,AI/ML/Data,Summer 2027,"Waukegan, IL, Milwaukee, WI, Glenview, IL, Pleasant Prairie, WI, Kenosha, WI",Other,2026-08-03,2026-09-03,2026-09-03,,1,https://uline.wd1.myworkdayjobs.com/en-US/Uline_Careers/job/Pleasant-Prairie-WI/International-Operations-Analyst-Internship---Summer-2027_R265918,Simplify
Yotta Labs,Research Engineer Intern - AI Systems,data,AI/ML/Data,Fall 2026,"Remote in USA, Remote in Canada",Other,2026-08-02,2026-08-02,2026-09-01,,1,https://jobs.ashbyhq.com/yotta/09821a51-fbe6-42a7-a566-0d2b5d40fae3/application?embed=true,Simplify
Two Sigma,Quantitative Researcher Intern,quant,Quant,Summer 2027,NYC,Other,2026-08-02,2026-08-02,2026-09-01,,1,https://twosigma.avature.net/careers/JobDetail/13945,Simplify
Two Sigma,AI Research Scientist Intern - 2027 Summer,data,AI/ML/Data,Summer 2027,NYC,Other,2026-08-02,2026-08-02,2026-09-01,,1,https://twosigma.avature.net/careers/JobDetail/14096,Simplify
HPR (Hyannis Port Research),Software Engineer Intern,swe,Software,Summer 2027,"Needham, MA",Other,2026-08-01,2026-08-01,2026-09-01,,1,https://job-boards.greenhouse.io/hyannisportresearch/jobs/7822989003,Simplify
Medtronic,Software Engineer Intern,swe,Software,Summer 2027,"Boston, MA, Santa Ana, CA, Fridley, MN, Santa Rosa, CA, Irvine, CA, Mansfield, MA, Mounds View, MN, Tempe, AZ, Memphis, TN, Brooklyn Center, MN, Plymouth, MN, Brooklyn Park, MN, Fort Worth, TX, Dexter, MI, North Haven, CT, Lafayette, CO, Minneapolis, MN, Newton, MA, Jacksonville, FL, Eatontown, NJ, Boulder, CO",Other,2026-08-01,2026-08-01,2026-09-01,,1,https://medtronic.wd1.myworkdayjobs.com/redeploymentmedtroniccareers/job/Fridley-Minnesota-United-States-of-America/Software-Engineering-Intern---Summer-2027_R73630,Simplify
SiFive,Design Verification Infrastructure Intern - Platform,swe,Hardware,Fall 2026,"Boston, MA, Austin, TX, Santa Clara, CA, Berkeley, CA",Other,2026-08-01,2026-09-03,2026-09-03,,1,https://sifive.wd1.myworkdayjobs.com/en-US/sifivecareers/job/Santa-Clara-California-United-States/Intern---Design-Verification-Infrastructure-Engineer---Platform_R-101291-1,Simplify
Maven Securities,Quant Trader Intern,quant,Quant,Summer 2027,"London, UK",Other,2026-07-31,2026-07-31,2026-09-01,,1,https://job-boards.greenhouse.io/mavensecuritiesholdingltd/jobs/8043552,Simplify
Persona AI,Machine Learning Intern - Manipulation,data,AI/ML/Data,Fall 2026,"Houston, TX",Other,2026-07-31,2026-07-31,2026-09-01,,1,https://jobs.ashbyhq.com/persona.ai/ed9a7425-9798-471e-b46a-fefd59570630/application?embed=true,Simplify
Brio Water Technology,AI Automation & Business Analytics Intern - Rotational Program,data,AI/ML/Data,Fall 2026,"Glendale, CA",Other,2026-07-31,2026-07-31,2026-09-01,,1,https://ats.rippling.com/briowt/jobs/52da1fca-1cb1-49ff-8a94-b6f3850cd8eb,Simplify
InstaLILY,Software Engineer 1 Co-op,swe,Software,Fall 2026,"Toronto, ON, Canada",Other,2026-07-31,2026-07-31,2026-09-01,,1,https://job-boards.greenhouse.io/instalilyai/jobs/4342089009,Simplify
Altice USA,Data Engineer Intern,data,AI/ML/Data,Fall 2026,"Long Island City, Queens, NY",Other,2026-07-31,2026-07-31,2026-09-01,,1,https://www.optimumcareers.com/job/Long-Island-City-Intern-Data-Engineer-NY-11101/1414286700/?ats=successfactors,Simplify
IMC,Quantitative Trader Intern,quant,,,"Amsterdam, Netherlands",,2026-07-31,2026-07-31,2026-09-01,,1,https://job-boards.eu.greenhouse.io/imc/jobs/4936262101,greenhouse:imc
IMC,Trader Intern,quant,,,"Amsterdam, Netherlands",,2026-07-31,2026-07-31,2026-09-01,,1,https://job-boards.eu.greenhouse.io/imc/jobs/4939846101,greenhouse:imc
Palantir,Software Engineer Intern,swe,Software,Fall 2026,"London, UK",Other,2026-07-31,2026-07-31,2026-09-01,,1,https://jobs.lever.co/palantir/76a60923-bb49-40f5-b061-7c7eb1299602/apply,Simplify
Heliux,Software Engineer Intern,swe,Software,Summer 2027,SF,Other,2026-07-31,2026-07-31,2026-09-01,,1,https://jobs.ashbyhq.com/heliux/ff2b6f4b-00d0-4afe-b4f5-2dbf443409ef/application?embed=true,Simplify
Melius,Software Engineer Intern,swe,Software,Fall 2026,NYC,Other,2026-07-31,2026-07-31,2026-09-01,,1,https://jobs.ashbyhq.com/melius/6a944911-dbbf-44c7-ba52-7866f7b433cf/application?embed=true,Simplify
University of Rochester,Student Researcher Co-op,swe,Software,Fall 2026,"Rochester, NY",Other,2026-07-31,2026-09-03,2026-09-03,,1,https://rochester.wd5.myworkdayjobs.com/UR_Staff/job/Laboratory-for-Laser-Energetics/Co-op-Student-Researcher-I_R273459,Simplify
Marquee Brands,Consumer Insights Intern,data,AI/ML/Data,Fall 2026,NYC,Other,2026-07-30,2026-09-03,2026-09-03,,1,https://marqueebrands.bamboohr.com/careers/132/,Simplify
Helsing,AI Research Intern - 3D Computer Vision,data,AI/ML/Data,Fall 2026,"London, UK, Paris, France, Berlin, Germany, Sant Cugat del Vallès, Barcelona, Spain, Munich, Germany",Other,2026-07-30,2026-07-30,2026-09-01,,1,https://helsing.ai/jobs/4941957101?gh_jid=4941957101,Simplify
Helsing,AI Research Intern (PhD) – 3D Computer Vision,data,,,Barcelona; Berlin; London; Munich; Paris,,2026-07-30,2026-07-30,2026-09-02,,1,https://helsing.ai/jobs/4941957101?gh_jid=4941957101,greenhouse:helsing
Forus,Engineer Intern,swe,Software,Fall 2026,NYC,Other,2026-07-30,2026-07-30,2026-09-01,,1,https://jobs.ashbyhq.com/forus/82e10191-232e-4e8d-9c5e-cb82940cdfc7/application?embed=true,Simplify
Tesla,Software Engineer Intern - Software Engineer - AI Infrastructure,swe,Software,Fall 2026,"Palo Alto, CA",Other,2026-07-30,2026-07-30,2026-09-01,,1,https://www.tesla.com/careers/search/job/278578,Simplify
University of Texas at Austin,Video and Analytics Intern - Baseball,data,AI/ML/Data,Fall 2026,"Austin, TX",Other,2026-07-30,2026-07-30,2026-09-01,,1,https://utaustin.wd1.myworkdayjobs.com/utstudent/job/UT-MAIN-CAMPUS/Video-and-Analytics-Intern--Baseball_R_00047706,Simplify
Mercer University,Digital Image Asset Management,data,AI/ML/Data,N/A,"Macon, GA",Other,2026-07-30,2026-09-03,2026-09-03,,1,https://merceruniversity.wd1.myworkdayjobs.com/student/job/Macon-Campus/Digital-Image-Asset-Management_JR104087,Simplify
TikTok,Machine Learning Engineer Intern - Tiktok-Data-Search-Search Quality,data,AI/ML/Data,Fall 2026,"San Jose, CA",Other,2026-07-29,2026-07-29,2026-09-01,,1,https://lifeattiktok.com/search/7667690418804902149,Simplify
National Laboratory of the Rockies,"Focused Ion Beam, Electron Microscopy, and Autonomous Characterization Intern - Multiple Teams",swe,Software,Fall 2026,"Golden, CO",Other,2026-07-29,2026-07-29,2026-09-01,,1,https://nrel.wd5.myworkdayjobs.com/NLR/job/Golden-CO/Graduate-Intern---Focused-Ion-Beam--Electron-Microscopy--and-Autonomous-Characterization_R14431,Simplify
Modal,Machine Learning Research Intern,data,AI/ML/Data,Fall 2026,"SF, NYC",Other,2026-07-28,2026-07-28,2026-09-01,,1,https://jobs.ashbyhq.com/modal/38888294-6bc7-4dab-b072-6d0f0c2ed79a/application?embed=true,Simplify
Apple,Applied Data Solutions Program Intern,data,AI/ML/Data,Fall 2026,"Austin, TX",Other,2026-07-28,2026-07-28,2026-09-01,,1,https://jobs.apple.com/en-us/details/200673612,Simplify
Modal,ML Research Intern,data,,,New York,,2026-07-28,2026-07-28,2026-09-02,,1,https://jobs.ashbyhq.com/modal/38888294-6bc7-4dab-b072-6d0f0c2ed79a,ashby:modal
TikTok,Product Solutions and Operations Intern - Ads Interface and Platform Product,swe,Product,Fall 2026,"Seattle, WA",Other,2026-07-28,2026-09-03,2026-09-03,,1,https://lifeattiktok.com/search/7665081919226284293,Simplify
PathAI,Software Engineering Mlops Co-op,swe,AI/ML/Data,Fall 2026,"Boston, MA",Other,2026-07-27,2026-07-29,2026-09-25,,1,https://www.pathai.com/careers/8651564002?gh_jid=8651564002,Simplify
Bosch Home Comfort,Powertrain Controls Software Engineer Intern,swe,Hardware,Fall 2026,"Southfield, MI",Other,2026-07-27,2026-07-27,2026-09-01,,1,https://jobs.smartrecruiters.com/BoschGroup/744000140089589,Simplify
East Penn Manufacturing Company,Power BI & Analytics Intern,data,AI/ML/Data,Fall 2026,"Ann Arbor, MI",Other,2026-07-27,2026-07-27,2026-09-01,,1,https://careers-eastpennmanufacturing.icims.com/jobs/30020/job?mobile=true&needsRedirect=false,Simplify
Squarepoint Capital,Intern Quant Researcher,quant,Quant,Fall 2026,"London, UK, Paris, France, NYC",Other,2026-07-27,2026-07-27,2026-09-01,,1,https://boards.greenhouse.io/embed/job_app?token=243853,Simplify
Pennsylvania State University,AI/ML Research Support Intern - Visualization and Decision Support Division,data,AI/ML/Data,Fall 2026,"State College, PA",Other,2026-07-27,2026-09-04,2026-09-04,,1,https://psu.wd1.myworkdayjobs.com/PSU_Staff/job/Penn-State-University-Park/AI-ML-Research-Support-Intern_REQ_0000080506-1,Simplify
TechInsights,Software Developer Co-op,swe,Software,N/A,"Ottawa, ON, Canada",Other,2026-07-24,2026-07-24,2026-09-01,,1,https://techinsights.applytojob.com/apply/JihPx6iShB/Software-Development-Coop-Student-Fall-2026,Simplify
PDT Partners,Software Engineer Intern,swe,Software,Summer 2027,NYC,Other,2026-07-24,2026-07-24,2026-09-01,,1,https://job-boards.greenhouse.io/pdtpartners/jobs/8077685,Simplify
PDT Partners,Summer 2027 Systems Engineering Intern,swe,,,"New York, NY",,2026-07-24,2026-07-24,2026-09-01,,1,https://job-boards.greenhouse.io/pdtpartners/jobs/8083292,greenhouse:pdtpartners
PDT Partners,Summer 2027 Software Engineering Intern,swe,,,"New York, NY",,2026-07-24,2026-07-24,2026-09-01,,1,https://job-boards.greenhouse.io/pdtpartners/jobs/8077685,greenhouse:pdtpartners
Quadrillion,Software Engineering Intern,swe,Software,Summer 2027,NYC,Other,2026-07-24,2026-07-24,2026-09-01,,1,https://jobs.ashbyhq.com/quadrillion-labs/a4acc44c-31ce-41a0-ab44-2500487b4d05/application?embed=true,Simplify
TikTok,Global Product Strategy & Operation Project Intern - Ads Interface and Platform Product,swe,Product,Fall 2026,"San Jose, CA",Other,2026-07-24,2026-09-03,2026-09-03,,1,https://lifeattiktok.com/search/7663478489194612997,Simplify
TikTok,Product Solutions and Operations Project Intern - Ads Interface and Platform Product,swe,Product,Fall 2026,"San Jose, CA",Other,2026-07-24,2026-09-03,2026-09-03,,1,https://lifeattiktok.com/search/7665080709191108917,Simplify
Appian,Software Engineer Intern,swe,Software,Summer 2027,"McLean, VA",Other,2026-07-23,2026-07-23,2026-09-01,,1,https://job-boards.greenhouse.io/appian/jobs/8041237,Simplify
Anthelion Capital,Quant Developer / Quant Research Intern,quant,Quant,Summer 2027,NYC,Other,2026-07-23,2026-07-23,2026-09-01,,1,https://jobs.ashbyhq.com/anthelioncap/5e2ea37b-2369-474e-b717-c24c60976e96/application?embed=true,Simplify
Robinhood,"Senior PM, International Trading",quant,,,"Menlo Park, CA; New York, NY",,2026-07-23,2026-07-23,2026-09-01,,1,https://boards.greenhouse.io/robinhood/jobs/8060600?t=gh_src=&gh_jid=8060600,greenhouse:robinhood
Appian Corporation ,Software Engineering Intern,swe,,,"McLean, Virginia",,2026-07-23,2026-07-23,2026-09-02,,1,https://job-boards.greenhouse.io/appian/jobs/8041237,greenhouse:appian
Optiver,Institutional Trader Intern,quant,Quant,Summer 2027,"Chicago, IL",Other,2026-07-23,2026-07-23,2026-09-01,,1,https://job-boards.greenhouse.io/optiverprivate/jobs/8402208002,Simplify
Amazon,Applied Science Intern - Automated Reasoning - PhD Student Science Recruiting,data,AI/ML/Data,Fall 2026,"Seattle, WA",Other,2026-07-23,2026-09-04,2026-09-04,,1,https://amazon.jobs/en/jobs/10394156/2026-fall-applied-science-internship-automated-reasoning-united-states-phd-student-science-recruiting,Simplify
"Montgomery Investment Technology, Inc.",Montgomery Investment Technology,swe,Software,N/A,"Delanco, NJ",Other,2026-07-23,2026-07-23,2026-09-01,,1,https://fintools.applytojob.com/apply/o7r6gV8IMh/Computer-Programming-Internship-Summer-2026,Simplify
Geo Owl,Maritime Cartographer Apprentice,data,AI/ML/Data,Fall 2026,"Springfield, VA",Other,2026-07-23,2026-08-03,2026-09-01,,1,https://geoowl.applytojob.com/apply/lvTIoh8S9K/Cartographic-Analyst-Apprentice,Simplify
G-Research,Machine Learning Research Intern,data,AI/ML/Data,Summer 2027,"London, UK",Other,2026-07-23,2026-07-23,2026-09-01,,1,https://gresearch.wd103.myworkdayjobs.com/G-Research/job/London-UK/Machine-Learning-Research-Internship_R3682,Simplify
G-Research,Quantitative Research Internship,quant,Quant,Summer 2027,"London, UK",Other,2026-07-23,2026-07-23,2026-09-01,,1,https://gresearch.wd103.myworkdayjobs.com/G-Research/job/London-UK/Quant-Research-Internship_R3691,Simplify
G-Research,Natural Language Processing Intern,data,AI/ML/Data,Summer 2027,"London, UK",Other,2026-07-23,2026-07-23,2026-09-01,,1,https://gresearch.wd103.myworkdayjobs.com/G-Research/job/London-UK/Natural-Language-Processing-Internship_R3686,Simplify
G-Research,Data Science Intern,data,AI/ML/Data,Summer 2027,"London, UK",Other,2026-07-23,2026-07-23,2026-09-01,,1,https://gresearch.wd103.myworkdayjobs.com/G-Research/job/London-UK/Data-Science-Internship_R3679,Simplify
Virtu Financial,Quantitative Researcher Internship,quant,Quant,Summer 2027,NYC,Other,2026-07-22,2026-07-22,2026-09-01,,1,https://job-boards.greenhouse.io/virtu/jobs/8624424002,Simplify
Later,Software Development Co-op - Later Influence,swe,Software,Fall 2026,"Vancouver, BC, Canada",Other,2026-07-22,2026-07-22,2026-09-01,,1,https://job-boards.greenhouse.io/later/jobs/8643138002,Simplify
Virtu Financial,2027 Internship - Quantitative Researcher (PhD),quant,,,New York,,2026-07-22,2026-07-22,2026-09-01,,1,https://job-boards.greenhouse.io/virtu/jobs/8624424002,greenhouse:virtu
Virtu Financial,Quantitative Trading Intern,quant,Quant,Summer 2027,"Austin, TX, Chicago, IL, NYC",Other,2026-07-21,2026-07-22,2026-09-01,,1,https://job-boards.greenhouse.io/virtu/jobs/8624408002,Simplify
Virtu Financial,Software Engineer Intern - Software Engineer,swe,Software,Summer 2027,"Austin, TX, NYC",Other,2026-07-21,2026-07-22,2026-09-01,,1,https://job-boards.greenhouse.io/virtu/jobs/8624410002,Simplify
ShyftLabs,AI Engineer Intern,swe,Software,Fall 2026,"Toronto, ON, Canada",Other,2026-07-21,2026-07-22,2026-09-01,,1,https://jobs.lever.co/shyftlabs/4f389ea7-9b98-4ed0-99c2-b25ea8cc2dcd/apply,Simplify
AQR Capital Management,Trading Analyst Intern,quant,Quant,Summer 2027,"Greenwich, CT",Other,2026-07-21,2026-07-21,2026-09-01,,1,https://careers.aqr.com/jobs?gh_jid=8077110&gh_jid=8077110,Simplify
Virtu Financial,2027 Internship - Software Engineer,swe,,,"Austin, TX; New York",,2026-07-21,2026-07-21,2026-09-01,,1,https://job-boards.greenhouse.io/virtu/jobs/8624410002,greenhouse:virtu
Medpace,AI Engineer Intern,data,AI/ML/Data,Fall 2026,"London, UK",Other,2026-07-21,2026-07-21,2026-09-01,,1,https://careers.medpace.com/jobs/12863?icims=1,Simplify
Mistral AI,Applied Scientist / Research Engineer Intern,data,AI/ML/Data,Fall 2026,"London, UK, Paris, France",Other,2026-07-21,2026-07-21,2026-09-01,,1,https://jobs.ashbyhq.com/mistral.ai/de46ba8b-00cb-4618-83df-66e15a78434e/application?embed=true,Simplify
k-ID,Engineering Intern - Program,swe,Software,Fall 2026,United States,Other,2026-07-21,2026-08-01,2026-09-01,,1,https://jobs.ashbyhq.com/k-id/18619df2-45d8-4732-8815-9a340d498d48/application?embed=true,Simplify
NeoSigma,Member of Technical Staff Intern,swe,Software,Fall 2026,SF,Other,2026-07-21,2026-07-21,2026-09-01,,1,https://ats.rippling.com/neosigma/jobs/a2ee1d26-a551-45d2-9854-6dbf8ed2c866,Simplify
Phonely,Software Engineer Intern - Multiple Teams,swe,Software,Fall 2026,SF,Other,2026-07-21,2026-07-21,2026-09-01,,1,https://jobs.ashbyhq.com/phonely/c83696cb-ca3a-4a9d-9e87-bfcf4f79fef5/application?embed=true,Simplify
Ramiel Capital,Trading Intern,quant,Quant,Fall 2026,NYC,Other,2026-07-21,2026-09-03,2026-09-03,,1,https://jobs.ashbyhq.com/ramielcapital/8c57222a-e723-49a6-b9f1-b4628c1da76f/application?embed=true,Simplify
GenMD,AI Research Scientist Intern,data,AI/ML/Data,Fall 2026,"Palo Alto, CA",Other,2026-07-21,2026-07-21,2026-09-01,,1,https://jobs.ashbyhq.com/genmd/807adafc-7842-4e05-90f3-9bc45dd39a13/application?embed=true,Simplify
Bild AI,AI/Software Engineer Intern,swe,Software,Fall 2026,SF,Other,2026-07-21,2026-07-21,2026-09-01,,1,https://jobs.ashbyhq.com/bild-ai/b333f0f7-0ca6-4509-8697-9303396b5364/application?embed=true,Simplify
Aptura,Investment Banking Intern - AI Evaluation,data,AI/ML/Data,Fall 2026,"London, UK",Other,2026-07-21,2026-09-04,2026-09-04,,1,https://jobs.ashbyhq.com/aptura/44d8b5f7-bbb9-434b-8374-7ea1a9426910/application?embed=true,Simplify
Quadrillion,Research Intern,data,AI/ML/Data,Fall 2026,NYC,Other,2026-07-21,2026-07-21,2026-09-01,,1,https://jobs.ashbyhq.com/quadrillion-labs/579cef88-1dbf-45b5-a938-7ddc23505765/application?embed=true,Simplify
Phonic,Machine Learning Research Intern,data,AI/ML/Data,Fall 2026,SF,Other,2026-07-21,2026-07-21,2026-09-01,,1,https://jobs.ashbyhq.com/phonic/a6c8c3d2-250a-4c2f-8a20-e4667ca38e41/application?embed=true,Simplify
Firetiger,Product Engineer Intern/Co-op,swe,Software,Fall 2026,SF,Other,2026-07-21,2026-07-21,2026-09-01,,1,https://jobs.ashbyhq.com/firetiger/7acf0768-f10d-4650-bcfc-12ed6e5d7cfc/application?embed=true,Simplify
Roam,Engineer Intern,swe,Software,Fall 2026,SF,Other,2026-07-21,2026-07-21,2026-09-01,,1,https://jobs.ashbyhq.com/tryroam/59b76a77-44e5-424b-a3d5-71edf091869c/application?embed=true,Simplify
Eragon,Applied AI Intern,data,AI/ML/Data,Fall 2026,SF,Other,2026-07-21,2026-07-21,2026-09-01,,1,https://jobs.ashbyhq.com/eragon/0b90ea4a-8684-4ae1-a7cc-c998db6e862e/application?embed=true,Simplify
NeoCognition,Research Intern,data,AI/ML/Data,Fall 2026,"Palo Alto, CA",Other,2026-07-21,2026-07-21,2026-09-01,,1,https://jobs.ashbyhq.com/neocognition/f6b58e72-94eb-4090-a84e-d96197ffeb76/application?embed=true,Simplify
Vmax AI Corp,Research Fellow - Mechanistic Interpretability,data,AI/ML/Data,N/A,SF,Other,2026-07-21,2026-07-21,2026-09-01,,1,https://jobs.ashbyhq.com/vmax/7344d5fd-6fa3-4bce-b7bd-e73aa4dd568b/application?embed=true,Simplify
Gritt Robotics Inc,Robot Learning Engineer Intern,data,AI/ML/Data,Fall 2026,"San Bruno, CA",Other,2026-07-21,2026-07-21,2026-09-01,,1,https://jobs.ashbyhq.com/gritt/5c4737ce-f546-453b-b30d-791a121fb9fd/application?embed=true,Simplify
Gritt,Robotics Perception Engineer Intern,data,AI/ML/Data,Fall 2026,South SF,Other,2026-07-21,2026-08-01,2026-09-03,,1,https://jobs.ashbyhq.com/gritt/26af4e71-339d-4aa3-9f22-91574c1166b9/application?embed=true,Simplify
Architect Labs,Member of Technical Staff Research Intern,swe,Software,Fall 2026,"Palo Alto, CA",Other,2026-07-21,2026-07-21,2026-09-01,,1,https://jobs.ashbyhq.com/architect/1999377b-b23b-461f-b79a-d4edce0d46b1/application?embed=true,Simplify
Dexmate,Research Intern,data,AI/ML/Data,Fall 2026,"Fremont, CA",Other,2026-07-21,2026-08-01,2026-09-03,,1,https://jobs.ashbyhq.com/dexmate/9361af41-d1e4-4b27-be37-683685bf48dc/application?embed=true,Simplify
Dexmate,Frontend Engineer Intern,swe,Software,Fall 2026,"Fremont, CA",Other,2026-07-21,2026-07-21,2026-09-01,,1,https://jobs.ashbyhq.com/dexmate/eac26b6f-1a53-441f-8e52-ee0a0b1bc119/application?embed=true,Simplify
Zuru,Data Analyst Intern,data,AI/ML/Data,Fall 2026,LA,Other,2026-07-21,2026-07-21,2026-09-01,,1,https://jobs.ashbyhq.com/zuru/750dea66-6f5a-4622-80d6-b6289954d3d0/application?embed=true,Simplify
University of Texas at Austin,Graduate Assistant - Data - Dell Medical School,data,AI/ML/Data,N/A,"Austin, TX",Other,2026-07-21,2026-07-21,2026-09-01,,1,https://utaustin.wd1.myworkdayjobs.com/utstudent/job/UT-MAIN-CAMPUS/Graduate-Assistant--Data--Texas-Child-Mental-Health-Programs--Department-of-Psychiatry-and-Behavioral-Sciences--Dell-Medical-School_R_00047460-1,Simplify
Google,Student Researcher,data,AI/ML/Data,N/A,"Toronto, ON, Canada, Kitchener, ON, Canada",Other,2026-07-20,2026-07-21,2026-09-01,,1,https://www.google.com/about/careers/applications/jobs/results/113855697199735494,Simplify
Chicago Trading Company,Quant Trading Intern,quant,Quant,Summer 2027,"Chicago, IL",Other,2026-07-20,2026-07-20,2026-09-01,,1,https://job-boards.greenhouse.io/ctccampusboard/jobs/4708188005,Simplify
Chicago Trading Company,Software Engineering Intern,swe,Software,Summer 2027,"Chicago, IL",Other,2026-07-20,2026-07-20,2026-09-01,,1,https://job-boards.greenhouse.io/ctccampusboard/jobs/4708230005,Simplify
Zoox,Student Worker - Data Analyst,data,AI/ML/Data,N/A,"San Mateo, CA",Other,2026-07-20,2026-07-20,2026-09-01,,1,https://jobs.lever.co/zoox/5e03b357-0cc1-4194-9488-14f85044f4f9/apply,Simplify
Clyde Companies,Application Development Intern,data,AI/ML/Data,Fall 2026,"Orem, UT",Other,2026-07-20,2026-08-01,2026-09-01,,1,https://careers.clydeinc.com/jobs/24398?icims=1,Simplify
Xsolla,AI-First Engineer Intern,data,AI/ML/Data,Fall 2026,LA,Other,2026-07-20,2026-07-20,2026-09-01,,1,https://jobs.lever.co/xsolla/7a8f8d4c-10fc-4c64-bc9d-167ba1e367c4/apply,Simplify
GE Healthcare,Engineering Development Program Intern - Software,swe,AI/ML/Data,Summer 2027,"Waukesha, WI",Other,2026-07-20,2026-07-20,2026-09-02,,1,https://gehc.wd5.myworkdayjobs.com/GEHC_ExternalSite/job/Waukesha/Edison-Engineering-Development-Program-Intern---Software_R4043933-2,Simplify
National Laboratory of the Rockies,Graduate Intern,data,AI/ML/Data,Fall 2026,"Remote in USA, Golden, CO",Other,2026-07-20,2026-07-20,2026-09-01,,1,https://nrel.wd5.myworkdayjobs.com/NLR/job/Golden-CO/Graduate-Intern---LLM-Reliability-and-Uncertainty-for-AI-Science-Assistants_R14416,Simplify
Louisiana Blue,Healthcare Price and Transparency Data Analyst Intern,data,AI/ML/Data,Fall 2026,"Baton Rouge, LA",Other,2026-07-20,2026-08-05,2026-09-01,,1,https://bcbsla.wd1.myworkdayjobs.com/Generation_Blue/job/Corporate---Baton-Rouge-LA/Healthcare-Price-and-Transparency-Data-Analyst-Intern_R11903,Simplify
Ensemble Health Partners,Engineering Excellence Intern,data,AI/ML/Data,Fall 2026,Remote in USA,Other,2026-07-17,2026-07-17,2026-09-01,,1,https://ensemblehp.wd5.myworkdayjobs.com/ensemblehealthpartnerscareers/job/Remote---Nationwide/Engineering-Excellence-Intern_R048023,Simplify
Ensemble Health Partners,Data Scientist Intern,data,AI/ML/Data,Fall 2026,Remote in USA,Other,2026-07-17,2026-07-17,2026-09-01,,1,https://ensemblehp.wd5.myworkdayjobs.com/ensemblehealthpartnerscareers/job/Remote---Nationwide/Data-Scientist--AI_R048077,Simplify
CuspAI,Chemistry Intern - MLFF Distillation & GCMC Integration,data,AI/ML/Data,Fall 2026,"London, UK, Cambridge, UK",Other,2026-07-16,2026-07-16,2026-09-01,,1,https://jobs.ashbyhq.com/cuspai/d7b80299-ed98-4dfe-b306-729cd10d3f04/application?embed=true,Simplify
Optiver,Trading Automation and Operations Intern,quant,Quant,Summer 2027,"Chicago, IL",Other,2026-07-16,2026-07-16,2026-09-01,,1,https://www.optiver.com/join-us/jobs/8489582002/?gh_jid=8489582002,Simplify
Cybernetic Labs,Software Engineer Intern - Agent Platform,swe,Software,Summer 2027,SF,Other,2026-07-16,2026-07-16,2026-09-01,,1,https://jobs.ashbyhq.com/netic/b0ea7aab-8eea-4d31-96f9-278364180ae7/application?embed=true,Simplify
Cybernetic Labs,Full-Stack Software Engineer Intern - Product,swe,Software,Summer 2027,SF,Other,2026-07-16,2026-07-16,2026-09-01,,1,https://jobs.ashbyhq.com/netic/f291394a-f3c5-4f46-9b87-77aea3d487ef/application?embed=true,Simplify
Cybernetic Labs,Forward Deployed Engineer Intern,swe,Software,Summer 2027,SF,Other,2026-07-16,2026-07-16,2026-09-01,,1,https://jobs.ashbyhq.com/netic/ffd6af1a-cebb-41f5-ac1d-e695adfd067c/application?embed=true,Simplify
Chevron Corporation,Software Engineer Intern - Information Technology - Software Engineer,swe,Software,Fall 2026,"Houston, TX",Other,2026-07-16,2026-07-16,2026-09-01,,1,https://chevron.wd5.myworkdayjobs.com/University/job/Houston-Texas-United-States-of-America/XMLNAME-2026-2027-Information-Technology---Software-Engineer---Intern_R000072398-1,Simplify
Kokosing,Co-op,swe,Software,Fall 2026,"Clarion, PA, Milford, OH, Athens, OH, Detroit, MI, Cleveland, OH, Annapolis Junction, MD, Westerville, OH, Colonial Heights, VA, Sheffield, OH, Elyria, OH, Wheelersburg, OH, Mantua, OH, Mansfield, OH, Medina, OH, Chesapeake, VA, Sault Ste. Marie, MI, Morgantown, WV, Wooster, OH, St. Louis, MO, Woodville, OH, Grand River, OH, Fredericktown, OH, Toledo, OH, Carnegie, PA, St Louisville, OH, Columbus, OH, Greenfield, IN, Upper Sandusky, OH, Claridon, OH, Fort Wayne, IN, Cheboygan, MI, Charleston, WV, Middletown, OH, Baltimore, MD, Columbia Station, OH",Other,2026-07-16,2026-09-03,2026-09-03,,1,https://kokosing.wd5.myworkdayjobs.com/en-US/Kokosing_External_Career_Site/job/Westerville-OH/Fall-2026-Co-op_R-102048,Simplify
Old Mission,Software Engineer Intern,swe,Software,Summer 2027,"Chicago, IL",Other,2026-07-15,2026-07-15,2026-09-01,,1,https://www.oldmissioncapital.com/careers/?gh_jid=7796180003,Simplify
Jane Street,Linux Engineer,swe,Software,N/A,NYC,Other,2026-07-15,2026-07-15,2026-09-01,,1,https://job-boards.greenhouse.io/janestreet/jobs/8626260002,Simplify
Old Mission,Software Engineer – 2027 Internship Program (June Start),swe,,,"Chicago, IL, United States",,2026-07-15,2026-07-15,2026-09-01,,1,https://www.oldmissioncapital.com/careers/?gh_jid=7796180003,greenhouse:oldmissioncapital
Constellation Space,Graduate Researcher Intern - Machine Learning,data,AI/ML/Data,Fall 2026,"Seattle, WA",Other,2026-07-15,2026-07-15,2026-09-01,,1,https://jobs.ashbyhq.com/constellationspace/b763d4ba-7b77-479b-89a0-f632d9d02f4a/application?embed=true,Simplify
Beacon Software,Software Engineer Intern,swe,Software,Fall 2026,SF,Other,2026-07-15,2026-07-15,2026-09-01,,1,https://jobs.ashbyhq.com/beaconsoftware/2452d342-a069-4eda-adbe-9df296808ca1/application?embed=true,Simplify
Susquehanna International Group (SIG),Quantitative Trading Internship,quant,Quant,Summer 2027,"London, UK",Other,2026-07-15,2026-07-15,2026-09-01,,1,https://careers-sig.icims.com/jobs/11005/job?mobile=true&needsRedirect=false,Simplify
RAVL,Associate Engineer Apprentice - Engineering,swe,Software,Fall 2026,"Toronto, ON, Canada",Other,2026-07-15,2026-07-15,2026-09-03,,1,https://jobs.lever.co/ravl_io/4145932c-b493-4112-a0ed-68705ca0d720/apply,Simplify
Circleback,Software Engineer Intern,swe,Software,Summer 2027,SF,Other,2026-07-15,2026-07-15,2026-09-01,,1,https://jobs.ashbyhq.com/circleback/2bb6be67-d1a8-42f7-bb1b-64ee36bf613f/application?embed=true,Simplify
Affirm,"Senior Software Engineer, Backend (Identity International)",swe,,,Remote Spain,,2026-07-15,2026-07-15,2026-09-01,,1,https://job-boards.greenhouse.io/affirm/jobs/7801373003,greenhouse:affirm
Copart,Software Engineer Intern,swe,Software,Fall 2026,"Dallas, TX",Other,2026-07-15,2026-07-15,2026-09-01,,1,https://copart.wd12.myworkdayjobs.com/copart/job/Dallas-TX---Headquarters/Software-Engineering-Intern_JR109689,Simplify
Five Rings Capital,Software Developer Intern - Software Developer,swe,Software,Summer 2027,NYC,Other,2026-07-14,2026-07-14,2026-09-03,,1,https://job-boards.greenhouse.io/fiveringsllc/jobs/5349707008,Simplify
Five Rings Capital,Quantitative Trader Intern - Quantitative Trader,quant,Quant,Summer 2027,NYC,Other,2026-07-14,2026-07-14,2026-09-03,,1,https://job-boards.greenhouse.io/fiveringsllc/jobs/5139668008,Simplify
Five Rings Capital,Quantitative Researcher Intern,quant,Quant,Summer 2027,NYC,Other,2026-07-14,2026-07-14,2026-09-03,,1,https://job-boards.greenhouse.io/fiveringsllc/jobs/5349219008,Simplify
Argmax,On-device AI Frameworks Engineer Intern,swe,Software,Fall 2026,"Palo Alto, CA, Union City, NJ",Other,2026-07-14,2026-07-14,2026-09-01,,1,https://job-boards.greenhouse.io/argmax/jobs/4067268009,Simplify
Voloridge,Quantitative Developer Intern,quant,Quant,Fall 2026,"Jupiter, FL",Other,2026-07-14,2026-07-14,2026-09-01,,1,https://job-boards.greenhouse.io/voloridgeinvestmentmanagement/jobs/4224862009,Simplify
Voloridge,Quantitative Research Intern,quant,Quant,Summer 2027,"Jupiter, FL",Other,2026-07-14,2026-07-14,2026-09-01,,1,https://job-boards.greenhouse.io/voloridgeinvestmentmanagement/jobs/4226247009,Simplify
Virtu Financial,2027 Internship - Quantitative Researcher (Master or PhD),quant,,,"Dublin, Ireland",,2026-07-14,2026-07-14,2026-09-01,,1,https://job-boards.greenhouse.io/virtu/jobs/8631180002,greenhouse:virtu
Amazon,Software Development Engineer Apprentice - Military Veterans,swe,Software,Fall 2026,"Arlington, VA, Bellevue, WA, Cupertino, CA, Denver, CO",Other,2026-07-14,2026-07-14,2026-09-03,,1,https://amazon.jobs/en/jobs/3188438/software-development-engineer-apprentice-military-veterans,Simplify
Jane Street,Data Engineering Intern,data,AI/ML/Data,N/A,NYC,Other,2026-07-14,2026-07-14,2026-09-01,,1,https://job-boards.greenhouse.io/janestreet/jobs/8631973002,Simplify
Hudson River Trading,Software Engineer Intern - C++ or Python,swe,Software,Summer 2027,"Austin, TX, Chicago, IL, NYC",Other,2026-07-13,2026-07-13,2026-09-01,,1,https://www.hudsonrivertrading.com/careers/job/?gh_jid=8052083,Simplify
Hudson River Trading,Algorithm Development Intern - Quant Research,quant,Quant,Summer 2027,NYC,Other,2026-07-13,2026-07-13,2026-09-01,,1,https://www.hudsonrivertrading.com/careers/job/?gh_jid=8059837,Simplify
Akuna Capital University,Software Engineer Intern - C++,swe,Software,Summer 2027,"Chicago, IL",Other,2026-07-13,2026-07-13,2026-09-03,,1,https://www.akunacapital.com/careers/job/8018847/?gh_jid=8018847,Simplify
Akuna Capital University,Quantitative Development & Strategy Intern,quant,Software,Summer 2027,"Chicago, IL",Other,2026-07-13,2026-07-13,2026-09-03,,1,https://www.akunacapital.com/careers/job/8021481/?gh_jid=8021481,Simplify
Akuna Capital University,Software Engineer Intern - C# .NET Desktop,swe,Software,Summer 2027,"Chicago, IL",Other,2026-07-13,2026-07-13,2026-09-03,,1,https://www.akunacapital.com/careers/job/8018886/?gh_jid=8018886,Simplify
Akuna Capital University,Software Engineer Intern - Full Stack Web,swe,Software,Summer 2027,"Chicago, IL",Other,2026-07-13,2026-07-13,2026-09-03,,1,https://www.akunacapital.com/careers/job/8018893/?gh_jid=8018893,Simplify
Akuna Capital University,Quantitative Research Intern,quant,Quant,Summer 2027,"Chicago, IL",Other,2026-07-13,2026-07-13,2026-09-03,,1,https://www.akunacapital.com/careers/job/8036614/?gh_jid=8036614,Simplify
Akuna Capital University,Software Engineer Intern - Python,swe,Software,Summer 2027,"Chicago, IL",Other,2026-07-13,2026-07-13,2026-09-03,,1,https://www.akunacapital.com/careers/job/8018853/?gh_jid=8018853,Simplify
Akuna Capital,"Software Engineer Intern - C++, Summer 2027",swe,,,"Chicago, IL",,2026-07-13,2026-07-13,2026-09-01,,1,https://www.akunacapital.com/careers/job/8018847/?gh_jid=8018847,greenhouse:akunacapital
Akuna Capital,"Quantitative Development & Strategy Intern, Summer 2027",quant,,,"Chicago, IL",,2026-07-13,2026-07-13,2026-09-01,,1,https://www.akunacapital.com/careers/job/8021481/?gh_jid=8021481,greenhouse:akunacapital
Akuna Capital,"Quantitative Research Intern, Summer 2027",quant,,,"Chicago, IL ",,2026-07-13,2026-07-13,2026-09-01,,1,https://www.akunacapital.com/careers/job/8036614/?gh_jid=8036614,greenhouse:akunacapital
Akuna Capital,"Platform Engineer Intern, Summer 2027",swe,,,"Chicago, IL",,2026-07-13,2026-07-13,2026-09-01,,1,https://www.akunacapital.com/careers/job/8018856/?gh_jid=8018856,greenhouse:akunacapital
Akuna Capital,"Software Engineer Intern - Python, Summer 2027",swe,,,"Chicago, IL",,2026-07-13,2026-07-13,2026-09-01,,1,https://www.akunacapital.com/careers/job/8018853/?gh_jid=8018853,greenhouse:akunacapital
Akuna Capital,"Software Engineer Intern - Full Stack Web, Summer 2027",swe,,,"Chicago, IL",,2026-07-13,2026-07-13,2026-09-01,,1,https://www.akunacapital.com/careers/job/8018893/?gh_jid=8018893,greenhouse:akunacapital
Akuna Capital,"Software Engineer Intern - C# .NET Desktop, Summer 2027",swe,,,"Chicago, IL",,2026-07-13,2026-07-13,2026-09-01,,1,https://www.akunacapital.com/careers/job/8018886/?gh_jid=8018886,greenhouse:akunacapital
Jump Trading,Campus Quantitative Researcher M1/M2 Intern,quant,Quant,Fall 2026,"London, UK",Other,2026-07-13,2026-07-13,2026-09-01,,1,https://boards.greenhouse.io/embed/job_app?token=8059384,Simplify
Jump Trading,Campus ML Research Engineer Intern,data,AI/ML/Data,Fall 2026,"London, UK",Other,2026-07-13,2026-07-13,2026-09-01,,1,https://boards.greenhouse.io/embed/job_app?token=7977145,Simplify
Jump Trading,Campus AI Researcher Intern,data,AI/ML/Data,Fall 2026,"London, UK",Other,2026-07-13,2026-07-13,2026-09-01,,1,https://boards.greenhouse.io/embed/job_app?token=7976964,Simplify
DRW,Quantitative Trading Analyst Intern,quant,Quant,Summer 2027,"London, UK",Other,2026-07-13,2026-07-13,2026-09-01,,1,https://job-boards.greenhouse.io/drweng/jobs/7957243,Simplify
Jump Trading,Campus ML Research Engineer (Intern),data,,,London,,2026-07-13,2026-07-13,2026-09-01,,1,https://www.jumptrading.com/hr/job?gh_jid=7977145,greenhouse:jumptrading
Jump Trading,"Campus AI Researcher, PhD/Postdoc (Intern)",data,,,London,,2026-07-13,2026-07-13,2026-09-01,,1,https://www.jumptrading.com/hr/job?gh_jid=7976964,greenhouse:jumptrading
Jump Trading,Campus UI Software Engineer (Intern),swe,,,London,,2026-07-13,2026-07-13,2026-09-01,,1,https://www.jumptrading.com/hr/job?gh_jid=7974943,greenhouse:jumptrading
Jump Trading,Campus Software Engineer (Intern),swe,,,London,,2026-07-13,2026-07-13,2026-09-01,,1,https://www.jumptrading.com/hr/job?gh_jid=7975026,greenhouse:jumptrading
Jump Trading,Campus Quantitative Researcher (M1/M2 Intern),quant,,,London; Paris,,2026-07-13,2026-07-13,2026-09-01,,1,https://www.jumptrading.com/hr/job?gh_jid=8059384,greenhouse:jumptrading
Jump Trading,Campus Quantitative Trader (Intern),quant,,,London; Amsterdam,,2026-07-13,2026-07-13,2026-09-01,,1,https://www.jumptrading.com/hr/job?gh_jid=8050772,greenhouse:jumptrading
Arizona State University,Student Data Science Assistant,data,AI/ML/Data,N/A,"Scottsdale, AZ",Other,2026-07-13,2026-07-14,2026-09-01,,1,https://asuep.wd5.myworkdayjobs.com/ASUEP/job/Scottsdale-AZ/Student-Assistant---Data-Science_R1449,Simplify
Amcor,AI Innovation Engineer Intern,data,AI/ML/Data,Fall 2026,"Atlanta, GA",Other,2026-07-13,2026-08-18,2026-09-01,,1,https://amcor.wd5.myworkdayjobs.com/amcor_external_career_site/job/ASC-Atlanta-HQ-GA/AI-Innovation-Engineer_REQ_93190,Simplify
Palantir,"Forward Deployed Infrastructure Engineer, Internship - US Government",swe,,,"Washington, D.C.",,2026-07-10,2026-07-10,2026-09-25,,1,https://jobs.lever.co/palantir/3db7e40a-28e0-4ad1-96c5-93de5bc96aa9,lever:palantir
Pika,Research Intern - BS/MS/PhD,data,AI/ML/Data,Fall 2026,"Palo Alto, CA",Other,2026-07-10,2026-07-10,2026-09-01,,1,https://jobs.ashbyhq.com/pika/e135acb1-2a0b-47b4-81b2-3cb0f787657a/application,Simplify
GE Appliances,Software Engineer Co-op,swe,Software,Spring 2027,"Louisville, KY",Other,2026-07-10,2026-09-20,2026-09-20,,1,https://haier.wd3.myworkdayjobs.com/ge_appliances/job/USA-Louisville-KY/Software-Engineering-Co-op-Spring-2027_REQ-24832,Simplify
Arrowstreet Capital,Quantitative Developer Intern,quant,Quant,Summer 2027,"Boston, MA",Other,2026-07-10,2026-07-10,2026-09-01,,1,https://arrowstreetcapital.wd5.myworkdayjobs.com/Campus_Careers/job/Boston/Quantitative-Developer-Intern--Summer-2027_R1506,Simplify
Arrowstreet Capital,Quantitative Researcher Intern,quant,Quant,Summer 2027,"Boston, MA",Other,2026-07-10,2026-07-10,2026-09-01,,1,https://arrowstreetcapital.wd5.myworkdayjobs.com/Campus_Careers/job/Boston/Quantitative-Researcher-Intern--Summer-2027_R1505,Simplify
Pylon,Software Engineer Intern,swe,Software,Summer 2027,SF,Other,2026-07-09,2026-07-09,2026-09-01,,1,https://jobs.ashbyhq.com/pylon-labs/fcea8b52-81f1-4b0c-b575-d7b180faec4d/application,Simplify
Jump Trading,Campus UI Software Engineer Intern,swe,Software,Fall 2026,"Chicago, IL",Other,2026-07-08,2026-07-08,2026-09-01,,1,https://boards.greenhouse.io/embed/job_app?token=8003019,Simplify
Jump Trading,AI Research Engineer Intern,data,AI/ML/Data,Fall 2026,"Chicago, IL, NYC",Other,2026-07-08,2026-07-08,2026-09-01,,1,https://boards.greenhouse.io/embed/job_app?token=8052281,Simplify
Jump Trading,AI Research Engineer Intern - Research Automation,data,AI/ML/Data,Fall 2026,"Chicago, IL, NYC",Other,2026-07-08,2026-07-08,2026-09-01,,1,https://boards.greenhouse.io/embed/job_app?token=8052351,Simplify
Jump Trading,Campus Quantitative Researcher Intern,quant,Quant,Fall 2026,"Chicago, IL, NYC",Other,2026-07-08,2026-07-08,2026-09-03,,1,https://boards.greenhouse.io/embed/job_app?token=7982648,Simplify
Jump Trading,Campus Quantitative Trader Intern,quant,Quant,Fall 2026,"Chicago, IL, NYC",Other,2026-07-08,2026-07-08,2026-09-01,,1,https://boards.greenhouse.io/embed/job_app?token=7848371,Simplify
Jump Trading,Campus Quantitative Researcher Intern - PhD,quant,Quant,Summer 2027,"Chicago, IL, NYC",Other,2026-07-08,2026-07-08,2026-09-01,,1,https://boards.greenhouse.io/embed/job_app?token=8049938,Simplify
Jump Trading,Campus AI Research Engineer Intern - Deep Learning,data,AI/ML/Data,Fall 2026,"Chicago, IL, NYC",Other,2026-07-08,2026-07-08,2026-09-01,,1,https://boards.greenhouse.io/embed/job_app?token=8052338,Simplify
Flow Traders,Quantitative Trading Intern,quant,Quant,Summer 2027,NYC,Other,2026-07-08,2026-07-08,2026-09-01,,1,https://job-boards.greenhouse.io/flowtraders/jobs/8047166,Simplify
Hone Health,Data Engineering Intern,data,AI/ML/Data,Fall 2026,Remote in USA,Other,2026-07-08,2026-07-08,2026-09-01,,1,https://job-boards.greenhouse.io/honehealth/jobs/5308958008,Simplify
National Laboratory of the Rockies,Software and Data Infrastructure Intern,swe,Software,Fall 2026,"Golden, CO",Other,2026-07-08,2026-07-08,2026-09-01,,1,https://nrel.wd5.myworkdayjobs.com/NLR/job/Golden-CO/Undergraduate-graduate-intern---software-and-data-infrastructure-for-autonomous-thin-film-experimentation--Year-Round-_R14394,Simplify
Jump Trading,Campus Systems Engineer (Intern),swe,,,Chicago,,2026-07-08,2026-07-08,2026-09-01,,1,https://www.jumptrading.com/hr/job?gh_jid=8007788,greenhouse:jumptrading
Jump Trading,Campus AI Research Engineer – Research Automation (Intern),data,,,Chicago; New York,,2026-07-08,2026-07-08,2026-09-01,,1,https://www.jumptrading.com/hr/job?gh_jid=8052351,greenhouse:jumptrading
Jump Trading,Campus AI Research Engineer - Deep Learning (Intern),data,,,Chicago; New York,,2026-07-08,2026-07-08,2026-09-01,,1,https://www.jumptrading.com/hr/job?gh_jid=8052338,greenhouse:jumptrading
Jump Trading,Campus AI Research Engineer (Intern),data,,,Chicago; New York,,2026-07-08,2026-07-08,2026-09-01,,1,https://www.jumptrading.com/hr/job?gh_jid=8052281,greenhouse:jumptrading
Jump Trading,"Campus Quantitative Researcher, PhD (Intern)",quant,,,Chicago; New York,,2026-07-08,2026-07-08,2026-09-01,,1,https://www.jumptrading.com/hr/job?gh_jid=8049938,greenhouse:jumptrading
Jump Trading,Campus Data Engineer (Intern),data,,,Chicago,,2026-07-08,2026-07-08,2026-09-01,,1,https://www.jumptrading.com/hr/job?gh_jid=8002998,greenhouse:jumptrading
Jump Trading,"Campus Quantitative Researcher, UG/MS (Intern)",quant,,,Chicago; New York,,2026-07-08,2026-07-08,2026-09-01,,1,https://www.jumptrading.com/hr/job?gh_jid=7982648,greenhouse:jumptrading
Flow Traders,Quantitative Trading Intern Summer 2027,quant,,,New York,,2026-07-08,2026-07-08,2026-09-01,,1,https://job-boards.greenhouse.io/flowtraders/jobs/8047166,greenhouse:flowtraders
Jane Street,Trading Desk Operations Engineer,quant,Quant,N/A,NYC,Other,2026-07-07,2026-07-07,2026-09-01,,1,https://job-boards.greenhouse.io/janestreet/jobs/8621450002,Simplify
1X,AI Residency Intern,data,AI/ML/Data,Fall 2026,"San Carlos, CA",Other,2026-07-07,2026-07-07,2026-09-01,,1,https://jobs.ashbyhq.com/1x/5b2b4c73-13b5-46ca-8467-8024741a4b57/application,Simplify
Marshall Wace,Technology Intern,swe,Software,Summer 2027,"London, UK",Other,2026-07-07,2026-07-07,2026-09-01,,1,https://job-boards.greenhouse.io/mwinternshipprogram/jobs/8598324002,Simplify
Orennia,Analytics Intern,data,AI/ML/Data,Fall 2026,"Calgary, AB, Canada",Other,2026-07-07,2026-07-07,2026-09-01,,1,https://boards.greenhouse.io/orennia/jobs/5277706008,Simplify
Figure,Special Projects Intern,data,AI/ML/Data,Fall 2026,"San Jose, CA",Other,2026-07-07,2026-07-07,2026-09-14,,1,https://job-boards.greenhouse.io/figureai/jobs/4694889006,Simplify
TikTok,Applied Scientist Intern - Recommendation AI Lab,data,AI/ML/Data,Fall 2026,"San Jose, CA",Other,2026-07-07,2026-07-07,2026-09-01,,1,https://lifeattiktok.com/search/7659527183984019765,Simplify
Jane Street,Software Engineering Intern,swe,Software,N/A,NYC,Other,2026-07-06,2026-07-06,2026-09-01,,1,https://job-boards.greenhouse.io/janestreet/jobs/8419303002,Simplify
Jane Street,Software Engineer,swe,Software,N/A,NYC,Other,2026-07-06,2026-07-06,2026-09-01,,1,https://job-boards.greenhouse.io/janestreet/jobs/8599644002,Simplify
Jane Street,Quantitative Trader,quant,Quant,N/A,NYC,Other,2026-07-06,2026-07-06,2026-09-01,,1,https://job-boards.greenhouse.io/janestreet/jobs/8617344002,Simplify
Jane Street,Quantitative Researcher Intern,quant,Quant,N/A,NYC,Other,2026-07-06,2026-07-06,2026-09-01,,1,https://job-boards.greenhouse.io/janestreet/jobs/8498547002,Simplify
Jane Street,Machine Learning Researcher,data,AI/ML/Data,N/A,NYC,Other,2026-07-06,2026-07-06,2026-09-01,,1,https://job-boards.greenhouse.io/janestreet/jobs/8384490002,Simplify
Jane Street,Machine Learning Engineer,data,AI/ML/Data,N/A,NYC,Other,2026-07-06,2026-07-06,2026-09-01,,1,https://job-boards.greenhouse.io/janestreet/jobs/8611307002,Simplify
IMC,Machine Learning Research Intern - Summer 2027 - Amsterdam,data,,,"Amsterdam, Netherlands",,2026-07-06,2026-07-06,2026-09-01,,1,https://job-boards.eu.greenhouse.io/imc/jobs/4912874101,greenhouse:imc
Citadel Securities,Software Engineer Intern,swe,Software,Fall 2026,"Miami, FL, NYC",Other,2026-07-06,2026-07-06,2026-09-01,,1,https://www.citadelsecurities.com/careers/details/software-engineer-intern-us/,Simplify
Susquehanna International Group (SIG),Trading System Engineer Intern,quant,Quant,Summer 2027,United States,Other,2026-07-06,2026-08-01,2026-09-01,,1,https://careers-sig.icims.com/jobs/11169/job?mobile=true&needsRedirect=false,Simplify
Tower Research Capital,Quantitative Trader Intern,quant,Quant,Summer 2027,"Chicago, IL, NYC",Other,2026-07-05,2026-07-05,2026-09-01,,1,https://www.tower-research.com/open-positions/?gh_jid=8024128,Simplify
Tower Research Capital,Quantitative Developer Intern,quant,Quant,Summer 2027,"Chicago, IL, NYC",Other,2026-07-05,2026-07-05,2026-09-01,,1,https://www.tower-research.com/open-positions/?gh_jid=8044334,Simplify
Tower Research Capital,Quantitative Trader/Researcher Intern - Summer 2027,quant,,,"New York, Chicago",,2026-07-05,2026-07-05,2026-09-02,,1,https://www.tower-research.com/open-positions/?gh_jid=8024128,greenhouse:towerresearchcapital
Tower Research Capital,Quantitative Developer Intern - Summer 2027,quant,,,"New York, Chicago",,2026-07-05,2026-07-05,2026-09-02,,1,https://www.tower-research.com/open-positions/?gh_jid=8044334,greenhouse:towerresearchcapital
CTGT,Software Engineer Intern,swe,Software,Summer 2027,SF,Other,2026-07-04,2026-07-04,2026-09-01,,1,https://jobs.ashbyhq.com/ctgt/f657c2f5-125e-42b6-a68a-646bbea3d155/application,Simplify
Odys Aviation,Robotics & Embedded Systems Intern,data,AI/ML/Data,Fall 2026,"Long Beach, CA",Other,2026-07-04,2026-08-01,2026-09-03,,1,https://jobs.ashbyhq.com/odys-aviation/d15b1f56-d160-403e-8d12-90f531eb490f/application?embed=true,Simplify
Verne Robotics,Engineering Intern,data,AI/ML/Data,Fall 2026,"San Bruno, CA",Other,2026-07-04,2026-07-04,2026-09-01,,1,https://jobs.ashbyhq.com/Verne%20Robotics/bb78cdd4-449b-49f0-bd10-2c62fc85f83b/application,Simplify
Droyd Robotics,Machine Learning Intern,data,AI/ML/Data,Fall 2026,SF,Other,2026-07-04,2026-07-04,2026-09-01,,1,https://jobs.ashbyhq.com/droyd/fd533fd8-65a7-41eb-bdf0-e75f02e739e9/application,Simplify
Droyd Robotics,Software Engineer Intern,swe,Hardware,Fall 2026,SF,Other,2026-07-04,2026-07-04,2026-09-01,,1,https://jobs.ashbyhq.com/droyd/8d46ed05-1b38-4c68-938e-f10b4c7d4694/application,Simplify
GE Aerospace,Embedded Systems Engineer Co-op,swe,Hardware,Spring 2027,"Long Island, New York",Other,2026-07-04,2026-07-21,2026-09-01,,1,https://geaerospace.wd5.myworkdayjobs.com/ge_externalsite/job/Bohemia/Embedded-Systems-Engineer-Co-op--Bohemia--NY----Spring-2027_R5035583-1,Simplify
Motorola,Embedded Software Intern,swe,Hardware,Fall 2026,"Irvine, CA",Other,2026-07-04,2026-09-03,2026-09-03,,1,https://motorolasolutions.wd5.myworkdayjobs.com/Careers/job/Irvine-CA/Intern---Embedded-Software--System--and-Test-Engineer---2026_R62372,Simplify
University of Texas at Austin,Digital Archive Student Assistant - Creative Development,data,AI/ML/Data,N/A,"Austin, TX",Other,2026-07-04,2026-09-03,2026-09-03,,1,https://utaustin.wd1.myworkdayjobs.com/utstudent/job/UT-MAIN-CAMPUS/Digital-Archive-Student-Assistant--Creative-Development_R_00034073,Simplify
Pennsylvania State University,Research Assistant - FAIR Lab,data,AI/ML/Data,N/A,"University Park, State College, PA",Other,2026-07-04,2026-08-02,2026-09-01,,1,https://psu.wd1.myworkdayjobs.com/PSU_Staff/job/Penn-State-University-Park/Research-Assistant-in-FAIR-Lab--Prof-Hadi-Hosseini-_REQ_0000059527-2,Simplify
Tencent,Multimodal Algorithm Researcher Intern - Omni-Modal,data,AI/ML/Data,Fall 2026,"Palo Alto, CA",Other,2026-07-04,2026-08-18,2026-09-01,,1,https://tencent.wd1.myworkdayjobs.com/Tencent_Careers/job/US-California-Palo-Alto/Hunyuan-Multimodal-Algorithm-Researcher-intern-Omni-Modal---_R106650,Simplify
Bot Auto,Deep Learning Engineer Intern,data,AI/ML/Data,Fall 2026,"Houston, TX",Other,2026-07-02,2026-07-02,2026-09-01,,1,https://job-boards.greenhouse.io/botauto/jobs/5289440008,Simplify
Magna,Robotics AI Algorithm Intern - Research and Development,data,AI/ML/Data,N/A,"Troy, MI",Other,2026-07-02,2026-09-02,2026-09-03,,1,https://wd3.myworkdaysite.com/recruiting/magna/Magna/job/Troy-Michigan-US/Robotics-AI-Algorithm--R-D-Summer-2026_R00232837,Simplify
IMC Trading,Software Engineer Intern,swe,Software,Summer 2027,"Chicago, IL",Other,2026-07-01,2026-07-01,2026-09-03,,1,https://job-boards.eu.greenhouse.io/imc/jobs/4823924101,Simplify
IMC Trading,Quantitative Trader Intern,quant,Quant,Summer 2027,"Chicago, IL",Other,2026-07-01,2026-07-01,2026-09-01,,1,https://job-boards.eu.greenhouse.io/imc/jobs/4823923101,Simplify
IMC Trading,Quantitative Research Intern,quant,Quant,Summer 2027,"Chicago, IL",Other,2026-07-01,2026-07-01,2026-09-01,,1,https://job-boards.eu.greenhouse.io/imc/jobs/4907400101,Simplify
IMC Trading,Machine Learning Research Intern,data,AI/ML/Data,Summer 2027,"Chicago, IL",Other,2026-07-01,2026-07-01,2026-09-01,,1,https://job-boards.eu.greenhouse.io/imc/jobs/4907430101,Simplify
Tesla,Machine Learning Intern - AI Engineer - Tesla AI,data,AI/ML/Data,Fall 2026,"Palo Alto, CA",Other,2026-07-01,2026-07-01,2026-09-01,,1,https://www.tesla.com/careers/search/job/275331,Simplify
Optiver,Software Engineer Intern,swe,Software,Summer 2027,"Chicago, IL",Other,2026-07-01,2026-07-01,2026-09-01,,1,https://www.optiver.com/join-us/jobs/8604760002/?gh_jid=8604760002,Simplify
Optiver,Quantitative Research Intern,quant,Quant,Summer 2027,"Chicago, IL",Other,2026-07-01,2026-07-01,2026-09-01,,1,https://www.optiver.com/join-us/jobs/8451781002/?gh_jid=8451781002,Simplify
Optiver,Quantitative Intern,quant,Quant,Summer 2027,"Austin, TX, Chicago, IL",Other,2026-07-01,2026-07-01,2026-09-01,,1,https://www.optiver.com/join-us/jobs/8402215002/?gh_jid=8402215002,Simplify
Human Computer Lab,Controls Engineer Intern,data,AI/ML/Data,Fall 2026,"Toronto, ON, Canada, SF",Other,2026-07-01,2026-08-01,2026-09-03,,1,https://jobs.ashbyhq.com/human-computer-lab/3ceb956a-f231-4238-bb2e-365515b930a7/application?embed=true,Simplify
Human Computer Lab,Software/ML Engineering Intern,swe,AI/ML/Data,Fall 2026,"Toronto, ON, Canada, SF",Other,2026-07-01,2026-07-01,2026-09-01,,1,https://jobs.ashbyhq.com/human-computer-lab/7d13ae27-1f02-4d9b-8d39-e3d9d67df705/application,Simplify
Seven Research,Quantitative Researcher Intern,quant,Quant,Fall 2026,NYC,Other,2026-07-01,2026-07-01,2026-09-01,,1,https://job-boards.greenhouse.io/sevenresearch/jobs/4894946008,Simplify
Seven Research,Deep Learning Researcher Intern,data,AI/ML/Data,Fall 2026,NYC,Other,2026-07-01,2026-07-01,2026-09-01,,1,https://job-boards.greenhouse.io/sevenresearch/jobs/4895007008,Simplify
Seven Research,Core Developer Intern,swe,Software,Fall 2026,NYC,Other,2026-07-01,2026-07-01,2026-09-01,,1,https://job-boards.greenhouse.io/sevenresearch/jobs/4895047008,Simplify
Seven Research,Algorithmic Developer Intern,quant,Quant,Fall 2026,NYC,Other,2026-07-01,2026-07-01,2026-09-01,,1,https://job-boards.greenhouse.io/sevenresearch/jobs/4895082008,Simplify
Palantir,"Forward Deployed Software Engineer, Internship - Intel",swe,,,"Washington, D.C.",,2026-07-01,2026-07-01,2026-09-01,,1,https://jobs.lever.co/palantir/9e40d77f-b07c-437b-98e7-def9b0184d89,lever:palantir
IMC,Quantitative Research Intern (PhD) - Summer 2027,quant,,,"Chicago, United States",,2026-07-01,2026-07-01,2026-09-01,,1,https://job-boards.eu.greenhouse.io/imc/jobs/4907400101,greenhouse:imc
IMC,Quantitative Research Intern (BS/MS) - Summer 2027,quant,,,"Chicago, United States",,2026-07-01,2026-07-01,2026-09-01,,1,https://job-boards.eu.greenhouse.io/imc/jobs/4907399101,greenhouse:imc
IMC,Machine Learning Research Intern - Summer 2027 - Chicago,data,,,"Chicago, United States",,2026-07-01,2026-07-01,2026-09-01,,1,https://job-boards.eu.greenhouse.io/imc/jobs/4907430101,greenhouse:imc
IMC,Software Engineer Intern - Summer 2027,swe,,,"Chicago, United States",,2026-07-01,2026-07-01,2026-09-01,,1,https://job-boards.eu.greenhouse.io/imc/jobs/4823924101,greenhouse:imc
IMC,Quantitative Trader Intern - Summer 2027,quant,,,"Chicago, United States",,2026-07-01,2026-07-01,2026-09-01,,1,https://job-boards.eu.greenhouse.io/imc/jobs/4823923101,greenhouse:imc
Celonis,Intern AI & Management Consulting (Value Engineering),data,,,"Paris, France",,2026-07-01,2026-07-01,2026-09-02,,1,https://job-boards.greenhouse.io/celonis/jobs/7767090003?gh_jid=7767090003,greenhouse:celonis
Enterprise Holdings,Management Trainee Intern,swe,Software,Fall 2026,"Tomball, TX",Other,2026-07-01,2026-09-03,2026-09-03,,1,https://us-erac.icims.com/jobs/553479/job?mobile=true&needsRedirect=false,Simplify
Tesla,RL Engineer Intern - RL Engineer - Tesla AI,data,AI/ML/Data,Fall 2026,"Palo Alto, CA",Other,2026-07-01,2026-07-01,2026-09-01,,1,https://www.tesla.com/careers/search/job/275494,Simplify
Palantir,Forward Deployed Software Engineer Intern - Commercial,swe,Software,Summer 2027,"Chicago, IL",Other,2026-06-30,2026-06-30,2026-09-01,,1,https://jobs.lever.co/palantir/d5486403-c050-4920-b2e0-91b69b61ebb2/apply,Simplify
Susquehanna International Group (SIG),Quantitative Systematic Trading Intern - PhD,quant,Quant,Summer 2027,"Philadelphia, PA, NYC",Other,2026-06-29,2026-06-29,2026-09-01,,1,https://careers-sig.icims.com/jobs/10822/job?mobile=true&needsRedirect=false,Simplify
Texas A&M International University,Information Technology Intern,data,AI/ML/Data,Fall 2026,"Laredo, TX",Other,2026-06-27,2026-09-04,2026-09-04,,1,https://tamus.wd1.myworkdayjobs.com/TAMIU_Student_Employment/job/Laredo-TX/Intern--Information-Technology--OIT-SIS-_R-093087,Simplify
Applied Intuition,Research Intern - World-Action Foundation Model - Robotics,data,AI/ML/Data,Fall 2026,"Sunnyvale, CA",Other,2026-06-27,2026-08-26,2026-09-03,,1,https://jobs.ashbyhq.com/applied/edc2528d-6e6c-4a67-b871-bfe7d9c890b4/application?embed=true,Simplify
Applied Intuition,Research Intern - Reinforcement Learning - Robotics,data,AI/ML/Data,Fall 2026,"Sunnyvale, CA",Other,2026-06-27,2026-08-26,2026-09-03,,1,https://jobs.ashbyhq.com/applied/bb953f29-0059-4a40-aa9e-3a8c88733902/application?embed=true,Simplify
Virtu Financial,Quantitative Research Intern - Quant Research - Undergrad,quant,Quant,Summer 2027,NYC,Other,2026-06-26,2026-06-26,2026-09-01,,1,https://job-boards.greenhouse.io/virtu/jobs/8142539002,Simplify
Susquehanna International Group (SIG),Analytics Intern,data,AI/ML/Data,Fall 2026,"Richmond, VA",Other,2026-06-25,2026-06-25,2026-09-01,,1,https://careers-sig.icims.com/jobs/11099/job?mobile=true&needsRedirect=false,Simplify
Palantir,"Year at Palantir - Forward Deployed Software Engineer, Internship - Commercial",swe,,,"Chicago, IL",,2026-06-24,2026-06-24,2026-09-01,,1,https://jobs.lever.co/palantir/75cc1c09-8ebd-44c8-b3bc-d122cd1fecb3,lever:palantir
Delta Air Lines,"Intern, Innovation - AI Engineering",data,"Data Science, AI & Machine Learning",Fall 2026,"Atlanta, GA",Does Not Offer Sponsorship,2026-06-24,2026-06-24,2026-09-01,,1,https://delta.avature.net/en_US/careers/JobDetail?jobId=32774,DereC4
Markem-Imaje,Software Engineer Intern,swe,Software Engineering,Fall 2026,"Keene, NH",Other,2026-06-24,2026-06-24,2026-09-01,,1,https://careers.dovercorporation.com/job/Keene-Software-Engineer-Intern-NH-03431/1404722033,DereC4
HARMAN,Intern – Software Engineering,swe,Software Engineering,Fall 2026,"Sunnyvale, CA",Does Not Offer Sponsorship,2026-06-24,2026-06-24,2026-09-01,,1,https://jobsearch.harman.com/en_US/careers/JobDetail/Intern-Software-Engineering/31931,DereC4
VetsEZ,Full Stack Developer Intern,swe,Software Engineering,Fall 2026,Remote in US,Other,2026-06-24,2026-06-24,2026-09-01,,1,https://vetsez.breezy.hr/p/a4010fdb3a7001-full-stack-developer-intern-remote-opportunity,DereC4
Mindsmith,Software Engineering Intern,swe,Software Engineering,Fall 2026,"Lehi, UT",Other,2026-06-24,2026-06-24,2026-09-01,,1,https://app.dover.com/apply/mindsmith/e0ca8149-6811-4de9-ba38-65a0244a2b7e,DereC4
Sandhills Global,Software Development Intern,swe,Software Engineering,Fall 2026,"Scottsdale, AZ",Other,2026-06-24,2026-06-24,2026-09-01,,1,https://www.sandhills.com/careers-and-internships/details/careers/sandhills/1196/software-development-intern,DereC4
Rivian and Volkswagen Group Technologies,Software Engineering Intern - Vehicle Controls,swe,Software Engineering,Fall 2026,"Irvine, CA, Palo Alto, CA",Other,2026-06-24,2026-06-24,2026-09-01,,1,https://jobs.ashbyhq.com/rivianvw.tech/89feb2fe-c28c-4dad-846f-09594632ba55,DereC4
Netflix,AI/ML Scientist Intern - AIMS AI Foundations,data,AI/ML/Data,Fall 2026,"Los Gatos, CA",Other,2026-06-23,2026-06-30,2026-09-01,,1,https://explore.jobs.netflix.net/careers/job/790316547536,Simplify
SimonComputing,Software Development Internship,swe,Software Engineering,Summer 2027,"Alexandria, VA",Other,2026-06-23,2026-06-23,2026-09-01,,1,https://simoncomputing.applicantpro.com/jobs/4115690,DereC4
Muru,Full-Stack Software Engineer Intern,swe,Software Engineering,Fall 2026,"New York, NY",Does Not Offer Sponsorship,2026-06-23,2026-06-23,2026-09-01,,1,https://www.murumed.com/job-listings/web-software-engineer-intern,DereC4
Muru,Mobile Software Engineer Intern,swe,Software Engineering,Fall 2026,"New York, NY",Does Not Offer Sponsorship,2026-06-23,2026-06-23,2026-09-01,,1,https://www.murumed.com/job-listings/software-engineer-intern,DereC4
Cloudflare,Full Stack Engineer - Internal Audit,swe,,,Hybrid,,2026-06-21,2026-06-21,2026-09-01,,1,https://boards.greenhouse.io/cloudflare/jobs/8014902?gh_jid=8014902,greenhouse:cloudflare
Pennsylvania State University,Undergraduate Researcher - Narayanan Group,data,AI/ML/Data,N/A,"University Park, State College, PA",Other,2026-06-20,2026-08-01,2026-09-01,,1,https://psu.wd1.myworkdayjobs.com/PSU_Staff/job/Penn-State-University-Park/Part-Time-Undergraduate-Researcher-Narayanan-Group_REQ_0000056170-1,Simplify
Pennsylvania State University,Computer Science Researcher,data,AI/ML/Data,N/A,"University Park, State College, PA",Other,2026-06-20,2026-08-01,2026-09-01,,1,https://psu.wd1.myworkdayjobs.com/PSU_Staff/job/Penn-State-University-Park/CSE-Part-Time-Researcher--Rui-Zhang_REQ_0000055929,Simplify
Tencent,Natural Language Processing Intern,data,AI/ML/Data,Fall 2026,"London, UK",Other,2026-06-20,2026-09-04,2026-09-16,,1,https://tencent.wd1.myworkdayjobs.com/Tencent_Careers/job/United-Kingdom-London/NLP-Research-Intern_R106758-1,Simplify
Textron,Stage automne 2026 – Technologie de l'information / 2026 fall Internship - Information Technology - Mirabel - Qc,swe,Software,Fall 2026,"Mirabel, QC, Canada",Other,2026-06-18,2026-09-04,2026-09-04,,1,https://textron.taleo.net/careersection/textron/jobdetail.ftl?job=343165,Simplify
Zoox,Software Engineer,swe,Software,N/A,"San Mateo, CA",Other,2026-06-17,2026-06-17,2026-09-01,,1,https://jobs.lever.co/zoox/5f10dfaf-5920-4506-8a09-b39b29e6f48b/apply,Simplify
Viking Global,Execution Research Fellow,quant,Quant,N/A,NYC,Other,2026-06-16,2026-06-16,2026-09-01,,1,https://job-boards.greenhouse.io/vikingglobalinvestors/jobs/6005845004,Simplify
SoloPulse,Software Engineer Intern/Co-op,swe,Software,Fall 2026,"Norcross, GA",Other,2026-06-16,2026-06-16,2026-09-01,,1,https://jobs.lever.co/solopulseco/00fbde18-a387-4c9f-97d4-77059aec7b56/apply,Simplify
SDSU Research Foundation,Undergraduate Student - Port Contamination Project,data,AI/ML/Data,N/A,"San Diego, CA",Other,2026-06-16,2026-06-16,2026-09-01,,1,https://careers-sdsurf.icims.com/jobs/20513/job?mobile=true&needsRedirect=false,Simplify
TikTok,Applied Scientist Intern - Multiple Teams,data,AI/ML/Data,Summer 2027,"Seattle, WA",Other,2026-06-15,2026-09-03,2026-09-03,,1,https://lifeattiktok.com/search/7633668456744503557,Simplify
TikTok,Frontend Engineer Project Intern - Tiktok Multimedia Arch - 2026 - BS/MS,swe,Software,Fall 2026,"San Jose, CA",Other,2026-06-15,2026-09-04,2026-09-13,,1,https://lifeattiktok.com/search/7595733632086591797,Simplify
TikTok,Applied Scientist Intern - Monetization Technology - Global Frontier Tech Recruitment Program,data,AI/ML/Data,Fall 2026,"San Jose, CA",Other,2026-06-15,2026-09-03,2026-09-03,,1,https://lifeattiktok.com/search/7629248119245261061,Simplify
Pennsylvania State University,Undergraduate Research Assistant - Phone Survey,data,AI/ML/Data,N/A,"University Park, State College, PA",Other,2026-06-13,2026-09-03,2026-09-03,,1,https://psu.wd1.myworkdayjobs.com/PSU_Staff/job/Penn-State-University-Park/Marketing-Dept-Undergraduate-Research-Assistant---Phone-Survey_REQ_0000065665-1,Simplify
Pennsylvania State University,Guidance and Control Research & Development Intern,data,AI/ML/Data,Summer 2027,"State College, PA",Other,2026-06-13,2026-09-03,2026-09-03,,1,https://psu.wd1.myworkdayjobs.com/PSU_Staff/job/Penn-State-University-Park/Guidance-and-Control-Research---Development-Internship_REQ_0000071517-1,Simplify
Pennsylvania State University,Uncrewed Systems Intern,data,AI/ML/Data,Fall 2026,"University Park, State College, PA",Other,2026-06-13,2026-09-03,2026-09-03,,1,https://psu.wd1.myworkdayjobs.com/PSU_Staff/job/Penn-State-University-Park/Uncrewed-Systems-Intern_REQ_0000076298-1,Simplify
Nidec,Aerospace Intern New Grad,swe,Software,Fall 2026,"Atlanta, GA",Other,2026-06-13,2026-09-03,2026-09-03,,1,https://nidec.wd1.myworkdayjobs.com/nidec/job/Atlanta-GA/Nidec-Aerospace-Internship-Opportunities_R0010414,Simplify
Mercer University,International Student Position,swe,Software,N/A,"Macon, GA",Other,2026-06-13,2026-09-03,2026-09-03,,1,https://merceruniversity.wd1.myworkdayjobs.com/student/job/Macon-Campus/McDuffie-Center-International-Student-Position_JR102963-1,Simplify
Anduril,Software Engineer Intern,swe,Software,Summer 2027,"Boston, MA, Seattle, WA, Newport Beach, CA, Irvine, CA, Reston, VA, Atlanta, GA",Other,2026-06-11,2026-06-11,2026-09-03,,1,https://boards.greenhouse.io/andurilindustries/jobs/5148079007,Simplify
Walleye Capital,Quantitative Developer Intern,quant,Quant,Summer 2027,"Boston, MA",Other,2026-06-10,2026-06-10,2026-09-01,,1,https://job-boards.greenhouse.io/walleyecapital-external-students/jobs/4679168006,Simplify
Walleye Capital,PhD Quantitative Researcher Intern,quant,Quant,Summer 2027,"Boston, MA",Other,2026-06-10,2026-06-10,2026-09-01,,1,https://job-boards.greenhouse.io/walleyecapital-external-students/jobs/4679184006,Simplify
Walleye Capital,Equity Volatility Quant Researcher Intern,quant,Quant,Summer 2027,"Miami, FL",Other,2026-06-10,2026-06-10,2026-09-22,,1,https://job-boards.greenhouse.io/walleyecapital-external-students/jobs/4676334006,Simplify
Zoox,Student Worker Automation & Behavioral Science Engineer,data,AI/ML/Data,N/A,"San Mateo, CA",Other,2026-06-09,2026-06-09,2026-09-01,,1,https://jobs.lever.co/zoox/ba1f2937-abf0-4bde-86e9-e302202a6b0e/apply,Simplify
Tesla,Physics Engine Development Intern - Physics Engine Development Engineer - Optimus,swe,Software,Fall 2026,"Palo Alto, CA",Other,2026-06-07,2026-06-07,2026-09-01,,1,https://www.tesla.com/careers/search/job/257048,Simplify
Rippling,Machine Learning Software Engineer Intern,swe,AI/ML/Data,Winter 2027,SF,Other,2026-06-05,2026-06-05,2026-09-01,,1,https://ats.rippling.com/rippling/jobs/82c13e8f-ae96-4c60-a872-c0ddf9eb0781,Simplify
Susquehanna International Group (SIG),Electricity + Natural Gas Analyst Intern,data,AI/ML/Data,Summer 2027,"Ardmore, PA",Other,2026-06-04,2026-06-04,2026-09-01,,1,https://careers-sig.icims.com/jobs/10945/job?mobile=true&needsRedirect=false,Simplify
Philips,Data Management Co-op,data,AI/ML/Data,Fall 2026,"Cleveland, OH",Other,2026-06-03,2026-06-03,2026-09-14,,1,https://philips.wd3.myworkdayjobs.com/jobs-and-careers/job/Orange-OH-Ohio-United-States/Data-Management-Co-op_584478,Simplify
Medpace,Feasibility Informatics Internship/Co-op,data,AI/ML/Data,Spring 2027,"Cincinnati, OH",Other,2026-06-03,2026-06-03,2026-09-03,,1,https://careers.medpace.com/jobs/12803?lang=en-us&icims=1,Simplify
Reddit,Senior Software Engineer - Full Stack Internal Tooling (Build and Deployment Platform),swe,,,Remote - United States,,2026-06-02,2026-06-02,2026-09-01,,1,https://job-boards.greenhouse.io/reddit/jobs/7976852,greenhouse:reddit
TransMarket Group,Quantitative Trader Intern,quant,Quant,Summer 2027,"Chicago, IL",Other,2026-06-02,2026-06-02,2026-09-01,,1,https://job-boards.greenhouse.io/transmarketgroup/jobs/5151569007?gh_jid=5151569007,Simplify
Palantir,"Forward Deployed Software Engineer, Internship - AUS Government",swe,,,"Sydney, Australia",,2026-05-29,2026-05-29,2026-09-01,,1,https://jobs.lever.co/palantir/395a4483-fc3d-4b77-a500-501923fd0976,lever:palantir
pony.ai,Research Intern - Deep Learning,data,AI/ML/Data,Fall 2026,"Fremont, CA",Other,2026-05-29,2026-06-24,2026-09-01,,1,https://apply.workable.com/pony-dot-ai/j/4C1F53EF5D/apply,Simplify
Apogee Engineering,Systems Engineer Apprentice,swe,Software,Fall 2026,"Wright-Patterson AFB, OH",Other,2026-05-28,2026-09-03,2026-09-03,,1,https://careers-apogeeusa.icims.com/jobs/1438/job?mobile=true&needsRedirect=false,Simplify
Apogee Engineering,Technical Intelligence Analyst Apprentice,data,AI/ML/Data,Fall 2026,"Wright-Patterson AFB, OH",Other,2026-05-28,2026-09-03,2026-09-18,,1,https://careers-apogeeusa.icims.com/jobs/1443/job?mobile=true&needsRedirect=false,Simplify
Star Dental Partners,Imaging Tech Student,swe,Software,N/A,"Guntersville, AL",Other,2026-05-28,2026-09-03,2026-09-03,,1,https://careers-hhsys.icims.com/jobs/71368/job?mobile=true&needsRedirect=false,Simplify
AQR Capital Management,Research and Portfolio Management Engineering Summer Analyst Intern,quant,Quant,Summer 2027,"Greenwich, CT",Other,2026-05-26,2026-09-04,2026-09-04,,1,https://careers.aqr.com/jobs?gh_jid=7957728&gh_jid=7957728,Simplify
Schonfeld ,2026 BSc/MSc/PhD Quantitative Research/Strat Internship,quant,,,"São Paulo, Brazil",,2026-05-21,2026-05-21,2026-09-01,,1,https://job-boards.greenhouse.io/schonfeld/jobs/7950797,greenhouse:schonfeld
Oracle,AI Agent Intern - Logistics Focus,swe,Software,Fall 2026,"Austin, TX",Other,2026-05-21,2026-09-04,2026-09-04,,1,https://eeho.fa.us2.oraclecloud.com/hcmUI/CandidateExperience/en/sites/CX_45001/job/334345,Simplify
Oracle,Data Strategy Intern,data,AI/ML/Data,Fall 2026,"Seattle, WA, Santa Monica, CA, San Carlos, CA, Santa Clara, CA, Rocklin, CA",Other,2026-05-21,2026-09-04,2026-09-04,,1,https://eeho.fa.us2.oraclecloud.com/hcmUI/CandidateExperience/en/sites/CX_45001/job/334396,Simplify
Engineers Gate,Quantitative Research Intern,quant,,,Hong Kong,,2026-05-20,2026-05-20,2026-09-01,,1,https://job-boards.greenhouse.io/engineersgate/jobs/7946542,greenhouse:engineersgate
Fussball Club Cincinnati LLC (“FC Cincinnati”),Academy Performance Analyst Intern - Academy Performance Analysis,data,AI/ML/Data,Winter 2027,"Cincinnati, OH",Other,2026-05-20,2026-05-27,2026-09-01,,1,https://job-boards.greenhouse.io/fccincinnati/jobs/7741524003,Simplify
Etched,Chip Simulation Software Intern,swe,,,San Jose,,2026-05-19,2026-05-19,2026-09-02,,1,https://jobs.ashbyhq.com/etched/27e5bd6b-9357-45f0-9e79-cfa2bf4eeba8,ashby:etched
Nuclear Promise X,Software Developer Intern - Digital Transformation,swe,Software,Fall 2026,Canada,Other,2026-05-19,2026-05-19,2026-09-18,,1,https://jobs.ashbyhq.com/NPX/048ca8da-bfb9-4454-8147-ac9497629634/application,Simplify
Marmon Holdings,Data Engineering Intern Co-op,data,AI/ML/Data,Summer 2027,"Milwaukee, WI",Other,2026-05-16,2026-05-16,2026-09-01,,1,https://marmon.wd501.myworkdayjobs.com/Marmon_Careers/job/Milwaukee-WI/Data-Engineering-Intern-OR-Student-Co-Op_JR0000037453-1,Simplify
Carrier Global,Engineering Apprentice,swe,Software,Fall 2026,"London, UK, Bristol, UK, Livingston, UK, Belfast, UK, Stoke-on-Trent, UK, Sheffield, UK, Tottenham, London, UK, Glasgow, UK, Manchester, UK",Other,2026-05-16,2026-09-03,2026-09-03,,1,https://carrier.wd5.myworkdayjobs.com/jobs/job/UK-Field-Based-Field-Based-United-Kingdom/Engineering-Apprenticeship_30190431,Simplify
Ardian,Data Scientist Intern,data,AI/ML/Data,Fall 2026,NYC,Other,2026-05-16,2026-07-21,2026-09-01,,1,https://ardian.wd103.myworkdayjobs.com/ArdianCareers/job/New-York/Data-Scientist-Intern_JR1001434,Simplify
AQR Capital Management,Research Summer Analyst Intern,quant,Quant,Summer 2027,"Greenwich, CT",Other,2026-05-15,2026-09-04,2026-09-04,,1,https://careers.aqr.com/jobs?gh_jid=7895583&gh_jid=7895583,Simplify
AQR Capital Management,Portfolio Implementation – Trading and Portfolio Finance Analyst Intern,quant,Quant,Summer 2027,"Greenwich, CT",Other,2026-05-15,2026-05-26,2026-09-04,,1,https://careers.aqr.com/jobs?gh_jid=7895562&gh_jid=7895562,Simplify
AQR Capital Management,Engineering Summer Analyst Intern,swe,Software,Summer 2027,"Greenwich, CT",Other,2026-05-15,2026-09-04,2026-09-04,,1,https://careers.aqr.com/jobs?gh_jid=7926647&gh_jid=7926647,Simplify
"Medpace, Inc.",AI Engineer Intern,data,AI/ML/Data,Fall 2026,"Cincinnati, OH",Other,2026-05-14,2026-05-14,2026-09-01,,1,https://careers.medpace.com/jobs/12729?lang=en-us&icims=1,Simplify
Cohere,Machine Learning Intern/Co-op,data,AI/ML/Data,Fall 2026,"Canada, United Kingdom, United States",Other,2026-05-13,2026-05-13,2026-09-01,,1,https://jobs.ashbyhq.com/cohere/36d1f52f-8270-4652-adf5-5303a0ff341b/application,Simplify
Cohere,Machine Learning Intern/Co-op  (Winter 2027),data,,,Canada,,2026-05-13,2026-05-13,2026-09-01,,1,https://jobs.ashbyhq.com/cohere/36d1f52f-8270-4652-adf5-5303a0ff341b,ashby:cohere
Acceldata,Field Engineering Co-op,swe,Software,Fall 2026,"Kitchener, ON, Canada",Other,2026-05-09,2026-09-03,2026-09-03,,1,https://jobs.lever.co/acceldata/d69a1a62-284c-47d1-b74f-ea02dffad32f/apply,Simplify
Squarepoint Capital,Software Developer Intern,swe,Software,Fall 2026,"Montreal, QC, Canada",Other,2026-05-07,2026-05-07,2026-09-01,,1,https://boards.greenhouse.io/embed/job_app?token=7905463,Simplify
Salesforce,Software Engineer Intern,swe,Software,Summer 2027,"Palo Alto, CA, Seattle, WA, Indianapolis, IN, SF, NYC, Bellevue, WA, Atlanta, GA, Burlington, MA",Other,2026-05-07,2026-05-07,2026-09-01,,1,https://salesforce.wd12.myworkdayjobs.com/Futureforce_Internships/job/California---San-Francisco/Summer-2027-Intern---Software-Engineer_JR340771,Simplify
Squarepoint Capital,Intern Software Developer - Montreal - 2027,swe,,,Montreal,,2026-05-07,2026-05-07,2026-09-02,,1,https://www.squarepoint-capital.com/open-opportunities?id=7905463&gh_jid=7905463,greenhouse:squarepointcapital
IMC,Software Engineer Intern,swe,,,"Amsterdam, Netherlands",,2026-05-07,2026-05-07,2026-09-01,,1,https://job-boards.eu.greenhouse.io/imc/jobs/4667854101,greenhouse:imc
Palantir,"Forward Deployed Software Engineer, Internship",swe,,,"Paris, France",,2026-05-06,2026-05-06,2026-09-01,,1,https://jobs.lever.co/palantir/1b6f1d82-d459-4dea-8bc2-8d2ffe6f881a,lever:palantir
Stripe,"Internal Product Engineer, Developer Productivity AI",swe,,,"Toronto, Canada ",,2026-05-05,2026-05-05,2026-09-01,,1,https://stripe.com/jobs/search?gh_jid=7896151,greenhouse:stripe
DV Trading,Quantitative Trading Intern (DV Equities),quant,,,Hong Kong,,2026-05-04,2026-05-04,2026-09-17,,1,https://job-boards.greenhouse.io/dvtrading/jobs/4691295005,greenhouse:dvtrading
Cohere,Software Engineer Intern,swe,Software,Fall 2026,"Toronto, ON, Canada, SF, NYC",Other,2026-05-01,2026-05-01,2026-09-01,,1,https://jobs.ashbyhq.com/cohere/8c035d3d-081d-4c8a-914a-72f4efaad254/application,Simplify
Cohere,Software Engineer Intern (Winter 2027),swe,,,Canada,,2026-05-01,2026-05-01,2026-09-01,,1,https://jobs.ashbyhq.com/cohere/8c035d3d-081d-4c8a-914a-72f4efaad254,ashby:cohere
TMEIC,"Intern - Applications, AI and Machine Learning",data,"Data Science, AI & Machine Learning",Fall 2026,"Roanoke, VA",Does Not Offer Sponsorship,2026-05-01,2026-05-01,2026-09-01,,1,https://apply.workable.com/tmeic-corporation-americas/j/FD4C9770FF/,AlmondCroffle
Atomic Semi,Infrastructure Software Engineering Intern,swe,Software Engineering,Fall 2026,"San Francisco, CA, Austin, TX",U.S. Citizenship is Required,2026-05-01,2026-05-01,2026-09-01,,1,https://jobs.ashbyhq.com/atomicsemi/867c67f7-20b5-4726-b9da-85a760d3851e,AlmondCroffle
TikTok,Research Scientist Intern - Nextgen LLM,data,AI/ML/Data,Summer 2027,"San Jose, CA",Other,2026-04-29,2026-04-29,2026-09-01,,1,https://lifeattiktok.com/search/7633668061979543813,Simplify
Netflix,Video Algorithms Intern - Video Coding - Gaussian Splatting,data,AI/ML/Data,Fall 2026,"LA, Los Gatos, CA",Other,2026-04-28,2026-04-28,2026-09-01,,1,https://explore.jobs.netflix.net/careers/job/790315673635,Simplify
Susquehanna International Group (SIG),Trading System Engineering Intern,quant,Quant,Summer 2027,"Ardmore, PA",Other,2026-04-23,2026-04-23,2026-09-01,,1,https://careers-sig.icims.com/jobs/10837/job?mobile=true&needsRedirect=false,Simplify
Susquehanna International Group (SIG),Quantitative Strategy Developer Intern,quant,Quant,Summer 2027,"Ardmore, PA",Other,2026-04-23,2026-04-23,2026-09-01,,1,https://careers-sig.icims.com/jobs/10838/job?mobile=true&needsRedirect=false,Simplify
Palantir,"Year at Palantir - Forward Deployed Software Engineer, Internship - USG",swe,,,"Washington, D.C.",,2026-04-23,2026-04-23,2026-09-01,,1,https://jobs.lever.co/palantir/5c4c65c5-77da-4d36-856c-4ade87631019,lever:palantir
ASM International,Software Engineering Intern,swe,Software,Spring 2027,"Phoenix, AZ",Other,2026-04-22,2026-04-22,2026-09-01,,1,https://www.asm.com/open-vacancies/?gh_jid=4830113101,Simplify
TikTok,Applied Scientist Intern - Business Integrity - Global Frontier Tech Recruitment Program,data,AI/ML/Data,Fall 2026,"San Jose, CA",Other,2026-04-22,2026-09-03,2026-09-03,,1,https://lifeattiktok.com/search/7631063087262419205,Simplify
Susquehanna International Group (SIG),Quantitative Systematic Trading Intern,quant,Quant,Summer 2027,"Ardmore, PA",Other,2026-04-21,2026-04-21,2026-09-01,,1,https://careers-sig.icims.com/jobs/10821/job?mobile=true&needsRedirect=false,Simplify
Susquehanna International Group (SIG),Quantitative Research Intern - PhD: Summer 2027,quant,Quant,Summer 2027,"Ardmore, PA",Other,2026-04-21,2026-04-21,2026-09-01,,1,https://careers-sig.icims.com/jobs/10817/job?mobile=true&needsRedirect=false,Simplify
Susquehanna International Group (SIG),Quantitative Systematic Trading Intern - Master's: Summer 2027,quant,Quant,Summer 2027,"Ardmore, PA",Other,2026-04-21,2026-04-21,2026-09-01,,1,https://careers-sig.icims.com/jobs/10823/job?mobile=true&needsRedirect=false,Simplify
Susquehanna International Group (SIG),Quantitative Research Intern,quant,Quant,Summer 2027,"Ardmore, PA",Other,2026-04-21,2026-04-21,2026-09-01,,1,https://careers-sig.icims.com/jobs/10819/job?mobile=true&needsRedirect=false,Simplify
University of Arkansas,Graduate Research Assistant Intern,swe,Software,N/A,"Little Rock, AR",Other,2026-04-18,2026-04-18,2026-09-01,,1,https://uasys.wd5.myworkdayjobs.com/uasys/job/Little-Rock/COSMOS---Graduate-Research-Assistant--Developer-_R0053891,Simplify
TikTok,Research Scientist Intern - TikTok Search / Generative AI - LLM,data,AI/ML/Data,Summer 2027,"San Jose, CA",Other,2026-04-17,2026-04-17,2026-09-01,,1,https://lifeattiktok.com/search/7629250876813642037,Simplify
PsiQuantum,Quantum Algorithms and Compilation Intern,quant,Software,Fall 2026,"Palo Alto, CA, Remote in USA",Other,2026-04-15,2026-08-25,2026-09-03,,1,https://www.psiquantum.com/apply?gh_jid=7695559003,Simplify
ByteDance,Student Researcher - Seed Infra-Compiler - PhD,swe,Software,N/A,"San Jose, CA",Other,2026-04-11,2026-04-11,2026-09-01,,1,https://jobs.bytedance.com/en/position/7626502798363920693/detail,Simplify
Workato,Intern AI Engineering,data,AI/ML/Data,Spring 2027,SF,Other,2026-04-10,2026-04-10,2026-09-01,,1,https://job-boards.greenhouse.io/workato/jobs/8492935002,Simplify
Workato,"Intern, AI Engineering",data,,,"San Francisco, California",,2026-04-10,2026-04-10,2026-09-02,,1,https://www.workato.com/careers?gh_jid=8492935002#open-roles,greenhouse:workato
Anthropic,Anthropic Fellows Program - ML Systems & Performance,data,AI/ML/Data,N/A,"London, UK, SF, Remote in USA, Remote in Canada",Other,2026-04-10,2026-04-10,2026-09-01,,1,https://job-boards.greenhouse.io/anthropic/jobs/5183051008,Simplify
Ramp,"Software Engineering Intern, Backend",swe,,,"New York, NY (HQ)",,2026-04-09,2026-04-09,2026-09-24,,1,https://jobs.ashbyhq.com/ramp/acf6b28d-767f-483f-8ff2-114620cd7e04,ashby:ramp
MongoDB,Staff Product Manager - Internal AI,data,,,Palo Alto,,2026-04-07,2026-04-07,2026-09-01,,1,https://www.mongodb.com/careers/job/?gh_jid=7781724,greenhouse:mongodb
Elastic,"Principal Software Engineer - Query Engine, Database Internals - Elasticsearch",swe,,,United States,,2026-04-07,2026-04-07,2026-09-02,,1,https://jobs.elastic.co/jobs?gh_jid=7784606&gh_jid=7784606,greenhouse:elastic
SharkNinja,Applied AI & Analytics Co-op,data,AI/ML/Data,Fall 2026,"Miami, FL",Other,2026-04-02,2026-04-02,2026-09-15,,1,https://job-boards.greenhouse.io/sharkninjaoperatingllc/jobs/4669676006,Simplify
Aquatic Capital Management,Quantitative Researcher – Intern,quant,Quant,Summer 2027,"London, UK, Chicago, IL",Other,2026-04-01,2026-04-01,2026-09-01,,1,https://job-boards.greenhouse.io/aquaticcapitalmanagement/jobs/8489186002,Simplify
Aquatic Capital Management,Software Engineer Intern,swe,Software,Summer 2027,"London, UK, Chicago, IL",Other,2026-04-01,2026-04-01,2026-09-01,,1,https://job-boards.greenhouse.io/aquaticcapitalmanagement/jobs/8489233002,Simplify
Aquatic Capital Management,"Software Engineer, Intern (Summer 2027)",swe,,,Chicago,,2026-04-01,2026-04-01,2026-09-02,,1,https://job-boards.greenhouse.io/aquaticcapitalmanagement/jobs/8489233002,greenhouse:aquaticcapitalmanagement
Aquatic Capital Management,"Quantitative Researcher, Intern (Summer 2027)",quant,,,Chicago; London,,2026-04-01,2026-04-01,2026-09-02,,1,https://job-boards.greenhouse.io/aquaticcapitalmanagement/jobs/8489186002,greenhouse:aquaticcapitalmanagement
ByteDance,Student Researcher - Multimodal Interaction and World Model,data,AI/ML/Data,N/A,"San Jose, CA",Other,2026-04-01,2026-04-01,2026-09-01,,1,https://jobs.bytedance.com/en/position/7623547506849679621/detail,Simplify
ByteDance,Student Researcher - AI Foundation Model Infrastructure,swe,Software,N/A,"Seattle, WA",Other,2026-04-01,2026-04-01,2026-09-01,,1,https://jobs.bytedance.com/en/position/7623552847531493685/detail,Simplify
ByteDance,Student Researcher - Large Language Model,data,AI/ML/Data,N/A,"San Jose, CA",Other,2026-04-01,2026-04-01,2026-09-25,,1,https://jobs.bytedance.com/en/position/7623541709721307445/detail,Simplify
ByteDance,Student Researcher - Vision Foundation Model,data,AI/ML/Data,N/A,"San Jose, CA",Other,2026-04-01,2026-04-01,2026-09-01,,1,https://jobs.bytedance.com/en/position/7623543230203939077/detail,Simplify
ByteDance,Student Researcher - Speech Foundation Model,data,AI/ML/Data,N/A,"San Jose, CA",Other,2026-04-01,2026-04-01,2026-09-01,,1,https://jobs.bytedance.com/en/position/7623551375612627253/detail,Simplify
ByteDance,Student Researcher,data,AI/ML/Data,N/A,"San Jose, CA",Other,2026-04-01,2026-04-01,2026-09-01,,1,https://jobs.bytedance.com/en/position/7623548747208739077/detail,Simplify
ByteDance,Student Researcher - Large Language Model - Seed,data,AI/ML/Data,N/A,"San Jose, CA",Other,2026-04-01,2026-04-01,2026-09-01,,1,https://jobs.bytedance.com/en/position/7623539152655632693/detail,Simplify
10a Labs,Engineering Fellow,swe,Software,N/A,SF,Other,2026-03-27,2026-03-28,2026-09-01,,1,https://job-boards.greenhouse.io/10alabs/jobs/4203095009,Simplify
Ellipsis Labs,Software Engineer,swe,Software,Summer 2027,NYC,Other,2026-03-26,2026-03-26,2026-09-01,,1,https://jobs.ashbyhq.com/ellipsislabs/02136b22-35b1-4b3d-8bef-567c3380a849/application,Simplify
Uncountable,Full-Stack Intern,swe,Software,Fall 2026,"London, UK, SF, NYC, Munich, Germany",Other,2026-03-25,2026-03-25,2026-09-01,,1,https://jobs.ashbyhq.com/uncountable/b9495eab-c04c-4333-b338-7dabdbddcaae/application,Simplify
Intropic,Quantrepreneur - Engineering,quant,Software,N/A,"London, UK",Other,2026-03-23,2026-03-23,2026-09-01,,1,https://jobs.lever.co/intropic/1427876a-fb80-4ee1-96da-79cac32a7803/apply,Simplify
Palantir,"Year at Palantir - Software Engineer, Internship",swe,,,"New York, NY",,2026-03-20,2026-03-20,2026-09-01,,1,https://jobs.lever.co/palantir/655f9937-a4ce-4e7d-80e2-a6659af07329,lever:palantir
University of Texas at Austin,Undergraduate Research Assistant Programmer,swe,Software,N/A,"Austin, TX",Other,2026-03-17,2026-03-17,2026-09-01,,1,https://utaustin.wd1.myworkdayjobs.com/utstudent/job/UT-MAIN-CAMPUS/Undergraduate-Research-Assistant--Programmer--open-to-work-study-and-non-work-study-_R_00040531,Simplify
University of Texas at Austin,Undergraduate Research Assistant,swe,Software,N/A,"Austin, TX",Other,2026-03-17,2026-03-17,2026-09-01,,1,https://utaustin.wd1.myworkdayjobs.com/utstudent/job/AUSTIN-TX/Undergraduate-Research-Assistant_R_00044725,Simplify
Elastic,"Senior Software Engineer - Query Engine, Database Internals - Elasticsearch",swe,,,United States,,2026-03-17,2026-03-17,2026-09-02,,1,https://jobs.elastic.co/jobs?gh_jid=7723819&gh_jid=7723819,greenhouse:elastic
Palantir,Forward Deployed Software Engineer Intern,swe,Software,Fall 2026,NYC,Other,2026-03-10,2026-03-10,2026-09-01,,1,https://jobs.lever.co/palantir/ac0dc094-2480-43c2-8495-26ade227ff4f/apply,Simplify
Palantir,"Forward Deployed Software Engineer, Internship - France",swe,,,"New York, NY",,2026-03-10,2026-03-10,2026-09-01,,1,https://jobs.lever.co/palantir/ac0dc094-2480-43c2-8495-26ade227ff4f,lever:palantir
Hermeus,Flight Software Engineering Intern,swe,Hardware Engineering,Fall 2026,"Atlanta, GA",U.S. Citizenship is Required,2026-03-06,2026-03-06,2026-09-01,,1,https://jobs.lever.co/hermeus/51378fa0-0327-45fd-9420-b6e7d8b56440,AlmondCroffle
Meta,Research Scientist Intern - AI Alignment,data,AI/ML/Data,Fall 2026,"Boston, MA, Seattle, WA, SF, Menlo Park, CA, NYC, Bellevue, WA",Other,2026-03-05,2026-03-05,2026-09-01,,1,https://www.metacareers.com/jobs/1782902493113620,Simplify
Vaxcyte,AI Implementation Consultant - Legal,swe,Software,N/A,"San Carlos, CA",Other,2026-03-05,2026-09-04,2026-09-04,,1,https://boards.greenhouse.io/vaxcyte/jobs/5017289008,Simplify
Ernst & Young,Intern/Co-op - Assurance Technology Risk - Gestion des risques technologiques,swe,Software,Fall 2026,"Edmonton, AB, Canada",Other,2026-03-05,2026-09-03,2026-09-03,,1,https://eyglobal.yello.co/jobs/Z5l1IcAarbkthLOcBeIpRQ?job_board_id=c1riT--B2O-KySgYWsZO1Q,Simplify
Marmon Holdings,Data Engineering Intern/Co-op,data,AI/ML/Data,Summer 2027,"Milwaukee, WI",Other,2026-03-04,2026-03-04,2026-09-01,,1,https://marmon.wd501.myworkdayjobs.com/Marmon_MSIP_Internships/job/Milwaukee-WI/Data-Engineering-Intern-OR-Student-Co-Op_JR0000037453,Simplify
PennState University,Research and Development Engineering Intern,swe,Software,Fall 2026,"State College, PA",Other,2026-03-03,2026-03-03,2026-09-01,,1,https://psu.wd1.myworkdayjobs.com/PSU_Staff/job/Penn-State-University-Park/Research-and-Development-Engineering-Intern_REQ_0000076214-1,Simplify
GE Aerospace,Engines Engineering Intern/Co-op - Computer or Software Engineering,swe,Hardware,Spring 2027,"Saugus, MA, Sharonville, OH",Other,2026-03-03,2026-03-03,2026-09-04,,1,https://geaerospace.wd5.myworkdayjobs.com/ge_externalsite/job/Evendale/Engines-Engineering-Co-op---Computer-or-Software-Engineering---US---Spring-2027_R5029619,Simplify
TikTok,AI Product Operations Intern,data,AI/ML/Data,Fall 2026,"San Jose, CA",Other,2026-03-02,2026-03-02,2026-09-01,,1,https://lifeattiktok.com/search/7611950589973186821,Simplify
Samsung Research America,Memory and Personalization Intern - Memory and Personalization,data,AI/ML/Data,Fall 2026,"Mountain View, CA",Other,2026-02-27,2026-06-23,2026-09-01,,1,https://job-boards.greenhouse.io/samsungresearchamericainternship/jobs/8438402002,Simplify
Baseten,Software Engineer - Billing & Internal Tooling,swe,,,San Francisco,,2026-02-27,2026-02-27,2026-09-02,,1,https://jobs.ashbyhq.com/baseten/d073254f-729c-471e-9a33-520358ead183,ashby:baseten
Jobs for Humanity,Artificial Intelligence Manager,data,AI/ML/Data,N/A,"Atlanta, GA",Other,2026-02-24,2026-02-24,2026-09-01,,1,https://jobs.smartrecruiters.com/JobsForHumanity/744000016293725,Simplify
WorldQuant,Software Engineer Intern,swe,,,Hanoi,,2026-02-23,2026-02-23,2026-09-01,,1,https://job-boards.greenhouse.io/worldquant/jobs/4652485006,greenhouse:worldquant
Mercor,Software Engineer Intern,swe,Software,Summer 2027,SF,Other,2026-02-13,2026-02-13,2026-09-17,,1,https://jobs.ashbyhq.com/mercor/de3025e5-10ca-4d55-b688-eff0e647ac8d/application,Simplify
SDSU Research Foundation,Graduate Student ISR Department Lead Systems Engineer - Task,swe,Hardware,N/A,"San Diego, CA",Other,2026-02-12,2026-02-12,2026-09-03,,1,https://careers-sdsurf.icims.com/jobs/20015/job?mobile=true&needsRedirect=false,Simplify
Stripe,"Software Engineer, Internal Systems",swe,,,"Bengaluru, India",,2026-01-28,2026-01-28,2026-09-01,,1,https://stripe.com/jobs/search?gh_jid=7543868,greenhouse:stripe
Palantir,"Software Engineer, Internship",swe,,,"Singapore, Singapore",,2026-01-14,2026-01-14,2026-09-01,,1,https://jobs.lever.co/palantir/3531977a-9b2f-40a0-a486-4eeb38e75fc1,lever:palantir
Waymo,"Senior Software Engineer, Internal Tooling",swe,,,"Mountain View, CA, US",,2026-01-07,2026-01-07,2026-09-09,,1,https://careers.withwaymo.com/jobs?gh_jid=7429795,greenhouse:waymo
Palantir,"Forward Deployed Software Engineer, Internship - US Government",swe,,,"Honolulu, HI",,2025-12-11,2025-12-11,2026-09-01,,1,https://jobs.lever.co/palantir/315f695d-04d1-4a9a-848e-cb2bec7a997e,lever:palantir
Affirm,"Senior Software Engineer, Backend (Post-Purchase International)",swe,,,Remote Poland,,2025-09-12,2025-09-12,2026-09-21,,1,https://job-boards.greenhouse.io/affirm/jobs/7118737003,greenhouse:affirm
Affirm,"Senior Software Engineer, Backend (Post - Purchase International)",swe,,,Remote Spain,,2025-09-12,2025-09-12,2026-09-21,,1,https://job-boards.greenhouse.io/affirm/jobs/7118739003,greenhouse:affirm
Virtu Financial,2027 Internship - Quantitative Researcher (Undergrad),quant,,,New York,,2025-09-12,2025-09-12,2026-09-01,,1,https://job-boards.greenhouse.io/virtu/jobs/8142539002,greenhouse:virtu
Squarepoint Capital,Intern Software Developer - London - 2027,swe,,,London,,2025-09-05,2025-09-05,2026-09-02,,1,https://www.squarepoint-capital.com/open-opportunities?id=7231006&gh_jid=7231006,greenhouse:squarepointcapital
Schonfeld ,Quantitative Research / Developer - Intern,quant,,,"Hong Kong, Hong Kong",,2025-08-22,2025-08-22,2026-09-01,,1,https://job-boards.greenhouse.io/schonfeld/jobs/7185553,greenhouse:schonfeld
Palantir,"Software Engineer, Internship - Production Infrastructure",swe,,,"Seattle, WA",,2025-06-26,2025-06-26,2026-09-01,,1,https://jobs.lever.co/palantir/373367a9-3160-49d8-b7af-2efec062fad1,lever:palantir
Palantir,"Software Engineer, Internship - Infrastructure",swe,,,"New York, NY",,2025-06-26,2025-06-26,2026-09-01,,1,https://jobs.lever.co/palantir/b229baac-494b-4a0d-9a13-2e38806e06f3,lever:palantir
WorldQuant,Quant Developer Intern,quant,,,Singapore,,2025-06-04,2025-06-04,2026-09-01,,1,https://job-boards.greenhouse.io/worldquant/jobs/4572988006,greenhouse:worldquant
Point72 ,Quantitative Research Intern (NLP),quant,,,New York,,2025-05-31,2025-05-31,2026-09-01,,1,https://boards.greenhouse.io/point72/jobs/8018862002?gh_jid=8018862002,greenhouse:point72
Databricks,Staff Software Engineer - Database Engine Internals,swe,,,"Belgrade, Serbia",,2025-05-28,2025-05-28,2026-09-01,,1,https://databricks.com/company/careers/open-positions/job?gh_jid=8012818002,greenhouse:databricks
Databricks,Software Engineer - Database Engine Internals,swe,,,"Belgrade, Serbia",,2025-05-28,2025-05-28,2026-09-01,,1,https://databricks.com/company/careers/open-positions/job?gh_jid=8012658002,greenhouse:databricks
Squarepoint Capital,Intern Software Developer - Singapore - 2027,swe,,,Singapore ,,2024-08-28,2024-08-28,2026-09-02,,1,https://www.squarepoint-capital.com/open-opportunities?id=6201998&gh_jid=6201998,greenhouse:squarepointcapital
Point72 ,Quantitative Researcher Intern,quant,,,New York,,2024-08-15,2024-08-15,2026-09-01,,1,https://boards.greenhouse.io/point72/jobs/7586061002?gh_jid=7586061002,greenhouse:point72
Point72 ,Summer 2027 Quantitative Research Internship,quant,,,New York,,2024-08-15,2024-08-15,2026-09-01,,1,https://boards.greenhouse.io/point72/jobs/7297642002?gh_jid=7297642002,greenhouse:point72
Point72 ,Quantitative Software Developer Intern,quant,,,"New York, London, or Paris",,2024-08-15,2024-08-15,2026-09-01,,1,https://boards.greenhouse.io/point72/jobs/7297666002?gh_jid=7297666002,greenhouse:point72
Point72 ,Machine Learning Researcher - Intern,data,,,New York,,2024-08-15,2024-08-15,2026-09-01,,1,https://boards.greenhouse.io/point72/jobs/7302611002?gh_jid=7302611002,greenhouse:point72
Point72 ,Quantitative Researcher - Intern,quant,,,"London, Paris, Hong Kong, Tokyo",,2024-08-15,2024-08-15,2026-09-01,,1,https://boards.greenhouse.io/point72/jobs/7297657002?gh_jid=7297657002,greenhouse:point72
Point72 ,Quantitative Research Intern,quant,,,"New York, Seattle",,2024-08-15,2024-08-15,2026-09-01,,1,https://boards.greenhouse.io/point72/jobs/7297667002?gh_jid=7297667002,greenhouse:point72
Palantir,"Software Engineer, Internship - Defense Tech",swe,,,"New York, NY",,2024-08-05,2024-08-05,2026-09-01,,1,https://jobs.lever.co/palantir/8bcf4f33-0a79-4248-bbfd-49ac4be9dd8e,lever:palantir
Palantir,"Forward Deployed Software Engineer, Internship - Defense Tech",swe,,,"Washington, D.C.",,2024-08-05,2024-08-05,2026-09-01,,1,https://jobs.lever.co/palantir/cccfe1bd-f15b-4fe5-b044-c793e7961c1b,lever:palantir
Squarepoint Capital,Software Developer - Internal Compute Frameworks (Rust),swe,,,"London, Montreal, Singapore, Warsaw",,2024-05-28,2024-05-28,2026-09-02,,1,https://www.squarepoint-capital.com/open-opportunities?id=5986280&gh_jid=5986280,greenhouse:squarepointcapital
Squarepoint Capital,Software Developer - Internal Compute Frameworks (Python),swe,,,"London, Montreal, Singapore, Warsaw",,2023-12-15,2023-12-15,2026-09-02,,1,https://www.squarepoint-capital.com/open-opportunities?id=4906785&gh_jid=4906785,greenhouse:squarepointcapital
Databricks,PhD GenAI Research Scientist Intern,data,,,"San Francisco, California",,2023-11-07,2023-11-07,2026-09-01,,1,https://databricks.com/company/careers/open-positions/job?gh_jid=7011263002,greenhouse:databricks
WorldQuant,Quantitative Research Intern,quant,,,Beijing OR Shanghai,,2023-08-22,2023-08-22,2026-09-01,,1,https://job-boards.greenhouse.io/worldquant/jobs/4084570006,greenhouse:worldquant
WorldQuant,Data Science Intern,data,,,Beijing OR Shanghai,,2023-08-22,2023-08-22,2026-09-01,,1,https://job-boards.greenhouse.io/worldquant/jobs/4069460006,greenhouse:worldquant
Databricks,Staff Software Engineer - Database Engine Internals,swe,,,"Mountain View, California",,2023-04-13,2023-04-13,2026-09-01,,1,https://databricks.com/company/careers/open-positions/job?gh_jid=6544386002,greenhouse:databricks
Virtu Financial,2027 Internship – Software Engineer,swe,,,Singapore,,2021-09-01,2021-09-01,2026-09-01,,1,https://job-boards.greenhouse.io/virtu/jobs/5513756002,greenhouse:virtu
Palantir,"Forward Deployed Software Engineer, Internship - UK Government",swe,,,"London, United Kingdom",,2021-07-01,2021-07-01,2026-09-01,,1,https://jobs.lever.co/palantir/26e23f5d-083b-45aa-b223-1a6e43d960bf,lever:palantir
Virtu Financial,2027 Internship - Quantitative Trading,quant,,,Singapore,,2021-04-16,2021-04-16,2026-09-01,,1,https://job-boards.greenhouse.io/virtu/jobs/5208637002,greenhouse:virtu
Databricks,Senior Software Engineer - Database Engine Internals,swe,,,"San Francisco, California",,2021-01-27,2021-01-27,2026-09-01,,1,https://databricks.com/company/careers/open-positions/job?gh_jid=5048461002,greenhouse:databricks
